id,anger,disgust,fear,joy,sadness,surprise
chn_test_track_a_00001,1,0,0,0,0,1
chn_test_track_a_00002,0,0,0,1,0,0
chn_test_track_a_00003,1,1,0,0,0,0
chn_test_track_a_00004,0,0,0,0,0,0
chn_test_track_a_00005,0,0,0,0,0,0
chn_test_track_a_00006,0,0,0,0,0,0
chn_test_track_a_00007,0,0,0,0,0,0
chn_test_track_a_00008,1,0,0,0,0,0
chn_test_track_a_00009,0,0,0,1,0,0
chn_test_track_a_00010,0,0,0,0,1,0
chn_test_track_a_00011,0,0,0,0,0,0
chn_test_track_a_00012,0,0,0,1,0,0
chn_test_track_a_00013,1,1,0,0,0,0
chn_test_track_a_00014,1,0,0,0,0,0
chn_test_track_a_00015,0,0,0,0,0,0
chn_test_track_a_00016,0,0,0,0,0,0
chn_test_track_a_00017,0,0,0,0,0,0
chn_test_track_a_00018,0,0,0,0,0,0
chn_test_track_a_00019,0,0,0,0,0,0
chn_test_track_a_00020,1,0,0,0,0,0
chn_test_track_a_00021,0,0,0,1,0,0
chn_test_track_a_00022,0,0,0,1,0,0
chn_test_track_a_00023,1,0,0,0,0,0
chn_test_track_a_00024,0,0,0,0,1,0
chn_test_track_a_00025,0,0,0,1,0,0
chn_test_track_a_00026,0,0,0,0,1,0
chn_test_track_a_00027,1,0,0,0,0,0
chn_test_track_a_00028,1,0,0,0,0,0
chn_test_track_a_00029,1,1,0,0,0,0
chn_test_track_a_00030,1,0,0,0,0,0
chn_test_track_a_00031,1,0,0,0,0,0
chn_test_track_a_00032,0,0,0,0,0,0
chn_test_track_a_00033,1,0,0,0,0,0
chn_test_track_a_00034,0,0,0,0,1,0
chn_test_track_a_00035,1,0,0,0,0,0
chn_test_track_a_00036,1,0,0,0,0,0
chn_test_track_a_00037,0,0,0,0,0,0
chn_test_track_a_00038,0,0,0,1,0,0
chn_test_track_a_00039,0,0,0,0,0,0
chn_test_track_a_00040,0,0,0,0,0,1
chn_test_track_a_00041,1,0,0,0,0,1
chn_test_track_a_00042,1,0,0,0,0,0
chn_test_track_a_00043,0,0,0,0,0,0
chn_test_track_a_00044,1,0,0,0,0,0
chn_test_track_a_00045,0,0,0,1,0,0
chn_test_track_a_00046,1,0,0,0,1,0
chn_test_track_a_00047,0,0,0,1,0,0
chn_test_track_a_00048,0,0,0,0,0,0
chn_test_track_a_00049,1,0,0,0,0,0
chn_test_track_a_00050,0,0,0,0,0,0
chn_test_track_a_00051,1,0,0,0,0,0
chn_test_track_a_00052,1,0,0,0,0,0
chn_test_track_a_00053,0,0,0,0,1,0
chn_test_track_a_00054,0,0,0,0,0,0
chn_test_track_a_00055,0,0,0,1,0,0
chn_test_track_a_00056,1,1,0,0,0,0
chn_test_track_a_00057,0,0,0,1,0,0
chn_test_track_a_00058,0,0,0,0,0,0
chn_test_track_a_00059,0,0,0,0,1,0
chn_test_track_a_00060,0,0,0,0,0,0
chn_test_track_a_00061,1,0,0,0,0,0
chn_test_track_a_00062,1,0,0,0,0,0
chn_test_track_a_00063,0,0,0,0,1,0
chn_test_track_a_00064,0,0,0,0,0,0
chn_test_track_a_00065,0,0,0,0,0,0
chn_test_track_a_00066,1,0,0,0,0,0
chn_test_track_a_00067,0,0,0,0,0,0
chn_test_track_a_00068,1,0,0,0,0,1
chn_test_track_a_00069,0,0,0,1,0,0
chn_test_track_a_00070,0,0,0,0,0,0
chn_test_track_a_00071,0,0,0,0,0,0
chn_test_track_a_00072,1,0,0,0,0,0
chn_test_track_a_00073,0,0,0,1,0,0
chn_test_track_a_00074,0,0,0,0,0,0
chn_test_track_a_00075,0,0,0,0,0,0
chn_test_track_a_00076,0,0,0,0,0,0
chn_test_track_a_00077,0,0,0,0,0,0
chn_test_track_a_00078,0,0,0,0,0,0
chn_test_track_a_00079,1,0,0,0,0,0
chn_test_track_a_00080,1,1,0,0,0,0
chn_test_track_a_00081,0,0,0,0,0,0
chn_test_track_a_00082,0,0,0,0,0,0
chn_test_track_a_00083,1,1,0,0,0,0
chn_test_track_a_00084,1,1,0,0,0,0
chn_test_track_a_00085,0,0,0,0,1,0
chn_test_track_a_00086,0,0,0,1,0,0
chn_test_track_a_00087,0,0,0,1,0,0
chn_test_track_a_00088,0,0,0,1,0,0
chn_test_track_a_00089,1,0,0,0,0,1
chn_test_track_a_00090,0,0,0,1,0,0
chn_test_track_a_00091,0,0,0,0,0,0
chn_test_track_a_00092,1,0,0,0,0,0
chn_test_track_a_00093,1,0,0,0,0,0
chn_test_track_a_00094,0,0,0,1,0,0
chn_test_track_a_00095,1,0,0,0,0,0
chn_test_track_a_00096,1,0,0,0,0,0
chn_test_track_a_00097,0,0,0,0,1,0
chn_test_track_a_00098,1,0,0,0,0,0
chn_test_track_a_00099,0,0,0,0,0,0
chn_test_track_a_00100,1,0,0,0,1,0
chn_test_track_a_00101,1,0,0,0,0,0
chn_test_track_a_00102,0,0,0,1,0,0
chn_test_track_a_00103,1,0,0,0,0,0
chn_test_track_a_00104,0,0,0,0,0,0
chn_test_track_a_00105,1,0,0,0,0,0
chn_test_track_a_00106,1,0,0,0,0,0
chn_test_track_a_00107,0,0,0,0,1,0
chn_test_track_a_00108,1,0,0,0,1,0
chn_test_track_a_00109,1,0,0,0,0,0
chn_test_track_a_00110,1,0,0,0,1,0
chn_test_track_a_00111,1,0,0,0,0,1
chn_test_track_a_00112,1,0,0,0,1,0
chn_test_track_a_00113,1,0,0,0,0,0
chn_test_track_a_00114,0,0,0,0,0,0
chn_test_track_a_00115,1,1,0,0,0,0
chn_test_track_a_00116,0,0,0,0,1,0
chn_test_track_a_00117,0,0,0,0,0,0
chn_test_track_a_00118,0,0,0,0,0,0
chn_test_track_a_00119,1,0,0,0,0,0
chn_test_track_a_00120,1,0,0,0,0,0
chn_test_track_a_00121,0,0,0,0,1,0
chn_test_track_a_00122,0,0,0,0,0,0
chn_test_track_a_00123,0,0,0,0,0,0
chn_test_track_a_00124,1,0,0,0,1,0
chn_test_track_a_00125,0,0,0,1,0,0
chn_test_track_a_00126,0,0,0,0,0,0
chn_test_track_a_00127,0,0,0,1,0,0
chn_test_track_a_00128,0,0,1,0,0,0
chn_test_track_a_00129,1,0,1,0,0,0
chn_test_track_a_00130,0,0,0,0,0,0
chn_test_track_a_00131,0,0,0,0,0,0
chn_test_track_a_00132,1,0,0,0,0,0
chn_test_track_a_00133,0,0,0,0,0,0
chn_test_track_a_00134,0,0,0,0,0,0
chn_test_track_a_00135,1,1,0,0,0,0
chn_test_track_a_00136,0,0,0,0,0,0
chn_test_track_a_00137,0,0,0,0,0,0
chn_test_track_a_00138,0,0,0,0,0,0
chn_test_track_a_00139,1,0,0,0,1,0
chn_test_track_a_00140,0,0,0,1,1,0
chn_test_track_a_00141,0,0,0,0,0,0
chn_test_track_a_00142,1,1,0,0,1,0
chn_test_track_a_00143,0,0,0,0,0,0
chn_test_track_a_00144,0,0,0,1,0,0
chn_test_track_a_00145,1,1,0,0,0,0
chn_test_track_a_00146,1,0,0,0,0,0
chn_test_track_a_00147,0,0,0,1,0,0
chn_test_track_a_00148,0,0,1,0,0,0
chn_test_track_a_00149,0,0,0,0,0,0
chn_test_track_a_00150,1,0,0,0,0,0
chn_test_track_a_00151,1,0,0,0,0,0
chn_test_track_a_00152,1,0,0,0,0,0
chn_test_track_a_00153,1,0,0,0,0,0
chn_test_track_a_00154,0,0,0,1,0,0
chn_test_track_a_00155,0,0,0,1,0,0
chn_test_track_a_00156,0,0,0,0,0,0
chn_test_track_a_00157,0,0,0,0,1,0
chn_test_track_a_00158,0,0,0,1,0,0
chn_test_track_a_00159,0,0,0,0,1,0
chn_test_track_a_00160,0,0,0,1,0,0
chn_test_track_a_00161,1,0,0,0,0,0
chn_test_track_a_00162,1,0,0,0,0,0
chn_test_track_a_00163,1,0,0,0,0,0
chn_test_track_a_00164,0,0,0,1,0,0
chn_test_track_a_00165,0,0,0,1,0,1
chn_test_track_a_00166,0,0,0,0,0,0
chn_test_track_a_00167,0,0,0,0,0,0
chn_test_track_a_00168,0,0,1,0,0,0
chn_test_track_a_00169,1,0,0,0,0,0
chn_test_track_a_00170,1,0,0,0,0,0
chn_test_track_a_00171,0,0,1,1,0,0
chn_test_track_a_00172,0,0,0,1,0,0
chn_test_track_a_00173,0,0,0,0,1,0
chn_test_track_a_00174,0,0,0,0,1,0
chn_test_track_a_00175,1,0,0,0,0,0
chn_test_track_a_00176,1,0,0,0,0,0
chn_test_track_a_00177,0,0,0,1,0,0
chn_test_track_a_00178,1,0,0,0,0,0
chn_test_track_a_00179,1,1,0,0,0,0
chn_test_track_a_00180,0,0,1,0,0,0
chn_test_track_a_00181,0,0,0,1,0,0
chn_test_track_a_00182,0,0,0,0,0,0
chn_test_track_a_00183,1,0,0,0,0,0
chn_test_track_a_00184,1,0,0,0,0,0
chn_test_track_a_00185,0,0,0,0,1,0
chn_test_track_a_00186,0,0,0,1,0,0
chn_test_track_a_00187,1,0,0,0,0,0
chn_test_track_a_00188,0,0,0,0,0,0
chn_test_track_a_00189,0,0,0,0,0,0
chn_test_track_a_00190,0,0,0,1,0,0
chn_test_track_a_00191,0,0,0,0,0,0
chn_test_track_a_00192,1,1,0,0,0,0
chn_test_track_a_00193,1,0,0,0,0,1
chn_test_track_a_00194,1,0,0,0,0,0
chn_test_track_a_00195,1,0,0,0,0,0
chn_test_track_a_00196,0,0,0,0,0,0
chn_test_track_a_00197,0,0,0,0,0,0
chn_test_track_a_00198,0,0,0,1,0,0
chn_test_track_a_00199,0,0,0,0,1,0
chn_test_track_a_00200,1,0,0,0,0,0
chn_test_track_a_00201,1,1,0,0,0,0
chn_test_track_a_00202,1,0,0,0,1,0
chn_test_track_a_00203,0,0,0,1,0,0
chn_test_track_a_00204,0,0,0,0,0,0
chn_test_track_a_00205,1,0,0,0,0,0
chn_test_track_a_00206,0,0,0,1,0,0
chn_test_track_a_00207,0,0,0,0,0,0
chn_test_track_a_00208,1,0,0,0,0,0
chn_test_track_a_00209,0,0,0,0,0,0
chn_test_track_a_00210,0,0,0,0,0,0
chn_test_track_a_00211,0,0,0,0,0,0
chn_test_track_a_00212,0,0,0,0,0,0
chn_test_track_a_00213,0,0,0,0,1,0
chn_test_track_a_00214,0,0,0,0,0,0
chn_test_track_a_00215,0,0,0,1,0,0
chn_test_track_a_00216,1,0,0,0,0,0
chn_test_track_a_00217,1,0,0,0,0,0
chn_test_track_a_00218,1,1,0,0,0,0
chn_test_track_a_00219,0,0,0,1,0,0
chn_test_track_a_00220,0,0,0,1,0,0
chn_test_track_a_00221,0,0,0,0,1,0
chn_test_track_a_00222,1,0,0,0,0,0
chn_test_track_a_00223,1,0,0,0,0,0
chn_test_track_a_00224,0,0,0,0,0,0
chn_test_track_a_00225,1,0,0,0,0,0
chn_test_track_a_00226,1,0,0,1,0,0
chn_test_track_a_00227,1,1,0,0,0,0
chn_test_track_a_00228,0,0,0,0,1,0
chn_test_track_a_00229,1,0,0,0,0,0
chn_test_track_a_00230,0,0,0,0,0,1
chn_test_track_a_00231,0,0,0,0,0,0
chn_test_track_a_00232,0,0,0,1,0,0
chn_test_track_a_00233,1,1,0,0,0,0
chn_test_track_a_00234,0,0,0,1,0,0
chn_test_track_a_00235,1,0,0,0,0,0
chn_test_track_a_00236,1,0,0,0,0,0
chn_test_track_a_00237,1,0,0,0,0,0
chn_test_track_a_00238,0,0,0,0,0,0
chn_test_track_a_00239,0,0,0,1,0,0
chn_test_track_a_00240,1,0,0,0,0,1
chn_test_track_a_00241,1,0,0,0,0,0
chn_test_track_a_00242,0,0,0,0,0,0
chn_test_track_a_00243,1,0,0,0,0,1
chn_test_track_a_00244,1,0,0,0,0,1
chn_test_track_a_00245,1,1,0,0,0,0
chn_test_track_a_00246,1,0,0,0,1,0
chn_test_track_a_00247,0,0,0,0,0,0
chn_test_track_a_00248,0,0,0,1,0,0
chn_test_track_a_00249,1,0,0,0,0,0
chn_test_track_a_00250,0,0,0,0,0,0
chn_test_track_a_00251,0,0,0,0,0,0
chn_test_track_a_00252,1,0,0,0,0,0
chn_test_track_a_00253,1,0,0,0,0,0
chn_test_track_a_00254,0,0,0,0,0,0
chn_test_track_a_00255,1,0,0,0,0,1
chn_test_track_a_00256,1,1,0,0,0,0
chn_test_track_a_00257,1,0,0,0,0,0
chn_test_track_a_00258,0,0,0,1,0,0
chn_test_track_a_00259,1,1,0,0,0,1
chn_test_track_a_00260,0,0,0,1,0,0
chn_test_track_a_00261,1,0,0,0,0,0
chn_test_track_a_00262,1,0,0,0,0,0
chn_test_track_a_00263,1,0,0,0,0,0
chn_test_track_a_00264,1,0,0,0,0,0
chn_test_track_a_00265,0,0,0,1,0,0
chn_test_track_a_00266,1,1,0,0,0,0
chn_test_track_a_00267,0,0,0,0,0,0
chn_test_track_a_00268,0,0,0,0,0,0
chn_test_track_a_00269,1,0,0,0,0,0
chn_test_track_a_00270,0,0,0,0,0,0
chn_test_track_a_00271,0,0,0,0,1,0
chn_test_track_a_00272,0,0,0,1,0,0
chn_test_track_a_00273,0,0,0,0,0,0
chn_test_track_a_00274,0,0,0,0,1,0
chn_test_track_a_00275,0,0,0,0,1,0
chn_test_track_a_00276,0,0,0,0,0,0
chn_test_track_a_00277,1,0,0,0,0,0
chn_test_track_a_00278,1,0,0,0,0,0
chn_test_track_a_00279,0,0,0,1,0,0
chn_test_track_a_00280,0,0,0,1,0,0
chn_test_track_a_00281,0,0,0,0,1,0
chn_test_track_a_00282,0,0,0,0,0,0
chn_test_track_a_00283,0,0,0,0,1,0
chn_test_track_a_00284,0,0,0,0,1,0
chn_test_track_a_00285,0,0,0,0,0,0
chn_test_track_a_00286,0,0,0,1,0,0
chn_test_track_a_00287,1,0,0,0,0,0
chn_test_track_a_00288,0,0,0,1,0,0
chn_test_track_a_00289,1,1,0,0,0,0
chn_test_track_a_00290,0,0,0,1,0,0
chn_test_track_a_00291,0,0,0,0,0,0
chn_test_track_a_00292,1,1,0,0,0,0
chn_test_track_a_00293,1,0,0,0,0,0
chn_test_track_a_00294,0,0,0,1,0,0
chn_test_track_a_00295,0,0,0,0,0,1
chn_test_track_a_00296,0,0,0,0,0,0
chn_test_track_a_00297,0,0,0,1,0,0
chn_test_track_a_00298,1,1,0,0,0,0
chn_test_track_a_00299,0,0,0,1,0,0
chn_test_track_a_00300,0,0,0,0,1,0
chn_test_track_a_00301,0,0,0,1,0,0
chn_test_track_a_00302,1,0,0,0,0,0
chn_test_track_a_00303,1,0,0,0,1,0
chn_test_track_a_00304,1,0,0,0,0,0
chn_test_track_a_00305,1,0,1,0,0,0
chn_test_track_a_00306,1,0,0,0,0,0
chn_test_track_a_00307,0,0,0,1,0,0
chn_test_track_a_00308,0,0,0,0,0,0
chn_test_track_a_00309,1,0,0,0,1,0
chn_test_track_a_00310,1,0,0,0,0,0
chn_test_track_a_00311,0,0,0,0,0,0
chn_test_track_a_00312,0,0,0,0,0,0
chn_test_track_a_00313,0,0,0,0,0,0
chn_test_track_a_00314,0,0,0,1,0,0
chn_test_track_a_00315,0,0,0,1,0,0
chn_test_track_a_00316,0,0,0,1,0,0
chn_test_track_a_00317,0,0,0,0,0,0
chn_test_track_a_00318,1,0,0,0,0,0
chn_test_track_a_00319,0,0,0,1,0,0
chn_test_track_a_00320,0,0,0,0,0,0
chn_test_track_a_00321,1,0,0,0,0,0
chn_test_track_a_00322,1,0,0,0,0,0
chn_test_track_a_00323,0,0,0,0,1,0
chn_test_track_a_00324,0,0,0,0,0,0
chn_test_track_a_00325,0,0,0,0,0,0
chn_test_track_a_00326,1,0,0,0,1,0
chn_test_track_a_00327,0,0,0,0,0,0
chn_test_track_a_00328,0,0,0,0,0,0
chn_test_track_a_00329,0,0,0,1,0,0
chn_test_track_a_00330,0,0,0,0,0,0
chn_test_track_a_00331,1,1,0,0,0,0
chn_test_track_a_00332,1,0,0,0,0,0
chn_test_track_a_00333,0,0,0,1,0,0
chn_test_track_a_00334,0,0,0,1,1,0
chn_test_track_a_00335,0,0,0,1,0,0
chn_test_track_a_00336,1,0,0,0,0,0
chn_test_track_a_00337,0,0,0,0,0,0
chn_test_track_a_00338,1,1,0,0,0,0
chn_test_track_a_00339,0,0,0,0,0,0
chn_test_track_a_00340,0,0,1,0,0,0
chn_test_track_a_00341,1,0,0,0,1,0
chn_test_track_a_00342,1,0,0,0,0,0
chn_test_track_a_00343,1,0,0,0,0,0
chn_test_track_a_00344,1,0,0,0,0,0
chn_test_track_a_00345,0,0,0,0,0,0
chn_test_track_a_00346,0,0,0,0,1,0
chn_test_track_a_00347,1,0,0,0,0,0
chn_test_track_a_00348,0,0,0,1,0,0
chn_test_track_a_00349,1,0,0,0,0,0
chn_test_track_a_00350,0,0,0,0,0,0
chn_test_track_a_00351,1,0,0,0,0,0
chn_test_track_a_00352,0,0,0,1,0,0
chn_test_track_a_00353,0,0,0,0,0,0
chn_test_track_a_00354,1,0,0,0,0,0
chn_test_track_a_00355,0,0,0,0,1,0
chn_test_track_a_00356,0,0,0,0,0,0
chn_test_track_a_00357,1,0,0,0,0,1
chn_test_track_a_00358,1,0,0,0,0,0
chn_test_track_a_00359,1,0,0,0,0,0
chn_test_track_a_00360,0,0,0,1,0,0
chn_test_track_a_00361,1,1,0,0,0,0
chn_test_track_a_00362,0,0,0,1,1,0
chn_test_track_a_00363,1,0,0,0,0,0
chn_test_track_a_00364,0,0,0,1,1,0
chn_test_track_a_00365,0,0,0,0,1,0
chn_test_track_a_00366,0,0,0,1,0,0
chn_test_track_a_00367,1,0,0,0,0,0
chn_test_track_a_00368,0,0,0,1,0,0
chn_test_track_a_00369,1,0,0,0,1,0
chn_test_track_a_00370,0,0,0,0,0,0
chn_test_track_a_00371,1,0,0,0,0,0
chn_test_track_a_00372,0,0,0,1,0,0
chn_test_track_a_00373,0,0,0,0,0,0
chn_test_track_a_00374,0,0,0,1,0,0
chn_test_track_a_00375,1,0,0,0,0,0
chn_test_track_a_00376,0,0,0,0,0,0
chn_test_track_a_00377,0,0,0,0,0,0
chn_test_track_a_00378,0,0,0,1,0,0
chn_test_track_a_00379,0,0,0,0,0,0
chn_test_track_a_00380,1,0,0,0,0,0
chn_test_track_a_00381,0,0,0,1,0,0
chn_test_track_a_00382,1,0,0,0,1,0
chn_test_track_a_00383,0,0,0,0,0,0
chn_test_track_a_00384,1,1,0,0,0,0
chn_test_track_a_00385,0,0,0,1,0,0
chn_test_track_a_00386,1,0,0,0,0,0
chn_test_track_a_00387,0,0,0,0,0,0
chn_test_track_a_00388,0,0,0,0,0,0
chn_test_track_a_00389,0,0,0,0,0,1
chn_test_track_a_00390,0,0,0,0,0,0
chn_test_track_a_00391,0,0,0,1,0,0
chn_test_track_a_00392,1,0,0,0,0,0
chn_test_track_a_00393,0,0,0,0,0,0
chn_test_track_a_00394,1,0,0,0,0,0
chn_test_track_a_00395,1,0,0,0,0,0
chn_test_track_a_00396,0,0,0,0,1,0
chn_test_track_a_00397,1,0,0,0,0,0
chn_test_track_a_00398,1,1,1,0,1,0
chn_test_track_a_00399,0,0,0,0,1,0
chn_test_track_a_00400,1,0,0,0,0,1
chn_test_track_a_00401,0,0,0,1,0,0
chn_test_track_a_00402,1,1,0,0,0,0
chn_test_track_a_00403,0,0,0,0,0,0
chn_test_track_a_00404,1,0,0,0,0,1
chn_test_track_a_00405,0,0,0,0,0,0
chn_test_track_a_00406,0,0,0,1,0,0
chn_test_track_a_00407,1,1,0,0,0,0
chn_test_track_a_00408,0,0,0,1,1,0
chn_test_track_a_00409,0,0,0,1,0,0
chn_test_track_a_00410,1,1,0,0,0,0
chn_test_track_a_00411,0,0,0,0,0,0
chn_test_track_a_00412,0,0,0,0,0,0
chn_test_track_a_00413,1,0,0,0,0,0
chn_test_track_a_00414,1,1,0,0,0,0
chn_test_track_a_00415,1,0,0,0,0,0
chn_test_track_a_00416,0,0,0,1,0,0
chn_test_track_a_00417,0,0,0,0,0,0
chn_test_track_a_00418,1,0,0,0,0,0
chn_test_track_a_00419,1,0,1,0,0,0
chn_test_track_a_00420,1,0,0,0,0,0
chn_test_track_a_00421,1,0,0,0,0,0
chn_test_track_a_00422,0,0,0,1,0,0
chn_test_track_a_00423,0,0,0,1,0,0
chn_test_track_a_00424,1,0,0,0,0,0
chn_test_track_a_00425,0,0,0,0,0,0
chn_test_track_a_00426,1,0,0,0,0,0
chn_test_track_a_00427,0,0,0,0,0,0
chn_test_track_a_00428,0,0,0,1,0,0
chn_test_track_a_00429,0,0,0,0,0,1
chn_test_track_a_00430,0,0,0,0,0,0
chn_test_track_a_00431,1,0,0,0,0,0
chn_test_track_a_00432,0,0,0,0,0,0
chn_test_track_a_00433,0,0,0,0,0,0
chn_test_track_a_00434,0,0,0,0,0,0
chn_test_track_a_00435,1,1,0,0,0,0
chn_test_track_a_00436,0,0,0,1,0,0
chn_test_track_a_00437,1,1,0,0,0,0
chn_test_track_a_00438,1,0,0,0,0,0
chn_test_track_a_00439,0,0,0,1,0,0
chn_test_track_a_00440,0,0,0,1,0,0
chn_test_track_a_00441,1,0,0,0,0,0
chn_test_track_a_00442,1,0,0,0,0,0
chn_test_track_a_00443,1,1,0,0,0,0
chn_test_track_a_00444,0,0,0,0,0,0
chn_test_track_a_00445,0,0,0,0,0,0
chn_test_track_a_00446,0,0,0,0,0,0
chn_test_track_a_00447,0,0,0,0,0,0
chn_test_track_a_00448,0,0,0,0,0,0
chn_test_track_a_00449,0,1,0,0,0,0
chn_test_track_a_00450,1,0,0,0,0,0
chn_test_track_a_00451,1,0,0,0,1,0
chn_test_track_a_00452,0,0,0,0,0,0
chn_test_track_a_00453,0,0,0,0,1,0
chn_test_track_a_00454,0,0,0,1,0,0
chn_test_track_a_00455,0,0,0,0,0,0
chn_test_track_a_00456,0,0,0,0,0,0
chn_test_track_a_00457,1,1,0,0,0,0
chn_test_track_a_00458,0,0,0,1,0,0
chn_test_track_a_00459,0,0,0,1,0,0
chn_test_track_a_00460,0,0,0,1,0,0
chn_test_track_a_00461,1,0,0,0,0,1
chn_test_track_a_00462,0,0,0,0,0,0
chn_test_track_a_00463,1,0,0,0,0,0
chn_test_track_a_00464,0,0,0,1,1,0
chn_test_track_a_00465,0,0,0,0,1,0
chn_test_track_a_00466,0,0,0,1,0,0
chn_test_track_a_00467,1,1,0,0,0,0
chn_test_track_a_00468,1,1,0,0,0,1
chn_test_track_a_00469,1,0,0,0,0,0
chn_test_track_a_00470,1,0,0,0,0,0
chn_test_track_a_00471,0,0,0,1,0,0
chn_test_track_a_00472,0,0,0,0,0,0
chn_test_track_a_00473,0,0,0,1,0,0
chn_test_track_a_00474,0,0,0,1,0,0
chn_test_track_a_00475,0,0,0,1,0,0
chn_test_track_a_00476,1,0,0,0,0,0
chn_test_track_a_00477,0,0,0,1,0,0
chn_test_track_a_00478,0,0,0,0,1,0
chn_test_track_a_00479,0,0,0,0,1,0
chn_test_track_a_00480,0,0,0,0,0,0
chn_test_track_a_00481,1,0,0,0,0,0
chn_test_track_a_00482,0,0,0,1,0,0
chn_test_track_a_00483,0,0,0,1,1,0
chn_test_track_a_00484,1,0,0,0,0,0
chn_test_track_a_00485,1,0,0,0,0,0
chn_test_track_a_00486,1,0,0,0,0,0
chn_test_track_a_00487,0,0,0,1,0,0
chn_test_track_a_00488,0,0,0,1,0,0
chn_test_track_a_00489,0,0,0,0,1,0
chn_test_track_a_00490,0,0,0,0,0,0
chn_test_track_a_00491,1,0,0,0,0,0
chn_test_track_a_00492,0,0,0,1,0,0
chn_test_track_a_00493,0,0,0,0,0,0
chn_test_track_a_00494,0,0,0,1,0,0
chn_test_track_a_00495,0,0,0,0,0,0
chn_test_track_a_00496,0,0,0,1,0,0
chn_test_track_a_00497,0,0,0,0,1,0
chn_test_track_a_00498,1,0,0,0,0,0
chn_test_track_a_00499,1,0,0,0,0,0
chn_test_track_a_00500,1,0,0,0,0,0
chn_test_track_a_00501,1,0,0,0,0,0
chn_test_track_a_00502,1,0,0,0,0,0
chn_test_track_a_00503,1,0,0,0,0,1
chn_test_track_a_00504,1,0,0,0,0,1
chn_test_track_a_00505,1,0,0,0,0,0
chn_test_track_a_00506,1,0,0,0,0,0
chn_test_track_a_00507,0,0,0,0,0,0
chn_test_track_a_00508,1,0,0,0,1,1
chn_test_track_a_00509,0,0,0,1,0,0
chn_test_track_a_00510,0,0,0,0,0,0
chn_test_track_a_00511,0,0,0,0,0,0
chn_test_track_a_00512,1,0,0,0,0,0
chn_test_track_a_00513,0,0,0,0,0,0
chn_test_track_a_00514,1,0,0,0,0,0
chn_test_track_a_00515,0,0,0,0,0,0
chn_test_track_a_00516,0,0,0,1,0,0
chn_test_track_a_00517,1,0,0,0,0,0
chn_test_track_a_00518,0,0,0,0,0,0
chn_test_track_a_00519,0,0,0,0,0,0
chn_test_track_a_00520,0,0,0,0,0,0
chn_test_track_a_00521,1,0,0,0,1,0
chn_test_track_a_00522,0,0,0,1,0,0
chn_test_track_a_00523,0,0,0,1,0,0
chn_test_track_a_00524,0,0,0,0,0,0
chn_test_track_a_00525,0,0,0,0,0,0
chn_test_track_a_00526,0,0,0,1,0,0
chn_test_track_a_00527,1,0,0,0,0,0
chn_test_track_a_00528,0,0,0,0,0,0
chn_test_track_a_00529,1,0,0,0,0,0
chn_test_track_a_00530,1,0,0,0,0,0
chn_test_track_a_00531,0,0,0,0,0,0
chn_test_track_a_00532,1,0,0,0,0,0
chn_test_track_a_00533,0,0,0,0,0,0
chn_test_track_a_00534,1,1,0,0,0,0
chn_test_track_a_00535,0,0,0,1,0,0
chn_test_track_a_00536,0,0,0,0,1,0
chn_test_track_a_00537,1,0,0,0,0,1
chn_test_track_a_00538,0,0,0,0,1,0
chn_test_track_a_00539,1,0,0,0,0,0
chn_test_track_a_00540,0,0,0,0,1,0
chn_test_track_a_00541,0,0,1,0,1,0
chn_test_track_a_00542,1,0,0,0,0,0
chn_test_track_a_00543,1,0,0,0,0,0
chn_test_track_a_00544,1,0,0,0,0,0
chn_test_track_a_00545,0,0,1,0,0,0
chn_test_track_a_00546,1,0,0,0,0,0
chn_test_track_a_00547,1,0,0,0,0,0
chn_test_track_a_00548,0,0,0,1,0,0
chn_test_track_a_00549,1,0,0,0,0,0
chn_test_track_a_00550,0,0,0,0,0,0
chn_test_track_a_00551,0,0,0,0,1,0
chn_test_track_a_00552,1,0,0,0,0,0
chn_test_track_a_00553,1,0,0,0,0,0
chn_test_track_a_00554,0,0,0,0,1,0
chn_test_track_a_00555,1,1,0,0,0,0
chn_test_track_a_00556,1,0,0,0,0,0
chn_test_track_a_00557,0,0,0,1,0,0
chn_test_track_a_00558,1,0,0,0,0,0
chn_test_track_a_00559,0,0,0,0,1,0
chn_test_track_a_00560,1,0,0,0,0,0
chn_test_track_a_00561,1,0,0,0,1,0
chn_test_track_a_00562,0,0,0,0,0,0
chn_test_track_a_00563,1,1,0,0,0,0
chn_test_track_a_00564,0,0,0,0,0,0
chn_test_track_a_00565,0,0,0,1,0,0
chn_test_track_a_00566,0,0,0,1,0,0
chn_test_track_a_00567,1,0,0,0,0,0
chn_test_track_a_00568,1,0,0,0,0,0
chn_test_track_a_00569,1,1,0,0,0,0
chn_test_track_a_00570,1,0,0,0,0,0
chn_test_track_a_00571,0,0,0,0,1,0
chn_test_track_a_00572,0,0,0,0,0,0
chn_test_track_a_00573,0,0,0,0,0,0
chn_test_track_a_00574,0,0,0,1,0,0
chn_test_track_a_00575,1,0,0,0,0,0
chn_test_track_a_00576,0,0,0,0,0,0
chn_test_track_a_00577,0,0,0,0,0,0
chn_test_track_a_00578,1,0,0,0,1,0
chn_test_track_a_00579,0,0,0,1,0,0
chn_test_track_a_00580,1,0,0,0,0,0
chn_test_track_a_00581,0,0,0,0,0,1
chn_test_track_a_00582,0,0,0,1,0,0
chn_test_track_a_00583,0,0,0,1,0,0
chn_test_track_a_00584,1,1,0,0,0,0
chn_test_track_a_00585,0,0,0,0,0,0
chn_test_track_a_00586,1,0,0,0,0,1
chn_test_track_a_00587,1,1,0,0,0,0
chn_test_track_a_00588,1,0,0,0,1,0
chn_test_track_a_00589,0,0,0,0,0,0
chn_test_track_a_00590,1,0,0,0,0,0
chn_test_track_a_00591,1,0,0,0,0,0
chn_test_track_a_00592,1,0,0,0,0,0
chn_test_track_a_00593,0,0,0,0,1,0
chn_test_track_a_00594,0,0,0,1,0,0
chn_test_track_a_00595,0,0,0,0,0,0
chn_test_track_a_00596,1,0,0,0,0,0
chn_test_track_a_00597,1,0,0,0,1,0
chn_test_track_a_00598,1,0,0,0,0,0
chn_test_track_a_00599,1,0,0,0,0,0
chn_test_track_a_00600,1,1,0,0,0,0
chn_test_track_a_00601,0,0,0,0,0,0
chn_test_track_a_00602,1,1,0,0,0,0
chn_test_track_a_00603,1,0,0,0,0,0
chn_test_track_a_00604,0,0,0,0,0,0
chn_test_track_a_00605,0,0,0,0,1,0
chn_test_track_a_00606,1,0,0,0,0,0
chn_test_track_a_00607,1,0,0,0,0,0
chn_test_track_a_00608,0,0,0,0,0,0
chn_test_track_a_00609,0,0,0,1,0,0
chn_test_track_a_00610,0,0,0,0,1,0
chn_test_track_a_00611,1,0,0,0,0,0
chn_test_track_a_00612,0,0,0,1,0,0
chn_test_track_a_00613,1,0,0,0,0,0
chn_test_track_a_00614,0,0,0,1,0,0
chn_test_track_a_00615,1,1,0,0,0,0
chn_test_track_a_00616,0,0,0,0,0,0
chn_test_track_a_00617,1,0,0,0,0,0
chn_test_track_a_00618,0,0,0,1,0,0
chn_test_track_a_00619,1,0,0,0,0,0
chn_test_track_a_00620,0,0,0,1,0,0
chn_test_track_a_00621,1,0,0,0,0,0
chn_test_track_a_00622,0,0,0,0,1,0
chn_test_track_a_00623,0,0,1,0,0,0
chn_test_track_a_00624,1,0,0,0,0,0
chn_test_track_a_00625,0,0,0,1,0,0
chn_test_track_a_00626,1,0,0,0,0,0
chn_test_track_a_00627,0,0,0,1,0,0
chn_test_track_a_00628,0,0,0,0,1,0
chn_test_track_a_00629,0,0,0,0,0,0
chn_test_track_a_00630,0,0,0,0,0,0
chn_test_track_a_00631,0,0,0,1,0,0
chn_test_track_a_00632,1,0,0,0,0,0
chn_test_track_a_00633,1,1,0,0,0,0
chn_test_track_a_00634,1,1,0,0,0,1
chn_test_track_a_00635,0,0,0,1,0,0
chn_test_track_a_00636,0,0,0,0,0,1
chn_test_track_a_00637,1,0,0,0,0,0
chn_test_track_a_00638,0,0,0,0,0,0
chn_test_track_a_00639,0,0,0,1,0,0
chn_test_track_a_00640,1,0,0,0,0,0
chn_test_track_a_00641,0,0,0,1,0,0
chn_test_track_a_00642,0,0,0,0,0,0
chn_test_track_a_00643,1,0,0,0,0,0
chn_test_track_a_00644,1,0,0,0,0,0
chn_test_track_a_00645,1,0,0,0,0,0
chn_test_track_a_00646,1,0,0,0,0,0
chn_test_track_a_00647,1,0,0,0,0,0
chn_test_track_a_00648,1,0,0,0,0,0
chn_test_track_a_00649,0,0,0,0,0,0
chn_test_track_a_00650,1,0,0,0,0,1
chn_test_track_a_00651,0,0,0,0,1,0
chn_test_track_a_00652,1,0,0,0,0,0
chn_test_track_a_00653,1,0,0,0,0,0
chn_test_track_a_00654,0,0,0,0,0,0
chn_test_track_a_00655,0,0,0,0,0,0
chn_test_track_a_00656,0,0,0,1,0,0
chn_test_track_a_00657,0,0,0,1,0,0
chn_test_track_a_00658,0,0,0,0,0,0
chn_test_track_a_00659,1,1,0,0,0,0
chn_test_track_a_00660,0,0,0,0,1,0
chn_test_track_a_00661,0,0,0,0,0,0
chn_test_track_a_00662,0,0,0,1,0,0
chn_test_track_a_00663,1,0,0,0,0,0
chn_test_track_a_00664,0,0,0,0,0,0
chn_test_track_a_00665,0,0,0,0,0,0
chn_test_track_a_00666,0,0,0,1,0,0
chn_test_track_a_00667,1,1,0,0,1,0
chn_test_track_a_00668,0,0,1,0,0,0
chn_test_track_a_00669,1,0,0,0,0,0
chn_test_track_a_00670,0,0,0,1,0,0
chn_test_track_a_00671,1,0,0,0,0,0
chn_test_track_a_00672,0,0,0,1,0,0
chn_test_track_a_00673,1,0,0,0,0,0
chn_test_track_a_00674,1,0,0,0,1,0
chn_test_track_a_00675,1,0,0,0,0,1
chn_test_track_a_00676,0,0,0,1,0,0
chn_test_track_a_00677,0,0,0,0,0,0
chn_test_track_a_00678,0,0,0,0,0,0
chn_test_track_a_00679,0,0,0,1,0,0
chn_test_track_a_00680,0,0,0,1,0,0
chn_test_track_a_00681,0,0,0,0,0,0
chn_test_track_a_00682,0,0,0,0,0,0
chn_test_track_a_00683,1,0,0,0,0,0
chn_test_track_a_00684,0,0,0,1,0,0
chn_test_track_a_00685,1,0,0,0,0,0
chn_test_track_a_00686,0,0,0,1,0,0
chn_test_track_a_00687,1,0,0,0,0,0
chn_test_track_a_00688,1,0,0,0,1,0
chn_test_track_a_00689,1,0,0,0,0,1
chn_test_track_a_00690,0,0,0,0,1,0
chn_test_track_a_00691,1,1,0,0,0,0
chn_test_track_a_00692,0,0,0,1,0,0
chn_test_track_a_00693,0,0,0,0,1,0
chn_test_track_a_00694,1,0,0,0,0,0
chn_test_track_a_00695,1,0,0,0,0,0
chn_test_track_a_00696,0,0,0,0,0,0
chn_test_track_a_00697,0,0,0,1,0,0
chn_test_track_a_00698,1,0,0,0,0,0
chn_test_track_a_00699,0,0,0,0,0,0
chn_test_track_a_00700,0,0,0,0,0,0
chn_test_track_a_00701,1,0,0,0,0,0
chn_test_track_a_00702,0,0,0,1,0,0
chn_test_track_a_00703,0,0,0,1,0,0
chn_test_track_a_00704,0,0,0,0,0,0
chn_test_track_a_00705,0,0,0,0,0,0
chn_test_track_a_00706,1,1,0,0,0,0
chn_test_track_a_00707,0,0,0,1,0,0
chn_test_track_a_00708,0,0,0,1,0,0
chn_test_track_a_00709,0,0,0,1,0,0
chn_test_track_a_00710,0,0,0,0,0,0
chn_test_track_a_00711,1,0,0,0,0,0
chn_test_track_a_00712,1,0,0,0,0,0
chn_test_track_a_00713,1,0,0,0,0,0
chn_test_track_a_00714,1,0,0,0,0,0
chn_test_track_a_00715,0,0,0,0,0,0
chn_test_track_a_00716,0,0,0,0,0,0
chn_test_track_a_00717,1,0,0,0,0,1
chn_test_track_a_00718,0,0,1,0,1,0
chn_test_track_a_00719,1,0,0,0,0,0
chn_test_track_a_00720,0,0,0,0,0,0
chn_test_track_a_00721,0,0,0,0,0,0
chn_test_track_a_00722,1,1,0,0,0,0
chn_test_track_a_00723,1,0,0,0,0,0
chn_test_track_a_00724,1,1,0,0,0,0
chn_test_track_a_00725,0,0,0,0,0,0
chn_test_track_a_00726,1,0,0,0,0,1
chn_test_track_a_00727,0,0,0,1,0,0
chn_test_track_a_00728,1,0,0,0,0,0
chn_test_track_a_00729,0,0,0,1,0,0
chn_test_track_a_00730,0,0,0,0,0,0
chn_test_track_a_00731,0,0,0,0,0,0
chn_test_track_a_00732,1,0,0,0,0,0
chn_test_track_a_00733,1,0,0,0,0,0
chn_test_track_a_00734,1,0,0,0,0,0
chn_test_track_a_00735,1,1,0,0,0,0
chn_test_track_a_00736,1,0,0,0,0,0
chn_test_track_a_00737,1,0,0,0,0,0
chn_test_track_a_00738,0,0,0,0,0,0
chn_test_track_a_00739,1,0,0,0,0,0
chn_test_track_a_00740,0,0,0,0,0,0
chn_test_track_a_00741,1,0,0,0,0,1
chn_test_track_a_00742,1,0,0,0,0,0
chn_test_track_a_00743,1,0,0,0,0,0
chn_test_track_a_00744,1,0,0,0,0,1
chn_test_track_a_00745,0,0,0,1,0,0
chn_test_track_a_00746,0,0,0,0,0,0
chn_test_track_a_00747,1,0,0,0,0,0
chn_test_track_a_00748,0,0,0,0,0,0
chn_test_track_a_00749,0,0,0,1,0,0
chn_test_track_a_00750,1,0,0,0,0,0
chn_test_track_a_00751,1,0,0,0,0,0
chn_test_track_a_00752,0,0,0,0,0,0
chn_test_track_a_00753,1,0,0,0,0,0
chn_test_track_a_00754,0,0,0,1,0,0
chn_test_track_a_00755,1,0,0,0,0,0
chn_test_track_a_00756,0,0,0,1,0,0
chn_test_track_a_00757,0,0,0,1,0,0
chn_test_track_a_00758,0,0,0,1,0,0
chn_test_track_a_00759,0,0,0,1,0,0
chn_test_track_a_00760,1,0,0,0,0,0
chn_test_track_a_00761,1,0,0,0,0,0
chn_test_track_a_00762,1,1,0,0,0,0
chn_test_track_a_00763,1,0,0,0,0,0
chn_test_track_a_00764,0,0,0,0,0,0
chn_test_track_a_00765,0,0,0,1,0,0
chn_test_track_a_00766,1,1,0,0,0,0
chn_test_track_a_00767,1,0,0,0,0,0
chn_test_track_a_00768,1,0,0,0,0,0
chn_test_track_a_00769,0,0,0,0,0,0
chn_test_track_a_00770,0,0,0,0,0,0
chn_test_track_a_00771,0,0,0,0,0,0
chn_test_track_a_00772,1,0,0,0,0,0
chn_test_track_a_00773,1,0,0,0,1,0
chn_test_track_a_00774,0,0,0,0,0,0
chn_test_track_a_00775,0,0,0,1,0,0
chn_test_track_a_00776,0,0,0,0,1,0
chn_test_track_a_00777,1,1,0,0,0,0
chn_test_track_a_00778,0,0,0,0,0,0
chn_test_track_a_00779,1,0,0,0,0,0
chn_test_track_a_00780,0,0,1,0,1,0
chn_test_track_a_00781,0,0,0,1,0,0
chn_test_track_a_00782,1,0,0,0,0,0
chn_test_track_a_00783,0,0,0,0,0,0
chn_test_track_a_00784,1,0,0,0,0,0
chn_test_track_a_00785,1,0,0,0,0,0
chn_test_track_a_00786,1,0,0,0,0,0
chn_test_track_a_00787,0,0,0,0,0,0
chn_test_track_a_00788,1,0,0,0,0,0
chn_test_track_a_00789,0,0,0,0,1,0
chn_test_track_a_00790,0,0,1,1,0,0
chn_test_track_a_00791,0,0,0,0,0,0
chn_test_track_a_00792,1,0,0,0,0,1
chn_test_track_a_00793,0,0,0,0,0,0
chn_test_track_a_00794,0,0,0,1,0,0
chn_test_track_a_00795,0,0,1,0,0,0
chn_test_track_a_00796,1,0,0,0,0,0
chn_test_track_a_00797,0,0,0,0,0,0
chn_test_track_a_00798,1,0,0,0,0,0
chn_test_track_a_00799,0,0,0,0,0,0
chn_test_track_a_00800,0,0,0,0,0,0
chn_test_track_a_00801,1,0,0,0,0,0
chn_test_track_a_00802,0,0,0,1,0,0
chn_test_track_a_00803,0,0,0,0,0,0
chn_test_track_a_00804,0,0,0,0,0,0
chn_test_track_a_00805,0,0,0,0,0,0
chn_test_track_a_00806,0,0,0,0,0,0
chn_test_track_a_00807,1,1,0,0,0,0
chn_test_track_a_00808,1,0,0,0,1,0
chn_test_track_a_00809,0,0,0,1,0,0
chn_test_track_a_00810,0,0,0,1,0,0
chn_test_track_a_00811,1,0,0,0,1,0
chn_test_track_a_00812,1,0,0,0,0,0
chn_test_track_a_00813,0,0,0,0,0,0
chn_test_track_a_00814,0,0,0,0,0,0
chn_test_track_a_00815,1,0,0,0,0,0
chn_test_track_a_00816,1,0,0,0,0,0
chn_test_track_a_00817,1,0,0,0,0,0
chn_test_track_a_00818,0,0,0,0,0,0
chn_test_track_a_00819,0,0,0,0,0,0
chn_test_track_a_00820,0,0,0,0,1,0
chn_test_track_a_00821,1,0,0,0,0,0
chn_test_track_a_00822,1,0,0,0,0,0
chn_test_track_a_00823,0,0,0,0,0,0
chn_test_track_a_00824,1,0,0,0,0,0
chn_test_track_a_00825,0,0,0,0,0,0
chn_test_track_a_00826,1,0,0,0,0,0
chn_test_track_a_00827,0,0,0,1,0,0
chn_test_track_a_00828,0,0,1,0,0,0
chn_test_track_a_00829,1,0,0,0,0,1
chn_test_track_a_00830,1,0,0,0,0,1
chn_test_track_a_00831,1,0,0,0,0,0
chn_test_track_a_00832,0,0,0,0,1,0
chn_test_track_a_00833,1,0,0,0,1,0
chn_test_track_a_00834,1,0,0,0,0,0
chn_test_track_a_00835,0,0,0,0,0,0
chn_test_track_a_00836,0,0,0,1,0,0
chn_test_track_a_00837,0,0,0,0,0,0
chn_test_track_a_00838,0,0,1,0,0,0
chn_test_track_a_00839,0,0,0,0,0,0
chn_test_track_a_00840,0,0,0,0,0,0
chn_test_track_a_00841,1,1,0,0,0,0
chn_test_track_a_00842,1,0,0,0,0,0
chn_test_track_a_00843,0,0,0,1,0,0
chn_test_track_a_00844,1,0,0,0,0,0
chn_test_track_a_00845,0,0,0,0,1,0
chn_test_track_a_00846,1,1,0,0,0,0
chn_test_track_a_00847,1,0,0,0,0,0
chn_test_track_a_00848,1,1,0,0,0,0
chn_test_track_a_00849,0,0,0,0,1,0
chn_test_track_a_00850,0,0,0,1,0,0
chn_test_track_a_00851,0,0,0,0,0,0
chn_test_track_a_00852,0,0,0,1,0,0
chn_test_track_a_00853,0,0,0,1,0,0
chn_test_track_a_00854,1,0,0,0,0,0
chn_test_track_a_00855,1,0,0,0,0,0
chn_test_track_a_00856,0,0,0,1,0,0
chn_test_track_a_00857,0,0,0,1,0,0
chn_test_track_a_00858,1,0,0,0,0,0
chn_test_track_a_00859,1,0,0,0,0,0
chn_test_track_a_00860,1,0,0,0,0,0
chn_test_track_a_00861,1,0,0,0,0,0
chn_test_track_a_00862,0,0,0,1,0,0
chn_test_track_a_00863,0,0,0,0,0,0
chn_test_track_a_00864,1,0,0,0,0,0
chn_test_track_a_00865,0,0,0,0,0,1
chn_test_track_a_00866,0,0,0,0,0,0
chn_test_track_a_00867,0,0,0,0,0,0
chn_test_track_a_00868,1,1,0,0,0,0
chn_test_track_a_00869,1,0,0,0,0,0
chn_test_track_a_00870,1,0,0,0,0,0
chn_test_track_a_00871,0,0,0,1,0,0
chn_test_track_a_00872,0,0,0,0,1,0
chn_test_track_a_00873,1,0,0,0,0,1
chn_test_track_a_00874,0,0,0,1,1,0
chn_test_track_a_00875,0,0,0,1,0,0
chn_test_track_a_00876,1,1,0,0,0,0
chn_test_track_a_00877,0,0,0,0,0,0
chn_test_track_a_00878,0,0,0,0,0,0
chn_test_track_a_00879,0,0,0,0,0,0
chn_test_track_a_00880,0,0,0,0,1,0
chn_test_track_a_00881,0,0,0,0,0,0
chn_test_track_a_00882,0,1,0,0,0,0
chn_test_track_a_00883,0,0,0,0,0,0
chn_test_track_a_00884,1,0,0,0,0,0
chn_test_track_a_00885,0,0,0,0,1,0
chn_test_track_a_00886,0,0,0,0,0,0
chn_test_track_a_00887,1,0,0,0,0,0
chn_test_track_a_00888,0,0,0,1,0,0
chn_test_track_a_00889,0,0,0,1,0,0
chn_test_track_a_00890,0,0,0,1,0,0
chn_test_track_a_00891,1,0,0,0,0,0
chn_test_track_a_00892,0,0,0,1,0,0
chn_test_track_a_00893,1,0,0,0,0,0
chn_test_track_a_00894,0,0,0,1,0,0
chn_test_track_a_00895,1,0,0,0,0,0
chn_test_track_a_00896,0,0,0,1,0,0
chn_test_track_a_00897,0,0,0,1,0,0
chn_test_track_a_00898,1,0,0,0,0,1
chn_test_track_a_00899,0,0,0,0,1,0
chn_test_track_a_00900,0,0,0,0,0,0
chn_test_track_a_00901,0,0,0,1,0,0
chn_test_track_a_00902,0,0,0,1,0,0
chn_test_track_a_00903,0,0,0,1,0,0
chn_test_track_a_00904,1,0,0,0,0,0
chn_test_track_a_00905,0,0,0,0,0,0
chn_test_track_a_00906,0,0,0,1,0,0
chn_test_track_a_00907,1,0,0,0,0,0
chn_test_track_a_00908,1,0,0,0,0,0
chn_test_track_a_00909,0,0,0,0,0,0
chn_test_track_a_00910,1,0,0,0,0,0
chn_test_track_a_00911,0,0,0,1,0,0
chn_test_track_a_00912,0,0,0,0,1,0
chn_test_track_a_00913,1,0,0,0,0,0
chn_test_track_a_00914,0,0,0,0,1,0
chn_test_track_a_00915,1,0,0,0,0,0
chn_test_track_a_00916,1,1,0,0,0,0
chn_test_track_a_00917,0,0,0,0,0,0
chn_test_track_a_00918,1,0,0,0,1,0
chn_test_track_a_00919,1,0,0,0,0,1
chn_test_track_a_00920,1,0,0,0,0,0
chn_test_track_a_00921,0,0,0,0,1,0
chn_test_track_a_00922,1,0,0,0,0,0
chn_test_track_a_00923,0,0,0,0,0,0
chn_test_track_a_00924,1,0,0,0,0,0
chn_test_track_a_00925,0,0,0,0,0,0
chn_test_track_a_00926,0,0,0,0,0,0
chn_test_track_a_00927,1,0,0,0,1,0
chn_test_track_a_00928,0,0,0,0,0,0
chn_test_track_a_00929,1,0,0,0,0,1
chn_test_track_a_00930,0,0,0,0,1,0
chn_test_track_a_00931,1,0,0,0,0,0
chn_test_track_a_00932,1,1,0,0,0,0
chn_test_track_a_00933,1,0,0,1,0,0
chn_test_track_a_00934,0,0,0,0,0,0
chn_test_track_a_00935,0,0,0,0,0,0
chn_test_track_a_00936,1,0,0,0,0,0
chn_test_track_a_00937,1,0,0,0,0,0
chn_test_track_a_00938,0,0,0,1,0,0
chn_test_track_a_00939,1,0,0,0,0,0
chn_test_track_a_00940,1,0,0,0,0,0
chn_test_track_a_00941,1,0,0,0,0,0
chn_test_track_a_00942,0,0,0,0,0,0
chn_test_track_a_00943,1,0,0,0,0,0
chn_test_track_a_00944,1,1,0,0,0,0
chn_test_track_a_00945,1,1,0,0,0,0
chn_test_track_a_00946,1,0,0,0,0,0
chn_test_track_a_00947,1,0,0,0,0,0
chn_test_track_a_00948,0,0,0,0,0,0
chn_test_track_a_00949,0,0,0,1,1,0
chn_test_track_a_00950,1,0,0,0,0,0
chn_test_track_a_00951,1,1,0,0,0,0
chn_test_track_a_00952,0,0,0,0,0,0
chn_test_track_a_00953,1,0,0,0,0,0
chn_test_track_a_00954,0,0,0,0,0,0
chn_test_track_a_00955,0,0,0,1,0,0
chn_test_track_a_00956,0,0,0,0,0,0
chn_test_track_a_00957,0,0,0,0,1,0
chn_test_track_a_00958,0,0,0,1,0,0
chn_test_track_a_00959,1,0,0,0,0,0
chn_test_track_a_00960,0,0,0,0,0,0
chn_test_track_a_00961,1,0,0,0,0,0
chn_test_track_a_00962,0,0,0,1,0,0
chn_test_track_a_00963,0,0,0,0,0,0
chn_test_track_a_00964,0,0,0,1,0,0
chn_test_track_a_00965,0,0,0,1,0,0
chn_test_track_a_00966,1,1,0,0,0,0
chn_test_track_a_00967,0,0,0,0,0,0
chn_test_track_a_00968,0,0,0,0,0,0
chn_test_track_a_00969,1,1,0,0,0,0
chn_test_track_a_00970,1,1,0,0,0,0
chn_test_track_a_00971,0,0,0,1,0,0
chn_test_track_a_00972,0,0,0,0,0,0
chn_test_track_a_00973,0,0,0,0,0,0
chn_test_track_a_00974,0,0,0,0,0,0
chn_test_track_a_00975,1,0,0,0,0,1
chn_test_track_a_00976,1,0,1,0,0,1
chn_test_track_a_00977,1,0,0,0,0,1
chn_test_track_a_00978,1,0,0,0,0,0
chn_test_track_a_00979,1,0,0,0,0,0
chn_test_track_a_00980,1,1,0,0,0,0
chn_test_track_a_00981,0,0,0,1,0,0
chn_test_track_a_00982,1,0,0,0,0,0
chn_test_track_a_00983,1,0,0,0,1,0
chn_test_track_a_00984,0,0,0,0,0,0
chn_test_track_a_00985,0,0,0,0,0,0
chn_test_track_a_00986,1,1,0,0,0,1
chn_test_track_a_00987,0,0,0,0,0,0
chn_test_track_a_00988,0,0,0,1,0,0
chn_test_track_a_00989,0,0,0,1,0,0
chn_test_track_a_00990,1,0,0,0,0,0
chn_test_track_a_00991,0,0,0,1,0,0
chn_test_track_a_00992,1,0,0,0,0,0
chn_test_track_a_00993,1,0,0,0,0,0
chn_test_track_a_00994,1,0,0,0,0,0
chn_test_track_a_00995,0,0,0,0,0,0
chn_test_track_a_00996,0,0,0,0,0,0
chn_test_track_a_00997,1,0,0,0,0,0
chn_test_track_a_00998,0,0,0,0,0,0
chn_test_track_a_00999,1,0,0,0,0,0
chn_test_track_a_01000,1,0,0,0,0,0
chn_test_track_a_01001,0,0,0,0,0,0
chn_test_track_a_01002,0,0,0,0,0,0
chn_test_track_a_01003,0,0,0,1,0,0
chn_test_track_a_01004,0,0,0,0,0,0
chn_test_track_a_01005,0,0,0,0,0,0
chn_test_track_a_01006,0,0,0,1,0,0
chn_test_track_a_01007,0,0,0,0,0,0
chn_test_track_a_01008,0,0,0,0,0,0
chn_test_track_a_01009,0,0,0,0,0,0
chn_test_track_a_01010,1,1,0,0,0,0
chn_test_track_a_01011,0,0,0,0,0,0
chn_test_track_a_01012,0,0,0,1,0,0
chn_test_track_a_01013,1,0,0,0,0,0
chn_test_track_a_01014,1,1,0,0,0,0
chn_test_track_a_01015,1,0,0,0,0,0
chn_test_track_a_01016,0,0,0,0,1,0
chn_test_track_a_01017,0,0,0,0,0,0
chn_test_track_a_01018,1,0,0,0,0,0
chn_test_track_a_01019,0,0,0,0,0,0
chn_test_track_a_01020,0,0,0,1,0,0
chn_test_track_a_01021,1,0,0,0,0,0
chn_test_track_a_01022,0,0,0,1,0,0
chn_test_track_a_01023,1,0,0,0,0,1
chn_test_track_a_01024,0,0,0,0,1,0
chn_test_track_a_01025,1,0,0,0,0,0
chn_test_track_a_01026,1,0,0,0,0,0
chn_test_track_a_01027,1,0,0,0,0,0
chn_test_track_a_01028,0,0,0,0,0,0
chn_test_track_a_01029,0,0,0,0,0,0
chn_test_track_a_01030,0,0,0,1,0,0
chn_test_track_a_01031,0,0,0,1,0,0
chn_test_track_a_01032,1,0,0,0,0,0
chn_test_track_a_01033,0,0,0,0,0,1
chn_test_track_a_01034,1,0,0,0,0,0
chn_test_track_a_01035,0,0,0,0,1,0
chn_test_track_a_01036,1,0,0,0,0,0
chn_test_track_a_01037,0,0,0,0,0,0
chn_test_track_a_01038,1,1,0,0,0,0
chn_test_track_a_01039,1,0,0,0,0,0
chn_test_track_a_01040,1,0,0,0,0,0
chn_test_track_a_01041,1,0,0,0,0,1
chn_test_track_a_01042,0,0,0,1,0,0
chn_test_track_a_01043,1,1,0,0,0,0
chn_test_track_a_01044,0,0,0,0,0,0
chn_test_track_a_01045,1,0,0,0,0,0
chn_test_track_a_01046,0,0,0,1,0,0
chn_test_track_a_01047,0,0,0,1,0,0
chn_test_track_a_01048,0,0,0,0,0,0
chn_test_track_a_01049,0,0,0,0,1,0
chn_test_track_a_01050,1,1,0,0,0,0
chn_test_track_a_01051,0,0,0,0,0,0
chn_test_track_a_01052,0,0,0,0,1,0
chn_test_track_a_01053,0,0,0,0,0,0
chn_test_track_a_01054,0,0,0,0,0,0
chn_test_track_a_01055,0,0,0,0,0,0
chn_test_track_a_01056,1,0,0,0,0,0
chn_test_track_a_01057,1,0,0,0,1,0
chn_test_track_a_01058,1,0,0,0,0,0
chn_test_track_a_01059,1,0,0,0,0,0
chn_test_track_a_01060,0,0,0,0,0,0
chn_test_track_a_01061,0,0,0,0,0,0
chn_test_track_a_01062,0,0,0,1,0,0
chn_test_track_a_01063,0,0,0,1,0,0
chn_test_track_a_01064,1,1,0,0,0,1
chn_test_track_a_01065,0,0,0,1,0,0
chn_test_track_a_01066,0,0,0,1,0,0
chn_test_track_a_01067,0,0,0,0,0,0
chn_test_track_a_01068,1,0,0,0,0,0
chn_test_track_a_01069,0,0,0,1,0,0
chn_test_track_a_01070,1,1,0,0,0,0
chn_test_track_a_01071,0,0,0,0,0,0
chn_test_track_a_01072,0,0,0,1,0,0
chn_test_track_a_01073,0,0,0,0,0,0
chn_test_track_a_01074,0,0,1,0,0,0
chn_test_track_a_01075,0,0,0,0,0,0
chn_test_track_a_01076,0,0,0,1,0,0
chn_test_track_a_01077,0,0,0,0,0,0
chn_test_track_a_01078,0,0,0,0,0,0
chn_test_track_a_01079,1,0,0,1,0,0
chn_test_track_a_01080,1,0,0,0,0,0
chn_test_track_a_01081,1,0,0,0,0,0
chn_test_track_a_01082,1,0,0,0,0,0
chn_test_track_a_01083,0,0,0,0,1,0
chn_test_track_a_01084,0,0,0,1,0,0
chn_test_track_a_01085,0,0,0,0,1,0
chn_test_track_a_01086,1,1,0,0,0,0
chn_test_track_a_01087,1,0,0,0,0,0
chn_test_track_a_01088,0,0,0,1,0,0
chn_test_track_a_01089,0,0,0,1,0,0
chn_test_track_a_01090,0,0,0,0,0,0
chn_test_track_a_01091,0,0,0,1,0,0
chn_test_track_a_01092,1,0,0,0,0,0
chn_test_track_a_01093,0,0,0,0,0,0
chn_test_track_a_01094,1,0,0,0,0,0
chn_test_track_a_01095,0,0,0,1,0,0
chn_test_track_a_01096,0,0,0,0,0,0
chn_test_track_a_01097,1,0,0,0,0,0
chn_test_track_a_01098,1,0,0,0,0,0
chn_test_track_a_01099,0,0,0,0,0,0
chn_test_track_a_01100,0,0,0,0,0,0
chn_test_track_a_01101,0,0,0,0,0,0
chn_test_track_a_01102,1,0,0,0,0,0
chn_test_track_a_01103,0,0,0,1,0,0
chn_test_track_a_01104,0,0,0,0,0,0
chn_test_track_a_01105,0,0,0,0,1,0
chn_test_track_a_01106,1,0,0,0,0,0
chn_test_track_a_01107,1,0,0,0,0,0
chn_test_track_a_01108,1,0,0,0,1,0
chn_test_track_a_01109,0,0,0,0,1,0
chn_test_track_a_01110,1,0,0,0,0,0
chn_test_track_a_01111,0,0,0,1,0,0
chn_test_track_a_01112,1,0,0,0,0,0
chn_test_track_a_01113,1,0,0,0,0,0
chn_test_track_a_01114,1,0,0,1,0,0
chn_test_track_a_01115,1,0,0,0,0,0
chn_test_track_a_01116,1,0,0,0,0,0
chn_test_track_a_01117,1,1,0,0,0,0
chn_test_track_a_01118,0,0,0,1,0,0
chn_test_track_a_01119,1,0,0,0,0,0
chn_test_track_a_01120,0,0,0,0,0,0
chn_test_track_a_01121,1,0,0,0,0,0
chn_test_track_a_01122,1,0,0,0,0,0
chn_test_track_a_01123,1,0,0,0,0,0
chn_test_track_a_01124,0,0,0,0,0,0
chn_test_track_a_01125,1,0,0,0,0,0
chn_test_track_a_01126,0,0,0,1,0,0
chn_test_track_a_01127,0,0,0,0,1,0
chn_test_track_a_01128,1,0,0,0,0,0
chn_test_track_a_01129,1,0,0,0,0,0
chn_test_track_a_01130,1,0,0,0,0,0
chn_test_track_a_01131,1,0,0,0,0,0
chn_test_track_a_01132,1,0,0,0,0,0
chn_test_track_a_01133,1,0,0,0,0,0
chn_test_track_a_01134,1,1,0,0,0,0
chn_test_track_a_01135,0,0,0,1,0,0
chn_test_track_a_01136,0,0,0,1,0,0
chn_test_track_a_01137,1,1,0,0,0,0
chn_test_track_a_01138,1,0,0,0,0,0
chn_test_track_a_01139,0,0,0,1,0,0
chn_test_track_a_01140,1,1,0,0,1,0
chn_test_track_a_01141,1,0,0,0,0,0
chn_test_track_a_01142,1,0,0,0,1,0
chn_test_track_a_01143,1,0,0,0,0,0
chn_test_track_a_01144,1,0,0,0,0,0
chn_test_track_a_01145,1,0,0,0,0,0
chn_test_track_a_01146,1,0,0,0,1,0
chn_test_track_a_01147,0,0,0,0,0,0
chn_test_track_a_01148,1,1,0,0,0,0
chn_test_track_a_01149,1,0,0,0,0,0
chn_test_track_a_01150,0,0,0,0,0,0
chn_test_track_a_01151,1,0,0,0,0,0
chn_test_track_a_01152,1,0,0,0,1,0
chn_test_track_a_01153,0,0,0,1,0,0
chn_test_track_a_01154,1,0,0,0,0,1
chn_test_track_a_01155,1,0,0,0,0,0
chn_test_track_a_01156,0,0,0,1,0,0
chn_test_track_a_01157,1,0,0,0,0,1
chn_test_track_a_01158,1,0,0,0,0,0
chn_test_track_a_01159,1,0,0,0,0,0
chn_test_track_a_01160,0,0,0,1,0,0
chn_test_track_a_01161,1,0,0,0,0,0
chn_test_track_a_01162,1,0,0,0,1,0
chn_test_track_a_01163,0,0,0,1,0,0
chn_test_track_a_01164,0,0,0,0,0,0
chn_test_track_a_01165,1,0,0,0,0,0
chn_test_track_a_01166,0,0,0,0,0,0
chn_test_track_a_01167,0,0,0,0,0,0
chn_test_track_a_01168,1,0,0,0,0,0
chn_test_track_a_01169,1,0,0,0,0,0
chn_test_track_a_01170,0,0,0,0,0,0
chn_test_track_a_01171,0,0,0,0,0,1
chn_test_track_a_01172,0,0,0,0,0,1
chn_test_track_a_01173,1,0,0,0,0,0
chn_test_track_a_01174,0,0,0,1,0,0
chn_test_track_a_01175,0,0,0,0,0,0
chn_test_track_a_01176,0,0,0,0,0,0
chn_test_track_a_01177,1,1,0,0,0,0
chn_test_track_a_01178,1,0,0,0,0,0
chn_test_track_a_01179,1,0,0,0,0,0
chn_test_track_a_01180,0,0,0,0,0,0
chn_test_track_a_01181,0,0,0,0,1,0
chn_test_track_a_01182,0,0,0,0,0,0
chn_test_track_a_01183,0,0,0,0,0,0
chn_test_track_a_01184,1,0,0,0,0,0
chn_test_track_a_01185,1,0,0,0,0,0
chn_test_track_a_01186,1,0,0,0,0,0
chn_test_track_a_01187,0,0,0,0,1,0
chn_test_track_a_01188,1,0,0,0,0,0
chn_test_track_a_01189,0,0,0,0,0,1
chn_test_track_a_01190,0,0,0,0,0,0
chn_test_track_a_01191,1,0,0,0,0,0
chn_test_track_a_01192,1,0,0,0,0,0
chn_test_track_a_01193,1,0,0,0,0,0
chn_test_track_a_01194,0,0,0,0,1,0
chn_test_track_a_01195,1,0,0,0,0,0
chn_test_track_a_01196,0,0,0,0,0,0
chn_test_track_a_01197,0,0,0,1,0,0
chn_test_track_a_01198,0,0,0,1,0,0
chn_test_track_a_01199,1,0,0,0,0,0
chn_test_track_a_01200,0,0,0,0,0,0
chn_test_track_a_01201,1,0,1,0,0,0
chn_test_track_a_01202,0,0,0,1,1,0
chn_test_track_a_01203,1,0,0,0,0,0
chn_test_track_a_01204,1,0,0,0,0,0
chn_test_track_a_01205,1,0,0,0,0,0
chn_test_track_a_01206,1,1,0,0,0,0
chn_test_track_a_01207,0,0,0,1,0,0
chn_test_track_a_01208,0,0,0,1,0,0
chn_test_track_a_01209,0,0,0,1,0,0
chn_test_track_a_01210,0,0,0,1,0,0
chn_test_track_a_01211,1,0,0,0,0,0
chn_test_track_a_01212,1,0,0,0,0,0
chn_test_track_a_01213,0,0,0,1,0,0
chn_test_track_a_01214,1,0,0,0,0,0
chn_test_track_a_01215,0,0,0,1,0,0
chn_test_track_a_01216,0,0,0,1,0,0
chn_test_track_a_01217,1,1,0,0,0,0
chn_test_track_a_01218,1,1,0,0,0,0
chn_test_track_a_01219,1,0,0,0,0,0
chn_test_track_a_01220,1,1,0,0,0,0
chn_test_track_a_01221,1,0,0,0,0,0
chn_test_track_a_01222,0,0,0,1,0,0
chn_test_track_a_01223,0,0,0,0,0,0
chn_test_track_a_01224,1,0,0,0,0,0
chn_test_track_a_01225,0,0,0,0,1,0
chn_test_track_a_01226,0,0,0,0,0,0
chn_test_track_a_01227,0,0,0,0,0,0
chn_test_track_a_01228,0,0,0,1,0,0
chn_test_track_a_01229,1,0,0,0,0,0
chn_test_track_a_01230,0,0,0,0,0,0
chn_test_track_a_01231,0,0,0,0,0,0
chn_test_track_a_01232,1,0,0,0,0,0
chn_test_track_a_01233,1,1,0,0,0,0
chn_test_track_a_01234,1,0,0,0,0,1
chn_test_track_a_01235,1,0,0,0,0,0
chn_test_track_a_01236,1,1,0,0,0,0
chn_test_track_a_01237,1,1,0,0,0,0
chn_test_track_a_01238,0,0,0,1,0,0
chn_test_track_a_01239,0,0,0,0,0,0
chn_test_track_a_01240,0,0,0,1,0,0
chn_test_track_a_01241,0,0,0,0,0,0
chn_test_track_a_01242,0,1,0,0,0,1
chn_test_track_a_01243,0,0,0,0,1,0
chn_test_track_a_01244,1,0,0,0,0,0
chn_test_track_a_01245,0,0,0,0,0,0
chn_test_track_a_01246,0,0,0,1,1,0
chn_test_track_a_01247,0,0,0,1,0,0
chn_test_track_a_01248,1,0,0,0,1,0
chn_test_track_a_01249,1,0,0,0,0,0
chn_test_track_a_01250,0,0,1,0,0,0
chn_test_track_a_01251,1,0,0,0,0,0
chn_test_track_a_01252,1,0,0,0,0,0
chn_test_track_a_01253,1,0,0,0,0,1
chn_test_track_a_01254,0,0,0,0,0,0
chn_test_track_a_01255,0,0,0,0,1,0
chn_test_track_a_01256,0,0,0,1,0,0
chn_test_track_a_01257,1,0,0,0,0,0
chn_test_track_a_01258,1,1,0,0,0,0
chn_test_track_a_01259,1,0,0,0,0,0
chn_test_track_a_01260,1,1,0,0,0,0
chn_test_track_a_01261,1,0,0,0,0,0
chn_test_track_a_01262,1,0,0,0,0,0
chn_test_track_a_01263,1,0,0,0,0,0
chn_test_track_a_01264,0,0,0,1,0,0
chn_test_track_a_01265,1,0,0,0,0,0
chn_test_track_a_01266,0,0,0,1,0,0
chn_test_track_a_01267,0,0,0,0,1,0
chn_test_track_a_01268,1,0,0,0,0,0
chn_test_track_a_01269,1,1,0,0,0,0
chn_test_track_a_01270,1,1,0,0,0,0
chn_test_track_a_01271,1,0,0,0,0,0
chn_test_track_a_01272,1,0,0,0,0,0
chn_test_track_a_01273,0,0,0,1,0,0
chn_test_track_a_01274,0,0,0,0,0,0
chn_test_track_a_01275,1,1,0,0,0,0
chn_test_track_a_01276,1,0,0,0,0,1
chn_test_track_a_01277,0,0,0,0,0,0
chn_test_track_a_01278,0,0,0,1,0,0
chn_test_track_a_01279,0,0,0,0,1,0
chn_test_track_a_01280,1,0,0,0,0,1
chn_test_track_a_01281,0,0,0,1,0,0
chn_test_track_a_01282,1,0,0,0,1,0
chn_test_track_a_01283,1,0,0,0,0,0
chn_test_track_a_01284,1,0,0,0,0,0
chn_test_track_a_01285,0,0,0,0,0,0
chn_test_track_a_01286,1,1,0,0,0,0
chn_test_track_a_01287,0,0,0,0,0,0
chn_test_track_a_01288,0,0,0,0,0,0
chn_test_track_a_01289,1,0,0,0,0,0
chn_test_track_a_01290,1,0,0,0,0,0
chn_test_track_a_01291,1,0,0,0,0,0
chn_test_track_a_01292,0,0,0,1,0,0
chn_test_track_a_01293,0,0,0,1,0,0
chn_test_track_a_01294,1,0,0,0,0,0
chn_test_track_a_01295,0,0,0,1,0,0
chn_test_track_a_01296,0,0,0,1,0,0
chn_test_track_a_01297,1,0,0,0,0,0
chn_test_track_a_01298,0,0,0,1,0,0
chn_test_track_a_01299,1,1,0,1,0,0
chn_test_track_a_01300,0,0,0,1,0,0
chn_test_track_a_01301,1,0,0,0,0,0
chn_test_track_a_01302,0,0,0,0,0,0
chn_test_track_a_01303,0,0,0,0,0,0
chn_test_track_a_01304,1,0,0,0,0,0
chn_test_track_a_01305,1,0,0,0,0,0
chn_test_track_a_01306,0,0,0,1,0,0
chn_test_track_a_01307,0,0,0,0,0,0
chn_test_track_a_01308,0,0,0,0,0,0
chn_test_track_a_01309,0,0,0,0,0,0
chn_test_track_a_01310,1,0,0,0,0,0
chn_test_track_a_01311,1,0,0,0,1,0
chn_test_track_a_01312,0,0,0,0,0,0
chn_test_track_a_01313,0,0,0,0,0,0
chn_test_track_a_01314,1,0,0,0,0,0
chn_test_track_a_01315,1,0,0,0,0,0
chn_test_track_a_01316,1,0,0,0,0,0
chn_test_track_a_01317,0,0,0,0,1,0
chn_test_track_a_01318,1,0,0,0,0,0
chn_test_track_a_01319,1,1,0,0,0,0
chn_test_track_a_01320,0,0,0,1,0,0
chn_test_track_a_01321,0,0,0,0,0,0
chn_test_track_a_01322,0,0,0,0,0,0
chn_test_track_a_01323,1,0,0,0,0,0
chn_test_track_a_01324,0,0,0,0,0,0
chn_test_track_a_01325,0,0,0,0,0,0
chn_test_track_a_01326,1,0,0,0,0,0
chn_test_track_a_01327,0,0,0,0,0,1
chn_test_track_a_01328,0,0,0,0,1,0
chn_test_track_a_01329,0,0,0,0,0,0
chn_test_track_a_01330,1,0,0,0,0,0
chn_test_track_a_01331,1,0,0,0,0,0
chn_test_track_a_01332,1,0,0,0,0,0
chn_test_track_a_01333,1,0,0,0,1,0
chn_test_track_a_01334,0,0,0,0,1,0
chn_test_track_a_01335,0,0,0,1,0,0
chn_test_track_a_01336,0,0,0,0,0,0
chn_test_track_a_01337,0,0,0,1,0,0
chn_test_track_a_01338,1,1,0,0,0,0
chn_test_track_a_01339,1,1,0,0,0,0
chn_test_track_a_01340,1,0,0,0,0,0
chn_test_track_a_01341,1,0,0,0,1,0
chn_test_track_a_01342,0,0,0,0,1,0
chn_test_track_a_01343,0,0,0,0,0,0
chn_test_track_a_01344,1,0,0,0,0,0
chn_test_track_a_01345,0,0,0,0,0,0
chn_test_track_a_01346,0,0,0,0,0,0
chn_test_track_a_01347,0,0,0,1,0,0
chn_test_track_a_01348,0,0,0,1,0,0
chn_test_track_a_01349,1,0,0,0,0,0
chn_test_track_a_01350,1,0,0,0,1,0
chn_test_track_a_01351,0,0,0,0,0,0
chn_test_track_a_01352,1,0,0,0,0,0
chn_test_track_a_01353,0,0,0,0,0,0
chn_test_track_a_01354,1,1,0,0,0,0
chn_test_track_a_01355,1,0,0,0,0,0
chn_test_track_a_01356,0,0,0,1,1,0
chn_test_track_a_01357,0,0,0,0,0,0
chn_test_track_a_01358,1,1,0,0,0,0
chn_test_track_a_01359,0,0,0,0,0,0
chn_test_track_a_01360,0,0,0,0,0,0
chn_test_track_a_01361,0,0,0,0,0,0
chn_test_track_a_01362,0,0,0,0,0,0
chn_test_track_a_01363,0,0,0,0,0,0
chn_test_track_a_01364,0,0,0,0,0,1
chn_test_track_a_01365,1,0,0,0,0,0
chn_test_track_a_01366,0,0,0,0,0,0
chn_test_track_a_01367,1,0,0,0,0,0
chn_test_track_a_01368,0,0,0,0,0,0
chn_test_track_a_01369,1,0,0,0,0,0
chn_test_track_a_01370,0,0,0,0,1,0
chn_test_track_a_01371,1,0,0,0,0,0
chn_test_track_a_01372,1,0,0,0,0,0
chn_test_track_a_01373,0,0,0,1,1,0
chn_test_track_a_01374,0,0,0,1,0,0
chn_test_track_a_01375,1,0,0,0,0,0
chn_test_track_a_01376,1,0,0,0,0,1
chn_test_track_a_01377,0,0,1,0,0,0
chn_test_track_a_01378,0,0,0,0,0,0
chn_test_track_a_01379,0,0,0,0,0,0
chn_test_track_a_01380,0,0,0,0,0,0
chn_test_track_a_01381,1,1,0,0,0,0
chn_test_track_a_01382,0,0,0,1,0,0
chn_test_track_a_01383,0,0,0,0,1,0
chn_test_track_a_01384,1,0,0,0,0,0
chn_test_track_a_01385,0,0,0,0,0,0
chn_test_track_a_01386,1,1,0,0,0,0
chn_test_track_a_01387,1,0,0,0,0,0
chn_test_track_a_01388,1,1,0,0,0,0
chn_test_track_a_01389,0,0,0,0,0,0
chn_test_track_a_01390,0,0,0,0,0,0
chn_test_track_a_01391,0,0,0,0,1,0
chn_test_track_a_01392,1,0,0,0,1,0
chn_test_track_a_01393,0,0,0,0,1,0
chn_test_track_a_01394,1,0,0,0,0,1
chn_test_track_a_01395,1,0,0,0,0,0
chn_test_track_a_01396,1,0,0,1,0,0
chn_test_track_a_01397,1,0,0,0,0,0
chn_test_track_a_01398,1,0,0,0,0,0
chn_test_track_a_01399,0,0,0,0,0,0
chn_test_track_a_01400,1,1,0,0,0,0
chn_test_track_a_01401,0,0,0,0,0,0
chn_test_track_a_01402,0,0,0,1,0,0
chn_test_track_a_01403,0,0,0,0,0,0
chn_test_track_a_01404,0,0,0,0,0,0
chn_test_track_a_01405,1,0,0,0,0,0
chn_test_track_a_01406,1,0,0,0,0,0
chn_test_track_a_01407,0,0,0,0,0,0
chn_test_track_a_01408,1,0,0,0,0,0
chn_test_track_a_01409,0,0,0,0,0,0
chn_test_track_a_01410,1,0,0,0,0,0
chn_test_track_a_01411,0,0,0,0,1,0
chn_test_track_a_01412,0,0,0,1,0,0
chn_test_track_a_01413,0,0,0,0,0,0
chn_test_track_a_01414,0,0,0,0,1,0
chn_test_track_a_01415,0,0,0,0,0,0
chn_test_track_a_01416,1,0,0,0,0,0
chn_test_track_a_01417,0,0,0,0,1,0
chn_test_track_a_01418,0,0,0,1,0,0
chn_test_track_a_01419,1,0,0,0,0,0
chn_test_track_a_01420,0,0,0,1,0,0
chn_test_track_a_01421,0,0,0,1,0,0
chn_test_track_a_01422,0,0,0,0,0,0
chn_test_track_a_01423,0,0,0,0,0,0
chn_test_track_a_01424,0,0,0,1,0,0
chn_test_track_a_01425,0,0,0,0,0,0
chn_test_track_a_01426,0,0,0,0,0,0
chn_test_track_a_01427,0,0,0,1,0,0
chn_test_track_a_01428,0,0,0,1,0,0
chn_test_track_a_01429,1,0,0,0,0,0
chn_test_track_a_01430,0,0,0,0,1,0
chn_test_track_a_01431,1,0,0,0,0,0
chn_test_track_a_01432,0,0,0,1,0,0
chn_test_track_a_01433,0,0,0,1,0,0
chn_test_track_a_01434,0,0,0,0,0,0
chn_test_track_a_01435,0,0,0,0,0,0
chn_test_track_a_01436,0,0,0,0,0,1
chn_test_track_a_01437,1,0,0,0,0,0
chn_test_track_a_01438,1,0,0,0,0,0
chn_test_track_a_01439,0,0,0,0,0,0
chn_test_track_a_01440,1,0,0,0,0,0
chn_test_track_a_01441,1,0,0,0,0,0
chn_test_track_a_01442,1,1,0,0,0,0
chn_test_track_a_01443,1,1,0,0,0,0
chn_test_track_a_01444,0,0,0,0,0,0
chn_test_track_a_01445,1,0,0,0,0,0
chn_test_track_a_01446,0,0,0,1,0,0
chn_test_track_a_01447,1,0,0,0,0,0
chn_test_track_a_01448,1,0,0,0,0,1
chn_test_track_a_01449,1,0,0,0,0,0
chn_test_track_a_01450,1,1,0,0,0,0
chn_test_track_a_01451,1,0,0,0,0,0
chn_test_track_a_01452,1,0,0,0,0,0
chn_test_track_a_01453,0,0,0,1,0,0
chn_test_track_a_01454,0,0,0,0,1,0
chn_test_track_a_01455,1,1,0,0,0,0
chn_test_track_a_01456,0,0,0,0,0,0
chn_test_track_a_01457,1,1,0,0,0,0
chn_test_track_a_01458,1,1,0,0,0,0
chn_test_track_a_01459,0,0,0,0,0,1
chn_test_track_a_01460,0,0,0,0,0,0
chn_test_track_a_01461,1,0,0,0,0,0
chn_test_track_a_01462,0,0,0,1,0,0
chn_test_track_a_01463,1,1,0,0,0,0
chn_test_track_a_01464,1,1,0,0,0,0
chn_test_track_a_01465,0,0,0,0,0,0
chn_test_track_a_01466,1,0,0,0,0,0
chn_test_track_a_01467,0,0,0,0,0,0
chn_test_track_a_01468,0,0,0,0,1,0
chn_test_track_a_01469,0,0,0,0,0,0
chn_test_track_a_01470,1,1,0,0,0,0
chn_test_track_a_01471,1,0,0,0,0,0
chn_test_track_a_01472,1,0,0,0,1,0
chn_test_track_a_01473,0,0,0,0,0,0
chn_test_track_a_01474,1,0,0,0,0,0
chn_test_track_a_01475,0,0,0,0,0,0
chn_test_track_a_01476,1,0,0,0,0,0
chn_test_track_a_01477,1,0,0,0,0,0
chn_test_track_a_01478,1,0,0,0,0,0
chn_test_track_a_01479,0,0,0,1,0,0
chn_test_track_a_01480,1,1,0,0,0,0
chn_test_track_a_01481,1,0,0,0,0,0
chn_test_track_a_01482,1,0,0,0,0,0
chn_test_track_a_01483,0,0,0,0,1,0
chn_test_track_a_01484,0,0,0,1,0,0
chn_test_track_a_01485,1,1,0,0,0,0
chn_test_track_a_01486,1,0,0,0,0,0
chn_test_track_a_01487,0,0,0,1,0,0
chn_test_track_a_01488,1,1,0,0,0,0
chn_test_track_a_01489,1,0,0,0,0,0
chn_test_track_a_01490,1,0,0,0,0,0
chn_test_track_a_01491,1,1,0,0,0,0
chn_test_track_a_01492,0,0,0,1,0,0
chn_test_track_a_01493,0,0,0,0,0,0
chn_test_track_a_01494,1,0,0,0,0,0
chn_test_track_a_01495,0,0,0,0,1,0
chn_test_track_a_01496,1,1,0,0,0,0
chn_test_track_a_01497,0,0,0,1,0,0
chn_test_track_a_01498,1,0,0,0,0,0
chn_test_track_a_01499,0,0,0,0,0,0
chn_test_track_a_01500,1,0,0,0,0,0
chn_test_track_a_01501,1,0,0,0,0,0
chn_test_track_a_01502,0,0,0,0,0,0
chn_test_track_a_01503,0,0,0,1,0,0
chn_test_track_a_01504,0,0,0,1,0,0
chn_test_track_a_01505,0,0,0,0,0,0
chn_test_track_a_01506,0,0,0,1,0,0
chn_test_track_a_01507,0,0,0,1,0,0
chn_test_track_a_01508,1,1,0,0,0,1
chn_test_track_a_01509,0,0,0,0,0,0
chn_test_track_a_01510,0,0,0,0,0,0
chn_test_track_a_01511,0,0,0,1,0,0
chn_test_track_a_01512,0,0,0,0,0,0
chn_test_track_a_01513,1,0,0,0,0,0
chn_test_track_a_01514,0,0,0,1,0,0
chn_test_track_a_01515,1,0,0,0,0,0
chn_test_track_a_01516,1,1,0,0,0,0
chn_test_track_a_01517,0,0,0,0,0,0
chn_test_track_a_01518,1,0,0,0,0,0
chn_test_track_a_01519,1,1,0,0,0,1
chn_test_track_a_01520,1,0,0,0,0,0
chn_test_track_a_01521,0,0,0,0,1,0
chn_test_track_a_01522,1,0,0,0,0,0
chn_test_track_a_01523,0,0,0,0,1,0
chn_test_track_a_01524,1,1,0,0,0,0
chn_test_track_a_01525,1,0,0,0,0,0
chn_test_track_a_01526,0,0,0,0,1,0
chn_test_track_a_01527,1,1,0,0,0,0
chn_test_track_a_01528,1,1,0,0,0,0
chn_test_track_a_01529,1,1,0,0,0,0
chn_test_track_a_01530,0,0,0,0,0,0
chn_test_track_a_01531,0,0,0,1,0,0
chn_test_track_a_01532,1,0,0,0,0,0
chn_test_track_a_01533,0,0,0,0,0,0
chn_test_track_a_01534,1,0,0,0,0,0
chn_test_track_a_01535,0,0,0,1,0,0
chn_test_track_a_01536,0,0,0,0,0,0
chn_test_track_a_01537,0,0,0,0,0,1
chn_test_track_a_01538,1,0,0,0,0,0
chn_test_track_a_01539,1,0,0,0,0,0
chn_test_track_a_01540,0,0,0,1,0,0
chn_test_track_a_01541,1,0,0,0,0,0
chn_test_track_a_01542,1,0,0,0,0,0
chn_test_track_a_01543,0,0,0,0,0,0
chn_test_track_a_01544,0,0,0,0,0,0
chn_test_track_a_01545,1,0,0,0,1,0
chn_test_track_a_01546,0,0,0,1,0,0
chn_test_track_a_01547,0,0,0,0,0,0
chn_test_track_a_01548,0,0,0,1,0,0
chn_test_track_a_01549,0,0,0,0,0,0
chn_test_track_a_01550,0,0,0,0,0,0
chn_test_track_a_01551,1,1,0,0,0,0
chn_test_track_a_01552,0,0,0,0,0,0
chn_test_track_a_01553,0,0,0,0,0,0
chn_test_track_a_01554,0,0,0,0,0,0
chn_test_track_a_01555,0,0,0,1,0,0
chn_test_track_a_01556,0,0,0,0,0,0
chn_test_track_a_01557,0,0,0,0,0,0
chn_test_track_a_01558,1,0,0,0,0,0
chn_test_track_a_01559,1,0,0,0,0,0
chn_test_track_a_01560,0,0,0,0,0,0
chn_test_track_a_01561,1,0,0,0,0,0
chn_test_track_a_01562,1,0,0,0,0,0
chn_test_track_a_01563,0,0,0,0,0,0
chn_test_track_a_01564,0,0,0,0,0,0
chn_test_track_a_01565,1,0,0,0,0,0
chn_test_track_a_01566,1,0,0,0,0,0
chn_test_track_a_01567,1,0,0,0,1,0
chn_test_track_a_01568,0,0,0,0,0,0
chn_test_track_a_01569,0,0,0,1,0,0
chn_test_track_a_01570,0,0,0,0,0,0
chn_test_track_a_01571,1,0,0,0,0,0
chn_test_track_a_01572,1,0,0,0,0,0
chn_test_track_a_01573,1,0,0,0,0,0
chn_test_track_a_01574,1,1,0,0,0,0
chn_test_track_a_01575,0,0,0,1,0,0
chn_test_track_a_01576,0,0,0,0,0,0
chn_test_track_a_01577,1,0,0,0,0,0
chn_test_track_a_01578,1,0,0,0,0,0
chn_test_track_a_01579,0,0,0,0,0,0
chn_test_track_a_01580,0,0,0,1,0,0
chn_test_track_a_01581,0,0,0,0,0,0
chn_test_track_a_01582,0,0,0,0,0,0
chn_test_track_a_01583,0,0,0,0,0,0
chn_test_track_a_01584,1,0,0,0,0,0
chn_test_track_a_01585,1,0,0,0,0,0
chn_test_track_a_01586,1,0,0,0,1,0
chn_test_track_a_01587,1,0,0,0,0,0
chn_test_track_a_01588,0,0,0,1,0,0
chn_test_track_a_01589,0,0,0,0,0,0
chn_test_track_a_01590,0,0,0,1,0,0
chn_test_track_a_01591,1,0,0,0,0,0
chn_test_track_a_01592,0,0,0,0,0,0
chn_test_track_a_01593,0,0,0,0,0,0
chn_test_track_a_01594,0,0,0,1,0,0
chn_test_track_a_01595,0,0,0,0,0,0
chn_test_track_a_01596,0,0,0,0,1,0
chn_test_track_a_01597,0,0,0,0,0,0
chn_test_track_a_01598,0,0,0,0,0,0
chn_test_track_a_01599,0,0,0,0,0,0
chn_test_track_a_01600,0,0,0,1,0,0
chn_test_track_a_01601,0,0,0,0,0,0
chn_test_track_a_01602,1,0,0,0,0,0
chn_test_track_a_01603,1,0,0,0,0,0
chn_test_track_a_01604,1,0,0,0,0,0
chn_test_track_a_01605,1,0,0,0,0,1
chn_test_track_a_01606,1,0,0,0,0,0
chn_test_track_a_01607,0,0,0,0,0,0
chn_test_track_a_01608,1,0,0,0,0,0
chn_test_track_a_01609,1,0,0,0,0,0
chn_test_track_a_01610,1,0,0,0,0,0
chn_test_track_a_01611,0,0,0,0,0,0
chn_test_track_a_01612,0,0,0,0,0,0
chn_test_track_a_01613,0,0,0,0,0,0
chn_test_track_a_01614,0,0,0,1,0,0
chn_test_track_a_01615,0,0,0,0,0,0
chn_test_track_a_01616,0,0,0,0,0,0
chn_test_track_a_01617,1,0,0,0,0,0
chn_test_track_a_01618,0,0,0,1,0,0
chn_test_track_a_01619,0,0,0,1,0,0
chn_test_track_a_01620,0,0,0,1,0,0
chn_test_track_a_01621,0,0,0,1,0,0
chn_test_track_a_01622,1,0,0,0,0,0
chn_test_track_a_01623,0,0,0,1,0,0
chn_test_track_a_01624,1,0,0,0,0,0
chn_test_track_a_01625,1,0,0,0,0,0
chn_test_track_a_01626,0,0,0,1,0,0
chn_test_track_a_01627,1,0,0,0,0,0
chn_test_track_a_01628,1,1,0,0,0,0
chn_test_track_a_01629,1,0,0,0,0,0
chn_test_track_a_01630,0,0,0,1,0,0
chn_test_track_a_01631,1,0,0,0,0,0
chn_test_track_a_01632,0,0,0,1,0,0
chn_test_track_a_01633,0,0,0,0,0,0
chn_test_track_a_01634,1,0,0,0,0,0
chn_test_track_a_01635,0,0,0,0,0,0
chn_test_track_a_01636,1,0,0,0,0,0
chn_test_track_a_01637,0,0,0,0,0,0
chn_test_track_a_01638,1,0,0,0,0,1
chn_test_track_a_01639,0,0,0,0,0,0
chn_test_track_a_01640,0,0,0,1,0,0
chn_test_track_a_01641,0,0,0,0,0,0
chn_test_track_a_01642,0,0,0,1,1,0
chn_test_track_a_01643,0,0,0,0,0,1
chn_test_track_a_01644,0,0,0,1,0,0
chn_test_track_a_01645,1,0,0,0,0,0
chn_test_track_a_01646,0,0,0,1,0,0
chn_test_track_a_01647,1,0,0,0,0,0
chn_test_track_a_01648,1,0,0,0,0,0
chn_test_track_a_01649,0,0,0,0,0,0
chn_test_track_a_01650,0,0,0,0,0,0
chn_test_track_a_01651,1,0,0,0,0,0
chn_test_track_a_01652,1,1,0,0,0,0
chn_test_track_a_01653,1,0,0,0,0,0
chn_test_track_a_01654,1,0,0,0,0,0
chn_test_track_a_01655,1,0,0,0,0,0
chn_test_track_a_01656,1,0,0,0,0,0
chn_test_track_a_01657,0,0,0,0,0,0
chn_test_track_a_01658,1,0,0,0,0,0
chn_test_track_a_01659,0,0,0,0,0,0
chn_test_track_a_01660,1,1,0,0,0,0
chn_test_track_a_01661,1,0,0,0,1,0
chn_test_track_a_01662,1,1,0,0,0,0
chn_test_track_a_01663,0,0,0,1,0,0
chn_test_track_a_01664,0,0,0,1,0,0
chn_test_track_a_01665,0,0,0,1,1,0
chn_test_track_a_01666,1,0,0,0,1,0
chn_test_track_a_01667,0,0,0,0,1,0
chn_test_track_a_01668,1,0,0,0,0,0
chn_test_track_a_01669,0,0,0,0,0,0
chn_test_track_a_01670,1,1,0,0,0,0
chn_test_track_a_01671,1,0,0,0,0,0
chn_test_track_a_01672,1,0,0,0,0,0
chn_test_track_a_01673,0,0,0,1,0,0
chn_test_track_a_01674,0,0,0,0,0,0
chn_test_track_a_01675,0,0,0,1,0,0
chn_test_track_a_01676,1,1,0,0,0,0
chn_test_track_a_01677,0,0,0,0,0,0
chn_test_track_a_01678,0,0,0,1,0,0
chn_test_track_a_01679,0,0,0,0,0,0
chn_test_track_a_01680,0,0,0,0,0,0
chn_test_track_a_01681,1,1,0,0,0,0
chn_test_track_a_01682,1,1,0,0,0,0
chn_test_track_a_01683,1,0,0,0,0,0
chn_test_track_a_01684,0,0,0,0,0,0
chn_test_track_a_01685,0,0,0,1,0,0
chn_test_track_a_01686,1,1,0,0,0,0
chn_test_track_a_01687,0,0,0,0,0,0
chn_test_track_a_01688,1,0,0,0,0,0
chn_test_track_a_01689,0,0,0,0,0,0
chn_test_track_a_01690,1,1,0,0,0,0
chn_test_track_a_01691,1,1,0,0,0,0
chn_test_track_a_01692,0,0,0,0,0,0
chn_test_track_a_01693,0,0,0,0,0,0
chn_test_track_a_01694,0,0,0,0,0,0
chn_test_track_a_01695,0,0,0,1,0,0
chn_test_track_a_01696,0,0,0,0,0,0
chn_test_track_a_01697,0,0,0,0,0,0
chn_test_track_a_01698,1,0,0,0,0,0
chn_test_track_a_01699,1,1,0,0,0,0
chn_test_track_a_01700,1,0,0,0,0,0
chn_test_track_a_01701,0,0,0,1,0,0
chn_test_track_a_01702,0,0,0,1,1,0
chn_test_track_a_01703,0,0,0,1,0,0
chn_test_track_a_01704,1,0,0,0,0,0
chn_test_track_a_01705,1,0,0,0,0,0
chn_test_track_a_01706,1,1,0,0,0,0
chn_test_track_a_01707,0,0,0,0,0,0
chn_test_track_a_01708,1,0,0,0,0,0
chn_test_track_a_01709,0,0,0,0,0,0
chn_test_track_a_01710,1,0,0,0,0,0
chn_test_track_a_01711,0,0,0,0,0,0
chn_test_track_a_01712,1,0,0,0,0,0
chn_test_track_a_01713,0,0,0,1,0,0
chn_test_track_a_01714,0,0,0,0,0,0
chn_test_track_a_01715,0,0,0,0,0,0
chn_test_track_a_01716,1,0,0,0,0,0
chn_test_track_a_01717,0,0,0,0,0,0
chn_test_track_a_01718,0,0,0,0,0,0
chn_test_track_a_01719,1,0,0,0,0,0
chn_test_track_a_01720,1,0,0,0,0,0
chn_test_track_a_01721,0,0,0,1,1,0
chn_test_track_a_01722,0,0,0,0,0,0
chn_test_track_a_01723,1,1,0,0,0,0
chn_test_track_a_01724,1,0,0,0,0,0
chn_test_track_a_01725,0,0,0,1,0,0
chn_test_track_a_01726,0,1,0,0,0,0
chn_test_track_a_01727,1,0,0,0,0,0
chn_test_track_a_01728,0,0,0,1,0,0
chn_test_track_a_01729,1,0,0,0,0,0
chn_test_track_a_01730,0,0,0,0,0,0
chn_test_track_a_01731,0,0,0,0,1,0
chn_test_track_a_01732,1,0,0,0,0,0
chn_test_track_a_01733,0,0,0,1,0,0
chn_test_track_a_01734,0,0,0,0,0,0
chn_test_track_a_01735,1,0,0,0,0,0
chn_test_track_a_01736,1,0,0,0,1,0
chn_test_track_a_01737,1,0,0,0,0,0
chn_test_track_a_01738,1,0,0,0,0,1
chn_test_track_a_01739,1,0,0,0,0,0
chn_test_track_a_01740,0,0,0,1,0,0
chn_test_track_a_01741,0,0,0,1,1,0
chn_test_track_a_01742,1,1,0,0,0,0
chn_test_track_a_01743,0,0,0,1,0,0
chn_test_track_a_01744,1,0,0,0,0,1
chn_test_track_a_01745,1,0,0,0,0,0
chn_test_track_a_01746,1,0,0,0,0,0
chn_test_track_a_01747,0,0,0,0,0,0
chn_test_track_a_01748,1,0,0,0,0,0
chn_test_track_a_01749,0,0,0,0,0,0
chn_test_track_a_01750,1,0,0,0,0,0
chn_test_track_a_01751,1,0,0,0,0,0
chn_test_track_a_01752,1,1,0,0,0,1
chn_test_track_a_01753,0,0,0,0,0,0
chn_test_track_a_01754,1,1,0,0,0,0
chn_test_track_a_01755,1,0,0,0,0,0
chn_test_track_a_01756,0,0,0,0,1,0
chn_test_track_a_01757,0,0,0,1,0,0
chn_test_track_a_01758,0,0,0,0,0,0
chn_test_track_a_01759,1,0,0,0,0,0
chn_test_track_a_01760,0,0,0,0,0,0
chn_test_track_a_01761,0,0,0,0,0,0
chn_test_track_a_01762,1,0,0,0,0,0
chn_test_track_a_01763,1,0,0,0,0,0
chn_test_track_a_01764,0,0,0,0,1,0
chn_test_track_a_01765,1,0,0,0,0,0
chn_test_track_a_01766,0,0,0,1,1,0
chn_test_track_a_01767,0,0,0,1,0,0
chn_test_track_a_01768,1,0,0,0,0,0
chn_test_track_a_01769,0,0,0,1,0,0
chn_test_track_a_01770,0,0,0,0,0,0
chn_test_track_a_01771,0,0,0,1,0,0
chn_test_track_a_01772,1,0,0,0,0,1
chn_test_track_a_01773,0,0,0,1,0,0
chn_test_track_a_01774,0,0,0,0,0,0
chn_test_track_a_01775,0,0,0,1,0,0
chn_test_track_a_01776,0,0,0,1,0,0
chn_test_track_a_01777,1,0,0,0,0,0
chn_test_track_a_01778,0,0,0,1,0,0
chn_test_track_a_01779,0,0,0,0,0,0
chn_test_track_a_01780,0,0,0,0,0,0
chn_test_track_a_01781,1,0,0,0,0,0
chn_test_track_a_01782,1,1,0,0,0,0
chn_test_track_a_01783,1,1,0,0,0,0
chn_test_track_a_01784,0,0,0,0,0,0
chn_test_track_a_01785,1,0,0,0,0,0
chn_test_track_a_01786,1,0,0,0,1,0
chn_test_track_a_01787,1,1,0,0,0,0
chn_test_track_a_01788,0,1,0,0,0,1
chn_test_track_a_01789,1,0,0,0,0,0
chn_test_track_a_01790,0,0,0,0,1,0
chn_test_track_a_01791,0,0,0,0,0,0
chn_test_track_a_01792,1,0,0,0,0,0
chn_test_track_a_01793,0,0,0,0,0,0
chn_test_track_a_01794,0,0,0,1,0,0
chn_test_track_a_01795,1,0,0,0,0,0
chn_test_track_a_01796,1,0,0,0,0,0
chn_test_track_a_01797,1,0,0,0,0,0
chn_test_track_a_01798,1,0,0,0,0,0
chn_test_track_a_01799,1,0,0,0,0,0
chn_test_track_a_01800,1,0,0,0,0,0
chn_test_track_a_01801,0,0,0,0,1,0
chn_test_track_a_01802,1,0,0,0,0,0
chn_test_track_a_01803,1,0,0,0,0,0
chn_test_track_a_01804,1,0,0,0,0,0
chn_test_track_a_01805,1,0,0,0,0,1
chn_test_track_a_01806,1,0,0,0,0,0
chn_test_track_a_01807,1,0,0,0,0,0
chn_test_track_a_01808,1,0,0,0,1,0
chn_test_track_a_01809,0,0,0,0,1,0
chn_test_track_a_01810,1,0,0,0,0,1
chn_test_track_a_01811,0,0,0,0,0,0
chn_test_track_a_01812,0,0,0,1,0,0
chn_test_track_a_01813,0,0,0,0,0,0
chn_test_track_a_01814,0,0,0,0,1,0
chn_test_track_a_01815,1,0,0,0,0,0
chn_test_track_a_01816,0,0,0,0,1,0
chn_test_track_a_01817,1,0,0,0,0,1
chn_test_track_a_01818,1,0,0,0,0,0
chn_test_track_a_01819,0,0,0,1,0,0
chn_test_track_a_01820,1,0,0,0,0,0
chn_test_track_a_01821,0,0,0,0,1,0
chn_test_track_a_01822,0,0,0,1,1,0
chn_test_track_a_01823,0,0,0,0,1,0
chn_test_track_a_01824,0,0,0,0,0,0
chn_test_track_a_01825,0,0,0,0,0,0
chn_test_track_a_01826,1,0,0,0,0,0
chn_test_track_a_01827,0,0,0,1,0,0
chn_test_track_a_01828,1,0,0,0,0,0
chn_test_track_a_01829,1,0,0,0,0,0
chn_test_track_a_01830,0,0,0,1,0,0
chn_test_track_a_01831,1,0,0,0,0,0
chn_test_track_a_01832,0,0,0,0,0,0
chn_test_track_a_01833,1,0,0,0,0,0
chn_test_track_a_01834,1,1,0,0,0,0
chn_test_track_a_01835,0,0,0,1,0,0
chn_test_track_a_01836,0,0,0,1,0,0
chn_test_track_a_01837,1,0,0,0,0,0
chn_test_track_a_01838,0,0,0,1,0,0
chn_test_track_a_01839,0,0,0,0,0,0
chn_test_track_a_01840,1,0,0,0,0,0
chn_test_track_a_01841,0,0,0,0,0,0
chn_test_track_a_01842,1,0,0,0,0,0
chn_test_track_a_01843,0,0,0,0,0,0
chn_test_track_a_01844,1,0,0,0,0,0
chn_test_track_a_01845,0,0,0,0,0,0
chn_test_track_a_01846,1,0,0,0,0,0
chn_test_track_a_01847,1,0,0,0,1,0
chn_test_track_a_01848,0,1,0,0,1,0
chn_test_track_a_01849,1,0,0,0,0,0
chn_test_track_a_01850,1,0,0,0,0,0
chn_test_track_a_01851,0,0,0,1,0,0
chn_test_track_a_01852,0,0,0,0,0,0
chn_test_track_a_01853,1,1,0,0,0,0
chn_test_track_a_01854,0,0,0,0,0,0
chn_test_track_a_01855,0,0,0,1,0,0
chn_test_track_a_01856,0,0,0,1,0,0
chn_test_track_a_01857,0,0,0,0,0,0
chn_test_track_a_01858,0,0,0,0,0,0
chn_test_track_a_01859,1,1,0,0,0,0
chn_test_track_a_01860,1,0,0,0,1,0
chn_test_track_a_01861,1,1,0,0,0,0
chn_test_track_a_01862,0,0,0,0,0,0
chn_test_track_a_01863,1,1,0,0,0,1
chn_test_track_a_01864,0,0,0,1,0,0
chn_test_track_a_01865,0,0,0,0,1,0
chn_test_track_a_01866,0,0,0,1,1,0
chn_test_track_a_01867,0,0,0,1,0,0
chn_test_track_a_01868,0,0,1,0,0,0
chn_test_track_a_01869,0,0,0,0,0,0
chn_test_track_a_01870,0,0,0,0,1,0
chn_test_track_a_01871,1,0,0,0,0,0
chn_test_track_a_01872,0,0,0,1,0,0
chn_test_track_a_01873,1,0,0,0,0,0
chn_test_track_a_01874,0,0,0,0,0,0
chn_test_track_a_01875,1,1,0,0,0,0
chn_test_track_a_01876,1,0,0,0,0,0
chn_test_track_a_01877,0,0,0,0,0,0
chn_test_track_a_01878,1,1,0,0,0,0
chn_test_track_a_01879,0,0,0,0,0,0
chn_test_track_a_01880,0,0,0,0,0,0
chn_test_track_a_01881,0,0,0,0,1,0
chn_test_track_a_01882,1,0,0,0,0,0
chn_test_track_a_01883,0,0,0,0,0,0
chn_test_track_a_01884,0,0,0,1,0,0
chn_test_track_a_01885,0,0,0,1,1,0
chn_test_track_a_01886,0,0,0,0,0,0
chn_test_track_a_01887,0,0,0,0,0,0
chn_test_track_a_01888,0,0,0,1,0,0
chn_test_track_a_01889,0,0,0,1,0,0
chn_test_track_a_01890,1,1,0,0,0,0
chn_test_track_a_01891,0,0,0,0,1,0
chn_test_track_a_01892,1,0,0,0,1,0
chn_test_track_a_01893,0,0,0,0,0,0
chn_test_track_a_01894,0,0,0,0,0,0
chn_test_track_a_01895,1,0,0,0,1,0
chn_test_track_a_01896,0,0,0,0,0,0
chn_test_track_a_01897,1,1,0,0,0,0
chn_test_track_a_01898,1,0,0,0,0,0
chn_test_track_a_01899,1,0,0,0,0,0
chn_test_track_a_01900,0,0,0,1,0,0
chn_test_track_a_01901,0,0,1,0,0,0
chn_test_track_a_01902,0,0,0,0,0,0
chn_test_track_a_01903,1,0,0,0,0,0
chn_test_track_a_01904,1,0,0,0,0,0
chn_test_track_a_01905,0,0,0,0,0,1
chn_test_track_a_01906,1,0,0,0,0,0
chn_test_track_a_01907,0,0,0,0,0,0
chn_test_track_a_01908,0,0,0,0,1,0
chn_test_track_a_01909,1,0,0,0,0,0
chn_test_track_a_01910,1,0,0,0,0,0
chn_test_track_a_01911,1,0,0,0,0,0
chn_test_track_a_01912,1,1,0,0,0,0
chn_test_track_a_01913,1,0,0,0,0,0
chn_test_track_a_01914,1,0,0,0,0,0
chn_test_track_a_01915,0,0,0,0,0,0
chn_test_track_a_01916,1,0,0,0,0,0
chn_test_track_a_01917,0,0,0,0,1,0
chn_test_track_a_01918,1,0,0,0,0,1
chn_test_track_a_01919,0,0,0,1,0,0
chn_test_track_a_01920,0,0,0,0,0,0
chn_test_track_a_01921,0,0,0,0,0,0
chn_test_track_a_01922,1,1,0,0,0,0
chn_test_track_a_01923,0,0,1,0,0,0
chn_test_track_a_01924,0,0,0,1,0,0
chn_test_track_a_01925,1,0,0,0,0,1
chn_test_track_a_01926,1,1,0,0,0,0
chn_test_track_a_01927,0,0,0,1,0,0
chn_test_track_a_01928,1,0,0,0,0,0
chn_test_track_a_01929,1,0,0,0,0,0
chn_test_track_a_01930,1,0,0,0,0,0
chn_test_track_a_01931,1,0,0,0,0,0
chn_test_track_a_01932,0,0,0,0,0,0
chn_test_track_a_01933,0,0,0,0,0,0
chn_test_track_a_01934,0,0,0,1,0,0
chn_test_track_a_01935,0,0,0,0,0,0
chn_test_track_a_01936,0,0,0,1,0,0
chn_test_track_a_01937,0,0,0,0,0,0
chn_test_track_a_01938,1,0,0,0,0,0
chn_test_track_a_01939,0,0,0,0,0,0
chn_test_track_a_01940,0,0,0,0,0,0
chn_test_track_a_01941,0,0,0,1,0,0
chn_test_track_a_01942,0,0,0,1,0,0
chn_test_track_a_01943,1,1,0,0,0,0
chn_test_track_a_01944,0,0,0,0,1,0
chn_test_track_a_01945,1,0,0,0,0,1
chn_test_track_a_01946,0,0,0,0,0,0
chn_test_track_a_01947,0,0,0,0,1,0
chn_test_track_a_01948,1,0,0,0,0,1
chn_test_track_a_01949,1,0,0,0,1,0
chn_test_track_a_01950,1,1,1,0,0,1
chn_test_track_a_01951,0,0,0,1,0,0
chn_test_track_a_01952,0,0,0,0,0,0
chn_test_track_a_01953,0,1,0,0,0,0
chn_test_track_a_01954,0,0,0,1,0,0
chn_test_track_a_01955,0,0,0,1,0,0
chn_test_track_a_01956,0,0,0,1,0,0
chn_test_track_a_01957,0,0,0,0,0,0
chn_test_track_a_01958,0,0,0,1,0,0
chn_test_track_a_01959,0,0,0,0,1,0
chn_test_track_a_01960,1,0,0,0,0,0
chn_test_track_a_01961,0,0,0,0,0,0
chn_test_track_a_01962,0,0,0,0,1,0
chn_test_track_a_01963,0,0,0,0,0,0
chn_test_track_a_01964,0,0,0,0,0,0
chn_test_track_a_01965,1,0,0,0,0,0
chn_test_track_a_01966,0,0,0,0,0,0
chn_test_track_a_01967,1,0,0,0,0,0
chn_test_track_a_01968,0,0,0,1,0,0
chn_test_track_a_01969,0,0,0,1,0,0
chn_test_track_a_01970,1,0,0,0,0,0
chn_test_track_a_01971,0,0,0,1,0,0
chn_test_track_a_01972,0,0,0,0,0,0
chn_test_track_a_01973,0,0,0,1,0,0
chn_test_track_a_01974,1,0,0,0,0,0
chn_test_track_a_01975,0,0,0,0,0,0
chn_test_track_a_01976,1,0,0,0,0,0
chn_test_track_a_01977,0,0,0,0,1,0
chn_test_track_a_01978,1,0,0,0,0,0
chn_test_track_a_01979,0,0,0,0,0,0
chn_test_track_a_01980,1,0,0,0,0,0
chn_test_track_a_01981,1,0,0,0,0,0
chn_test_track_a_01982,1,0,0,0,0,1
chn_test_track_a_01983,1,0,0,0,0,0
chn_test_track_a_01984,0,0,0,0,1,0
chn_test_track_a_01985,0,0,0,0,1,0
chn_test_track_a_01986,0,0,0,1,1,0
chn_test_track_a_01987,1,0,0,0,0,0
chn_test_track_a_01988,0,0,0,0,1,0
chn_test_track_a_01989,0,0,0,1,0,0
chn_test_track_a_01990,1,0,0,0,0,0
chn_test_track_a_01991,0,0,0,0,1,0
chn_test_track_a_01992,0,0,0,1,0,0
chn_test_track_a_01993,0,0,0,0,0,1
chn_test_track_a_01994,1,0,0,0,0,0
chn_test_track_a_01995,1,0,0,0,0,0
chn_test_track_a_01996,0,0,0,0,0,0
chn_test_track_a_01997,0,0,0,0,1,0
chn_test_track_a_01998,1,0,0,0,0,0
chn_test_track_a_01999,0,0,0,0,1,0
chn_test_track_a_02000,0,0,0,0,0,0
chn_test_track_a_02001,0,0,0,0,0,0
chn_test_track_a_02002,0,0,0,1,0,0
chn_test_track_a_02003,0,0,0,0,1,0
chn_test_track_a_02004,0,0,0,0,0,0
chn_test_track_a_02005,0,0,0,1,0,0
chn_test_track_a_02006,0,0,0,0,0,0
chn_test_track_a_02007,1,0,0,0,0,0
chn_test_track_a_02008,1,0,0,0,0,0
chn_test_track_a_02009,0,0,0,0,0,0
chn_test_track_a_02010,0,0,0,1,0,0
chn_test_track_a_02011,1,0,0,0,0,0
chn_test_track_a_02012,0,0,0,1,0,0
chn_test_track_a_02013,0,0,0,0,0,0
chn_test_track_a_02014,0,0,0,0,0,0
chn_test_track_a_02015,0,0,0,0,0,0
chn_test_track_a_02016,0,0,0,1,0,0
chn_test_track_a_02017,1,0,0,0,0,0
chn_test_track_a_02018,1,0,0,0,0,0
chn_test_track_a_02019,0,0,0,0,0,0
chn_test_track_a_02020,0,0,0,0,0,0
chn_test_track_a_02021,1,0,0,0,0,1
chn_test_track_a_02022,0,0,0,1,0,0
chn_test_track_a_02023,0,0,0,0,0,0
chn_test_track_a_02024,1,0,0,0,0,0
chn_test_track_a_02025,1,0,0,0,0,0
chn_test_track_a_02026,0,0,0,0,0,1
chn_test_track_a_02027,0,0,0,0,0,0
chn_test_track_a_02028,0,0,0,1,1,0
chn_test_track_a_02029,0,0,0,0,1,0
chn_test_track_a_02030,0,0,0,0,0,0
chn_test_track_a_02031,1,0,0,0,0,0
chn_test_track_a_02032,1,0,0,1,0,0
chn_test_track_a_02033,0,0,1,0,0,0
chn_test_track_a_02034,0,0,0,0,0,0
chn_test_track_a_02035,0,0,0,0,1,0
chn_test_track_a_02036,0,0,0,1,0,0
chn_test_track_a_02037,1,0,0,0,0,0
chn_test_track_a_02038,0,0,0,0,0,0
chn_test_track_a_02039,0,0,0,0,0,0
chn_test_track_a_02040,0,0,0,0,0,0
chn_test_track_a_02041,1,0,0,0,0,0
chn_test_track_a_02042,0,0,0,0,0,0
chn_test_track_a_02043,1,0,0,0,0,0
chn_test_track_a_02044,1,0,0,0,0,0
chn_test_track_a_02045,1,0,0,0,0,0
chn_test_track_a_02046,1,0,0,0,0,0
chn_test_track_a_02047,0,0,0,1,0,0
chn_test_track_a_02048,0,0,0,1,0,0
chn_test_track_a_02049,0,0,0,0,0,0
chn_test_track_a_02050,1,0,0,0,0,0
chn_test_track_a_02051,0,0,0,0,0,0
chn_test_track_a_02052,1,0,0,0,0,1
chn_test_track_a_02053,1,0,0,0,0,0
chn_test_track_a_02054,1,0,0,0,0,0
chn_test_track_a_02055,0,0,0,0,0,0
chn_test_track_a_02056,1,0,0,0,0,0
chn_test_track_a_02057,1,0,0,0,0,1
chn_test_track_a_02058,0,0,0,1,0,0
chn_test_track_a_02059,1,0,0,0,0,0
chn_test_track_a_02060,1,0,0,0,0,0
chn_test_track_a_02061,0,0,0,1,0,0
chn_test_track_a_02062,0,0,0,1,0,0
chn_test_track_a_02063,1,0,0,0,0,1
chn_test_track_a_02064,1,0,0,0,0,0
chn_test_track_a_02065,1,0,0,0,0,0
chn_test_track_a_02066,0,0,0,1,0,0
chn_test_track_a_02067,1,0,0,0,0,0
chn_test_track_a_02068,0,0,0,0,1,0
chn_test_track_a_02069,1,0,0,0,0,0
chn_test_track_a_02070,0,0,0,0,0,0
chn_test_track_a_02071,1,0,0,0,0,0
chn_test_track_a_02072,0,0,0,1,0,0
chn_test_track_a_02073,1,0,0,0,0,0
chn_test_track_a_02074,0,0,0,0,0,1
chn_test_track_a_02075,0,0,0,0,0,0
chn_test_track_a_02076,0,0,0,1,0,0
chn_test_track_a_02077,0,0,0,0,1,0
chn_test_track_a_02078,1,0,0,0,0,1
chn_test_track_a_02079,1,0,0,0,0,0
chn_test_track_a_02080,1,0,0,0,0,1
chn_test_track_a_02081,0,0,0,0,0,0
chn_test_track_a_02082,0,0,0,0,0,0
chn_test_track_a_02083,0,0,0,0,0,0
chn_test_track_a_02084,1,0,0,0,0,0
chn_test_track_a_02085,1,0,0,0,0,0
chn_test_track_a_02086,1,0,0,0,0,0
chn_test_track_a_02087,0,0,0,0,0,0
chn_test_track_a_02088,0,0,0,1,0,0
chn_test_track_a_02089,0,0,0,0,1,0
chn_test_track_a_02090,1,0,0,0,0,0
chn_test_track_a_02091,0,0,0,1,0,0
chn_test_track_a_02092,1,1,0,0,0,1
chn_test_track_a_02093,0,0,0,0,1,0
chn_test_track_a_02094,0,0,0,1,0,0
chn_test_track_a_02095,0,0,0,1,0,0
chn_test_track_a_02096,1,1,0,0,0,0
chn_test_track_a_02097,0,0,0,0,0,0
chn_test_track_a_02098,1,0,0,0,0,0
chn_test_track_a_02099,1,0,0,0,0,0
chn_test_track_a_02100,1,0,0,0,0,0
chn_test_track_a_02101,0,0,0,0,0,0
chn_test_track_a_02102,1,0,0,0,0,0
chn_test_track_a_02103,1,1,0,0,0,0
chn_test_track_a_02104,0,0,0,0,0,0
chn_test_track_a_02105,1,0,0,0,0,0
chn_test_track_a_02106,1,0,0,0,0,0
chn_test_track_a_02107,0,0,0,0,1,0
chn_test_track_a_02108,0,0,1,0,1,0
chn_test_track_a_02109,1,0,0,0,0,0
chn_test_track_a_02110,0,0,0,0,0,0
chn_test_track_a_02111,0,0,0,0,0,0
chn_test_track_a_02112,1,0,0,0,0,0
chn_test_track_a_02113,0,0,0,1,0,0
chn_test_track_a_02114,1,1,0,0,0,0
chn_test_track_a_02115,0,0,0,1,0,0
chn_test_track_a_02116,0,0,0,1,0,0
chn_test_track_a_02117,0,0,0,0,0,0
chn_test_track_a_02118,1,0,0,0,0,0
chn_test_track_a_02119,0,0,0,1,0,1
chn_test_track_a_02120,0,0,0,0,0,0
chn_test_track_a_02121,0,0,0,1,0,0
chn_test_track_a_02122,1,0,0,0,0,0
chn_test_track_a_02123,1,0,0,0,0,0
chn_test_track_a_02124,0,0,0,0,0,0
chn_test_track_a_02125,0,0,0,0,0,0
chn_test_track_a_02126,1,0,0,0,0,0
chn_test_track_a_02127,1,0,0,0,0,0
chn_test_track_a_02128,0,0,0,0,0,0
chn_test_track_a_02129,1,0,0,0,0,0
chn_test_track_a_02130,1,0,0,0,1,0
chn_test_track_a_02131,1,0,0,0,1,0
chn_test_track_a_02132,0,0,0,0,0,0
chn_test_track_a_02133,1,1,0,0,0,0
chn_test_track_a_02134,0,0,0,0,1,0
chn_test_track_a_02135,1,0,0,0,0,0
chn_test_track_a_02136,1,0,0,0,0,0
chn_test_track_a_02137,0,0,0,1,0,0
chn_test_track_a_02138,1,0,0,1,0,0
chn_test_track_a_02139,0,0,0,1,0,0
chn_test_track_a_02140,0,0,0,0,0,0
chn_test_track_a_02141,1,0,0,0,0,0
chn_test_track_a_02142,1,0,0,0,1,0
chn_test_track_a_02143,0,0,0,1,0,0
chn_test_track_a_02144,0,0,0,0,0,0
chn_test_track_a_02145,1,0,0,0,0,0
chn_test_track_a_02146,1,0,0,0,0,0
chn_test_track_a_02147,1,0,0,0,0,0
chn_test_track_a_02148,1,0,0,0,0,0
chn_test_track_a_02149,1,1,0,0,0,0
chn_test_track_a_02150,0,0,0,0,0,0
chn_test_track_a_02151,1,1,0,0,0,0
chn_test_track_a_02152,0,0,0,1,0,0
chn_test_track_a_02153,0,0,0,0,0,0
chn_test_track_a_02154,0,0,0,1,0,0
chn_test_track_a_02155,1,1,0,0,0,0
chn_test_track_a_02156,0,1,0,0,0,0
chn_test_track_a_02157,1,0,0,0,0,0
chn_test_track_a_02158,0,0,0,1,1,0
chn_test_track_a_02159,1,0,0,0,0,0
chn_test_track_a_02160,0,1,0,0,1,0
chn_test_track_a_02161,0,0,0,0,0,0
chn_test_track_a_02162,0,0,0,1,0,0
chn_test_track_a_02163,0,0,0,0,0,0
chn_test_track_a_02164,0,0,0,0,0,0
chn_test_track_a_02165,1,1,0,0,0,0
chn_test_track_a_02166,1,0,0,0,0,0
chn_test_track_a_02167,0,0,0,1,0,0
chn_test_track_a_02168,0,0,0,0,0,0
chn_test_track_a_02169,0,0,0,0,0,0
chn_test_track_a_02170,0,0,0,0,0,0
chn_test_track_a_02171,0,0,0,0,1,0
chn_test_track_a_02172,1,0,0,0,0,0
chn_test_track_a_02173,1,1,0,0,0,0
chn_test_track_a_02174,1,0,0,0,0,0
chn_test_track_a_02175,0,0,0,1,0,0
chn_test_track_a_02176,1,0,0,0,0,0
chn_test_track_a_02177,0,0,0,0,0,0
chn_test_track_a_02178,1,0,0,0,0,0
chn_test_track_a_02179,1,0,0,0,0,0
chn_test_track_a_02180,0,0,0,1,0,0
chn_test_track_a_02181,0,0,0,1,1,0
chn_test_track_a_02182,1,0,0,0,0,0
chn_test_track_a_02183,0,0,0,0,0,0
chn_test_track_a_02184,1,0,0,0,0,0
chn_test_track_a_02185,1,0,0,0,0,1
chn_test_track_a_02186,0,0,0,0,0,0
chn_test_track_a_02187,0,0,1,0,0,0
chn_test_track_a_02188,1,0,0,0,0,0
chn_test_track_a_02189,1,1,0,0,0,0
chn_test_track_a_02190,0,1,0,0,0,0
chn_test_track_a_02191,1,0,0,0,0,0
chn_test_track_a_02192,0,0,0,0,0,0
chn_test_track_a_02193,0,0,0,1,0,0
chn_test_track_a_02194,0,0,0,0,0,0
chn_test_track_a_02195,1,0,0,0,0,0
chn_test_track_a_02196,1,1,0,0,0,0
chn_test_track_a_02197,1,0,0,0,0,1
chn_test_track_a_02198,0,0,0,0,0,0
chn_test_track_a_02199,0,0,0,1,0,0
chn_test_track_a_02200,0,0,0,0,0,0
chn_test_track_a_02201,0,0,0,0,0,0
chn_test_track_a_02202,1,0,0,0,0,1
chn_test_track_a_02203,0,0,0,0,0,0
chn_test_track_a_02204,1,0,0,0,0,0
chn_test_track_a_02205,1,0,0,0,0,0
chn_test_track_a_02206,1,0,0,0,0,0
chn_test_track_a_02207,1,0,0,0,0,0
chn_test_track_a_02208,0,0,0,0,0,0
chn_test_track_a_02209,1,0,0,0,0,0
chn_test_track_a_02210,1,1,1,0,0,0
chn_test_track_a_02211,0,0,0,0,0,0
chn_test_track_a_02212,0,0,0,0,0,0
chn_test_track_a_02213,1,0,0,0,0,0
chn_test_track_a_02214,0,0,0,0,1,0
chn_test_track_a_02215,1,0,0,0,0,0
chn_test_track_a_02216,1,0,0,0,0,0
chn_test_track_a_02217,1,0,0,0,0,1
chn_test_track_a_02218,0,0,0,0,0,0
chn_test_track_a_02219,0,0,0,0,0,0
chn_test_track_a_02220,0,0,0,0,0,0
chn_test_track_a_02221,0,0,0,1,1,0
chn_test_track_a_02222,0,0,0,0,0,0
chn_test_track_a_02223,1,0,0,0,0,0
chn_test_track_a_02224,1,0,0,0,0,0
chn_test_track_a_02225,1,1,0,0,0,0
chn_test_track_a_02226,0,0,0,0,0,0
chn_test_track_a_02227,0,0,0,0,0,0
chn_test_track_a_02228,1,0,0,0,0,0
chn_test_track_a_02229,0,0,0,0,0,0
chn_test_track_a_02230,1,0,0,0,0,1
chn_test_track_a_02231,0,0,0,0,0,0
chn_test_track_a_02232,1,0,0,0,0,0
chn_test_track_a_02233,1,1,0,0,0,0
chn_test_track_a_02234,0,0,0,0,0,0
chn_test_track_a_02235,1,0,0,0,0,0
chn_test_track_a_02236,1,1,0,0,1,0
chn_test_track_a_02237,0,0,0,0,0,0
chn_test_track_a_02238,1,0,0,0,0,0
chn_test_track_a_02239,1,1,0,0,0,0
chn_test_track_a_02240,0,0,0,0,0,0
chn_test_track_a_02241,0,0,0,0,0,0
chn_test_track_a_02242,0,0,0,1,0,0
chn_test_track_a_02243,1,0,0,0,0,0
chn_test_track_a_02244,0,0,0,1,0,0
chn_test_track_a_02245,1,0,0,0,0,0
chn_test_track_a_02246,0,0,0,0,1,0
chn_test_track_a_02247,0,0,0,1,0,0
chn_test_track_a_02248,1,1,0,0,0,0
chn_test_track_a_02249,0,0,0,1,0,0
chn_test_track_a_02250,1,0,0,0,0,0
chn_test_track_a_02251,0,0,0,0,0,0
chn_test_track_a_02252,0,0,0,0,0,0
chn_test_track_a_02253,0,0,0,0,0,0
chn_test_track_a_02254,0,0,0,0,0,0
chn_test_track_a_02255,0,0,0,0,0,0
chn_test_track_a_02256,1,0,0,0,0,0
chn_test_track_a_02257,0,0,0,1,0,0
chn_test_track_a_02258,0,0,0,0,0,0
chn_test_track_a_02259,0,0,0,0,0,0
chn_test_track_a_02260,0,0,0,1,0,0
chn_test_track_a_02261,0,0,0,1,0,1
chn_test_track_a_02262,0,0,0,0,1,0
chn_test_track_a_02263,1,0,1,0,0,0
chn_test_track_a_02264,0,0,0,0,0,0
chn_test_track_a_02265,0,0,0,0,0,0
chn_test_track_a_02266,0,0,0,0,1,0
chn_test_track_a_02267,0,0,0,0,0,0
chn_test_track_a_02268,0,0,0,0,1,0
chn_test_track_a_02269,1,1,0,0,0,0
chn_test_track_a_02270,0,0,0,0,0,0
chn_test_track_a_02271,0,0,0,0,0,0
chn_test_track_a_02272,1,1,0,0,0,0
chn_test_track_a_02273,1,0,0,0,0,0
chn_test_track_a_02274,1,0,0,0,0,0
chn_test_track_a_02275,0,0,0,0,0,0
chn_test_track_a_02276,0,0,0,0,0,0
chn_test_track_a_02277,1,0,0,0,0,0
chn_test_track_a_02278,1,0,0,0,0,0
chn_test_track_a_02279,0,0,0,0,0,0
chn_test_track_a_02280,0,0,0,0,0,0
chn_test_track_a_02281,0,0,0,0,0,0
chn_test_track_a_02282,0,0,0,0,1,0
chn_test_track_a_02283,1,0,0,0,0,0
chn_test_track_a_02284,1,0,0,0,0,1
chn_test_track_a_02285,1,1,0,0,0,0
chn_test_track_a_02286,1,0,0,0,0,0
chn_test_track_a_02287,1,0,0,0,0,0
chn_test_track_a_02288,0,0,0,1,0,0
chn_test_track_a_02289,0,0,0,1,0,0
chn_test_track_a_02290,0,0,0,0,0,0
chn_test_track_a_02291,0,0,0,0,0,0
chn_test_track_a_02292,1,0,0,0,1,0
chn_test_track_a_02293,0,0,0,0,1,0
chn_test_track_a_02294,0,0,0,1,0,0
chn_test_track_a_02295,0,0,0,0,0,0
chn_test_track_a_02296,0,0,0,1,0,0
chn_test_track_a_02297,1,0,0,0,0,0
chn_test_track_a_02298,0,0,0,0,1,0
chn_test_track_a_02299,0,0,0,1,0,0
chn_test_track_a_02300,0,0,0,0,0,0
chn_test_track_a_02301,1,0,0,0,0,0
chn_test_track_a_02302,0,1,0,0,0,0
chn_test_track_a_02303,1,0,0,1,0,0
chn_test_track_a_02304,1,0,0,0,1,0
chn_test_track_a_02305,1,0,0,0,0,0
chn_test_track_a_02306,0,0,0,0,0,0
chn_test_track_a_02307,1,0,0,0,0,0
chn_test_track_a_02308,1,1,0,0,0,0
chn_test_track_a_02309,0,0,0,0,0,0
chn_test_track_a_02310,0,0,0,0,0,0
chn_test_track_a_02311,0,0,1,0,0,0
chn_test_track_a_02312,1,0,0,0,0,0
chn_test_track_a_02313,1,0,0,0,0,0
chn_test_track_a_02314,0,0,0,0,0,0
chn_test_track_a_02315,0,0,0,0,1,0
chn_test_track_a_02316,1,0,0,0,0,0
chn_test_track_a_02317,0,0,0,0,1,0
chn_test_track_a_02318,0,0,0,0,0,0
chn_test_track_a_02319,0,0,0,0,0,0
chn_test_track_a_02320,0,0,0,0,0,0
chn_test_track_a_02321,0,0,0,0,0,0
chn_test_track_a_02322,1,0,0,0,1,0
chn_test_track_a_02323,1,0,0,0,0,0
chn_test_track_a_02324,1,0,0,0,0,0
chn_test_track_a_02325,0,0,0,0,0,0
chn_test_track_a_02326,0,0,0,1,0,0
chn_test_track_a_02327,0,0,0,0,0,0
chn_test_track_a_02328,0,0,0,1,0,0
chn_test_track_a_02329,0,0,0,1,0,0
chn_test_track_a_02330,1,0,0,0,1,0
chn_test_track_a_02331,1,0,0,0,0,0
chn_test_track_a_02332,0,0,0,0,1,0
chn_test_track_a_02333,1,1,0,0,0,0
chn_test_track_a_02334,1,0,0,0,0,0
chn_test_track_a_02335,0,0,0,0,0,0
chn_test_track_a_02336,0,0,0,0,0,1
chn_test_track_a_02337,1,0,0,0,0,0
chn_test_track_a_02338,0,0,0,1,0,0
chn_test_track_a_02339,0,0,0,1,0,0
chn_test_track_a_02340,0,0,0,0,0,0
chn_test_track_a_02341,1,0,0,0,0,0
chn_test_track_a_02342,0,0,0,0,0,0
chn_test_track_a_02343,0,0,0,1,0,0
chn_test_track_a_02344,0,0,0,0,0,0
chn_test_track_a_02345,0,0,0,0,0,0
chn_test_track_a_02346,1,0,0,0,0,0
chn_test_track_a_02347,0,0,0,0,0,0
chn_test_track_a_02348,0,0,0,1,0,0
chn_test_track_a_02349,0,0,0,1,0,0
chn_test_track_a_02350,1,0,0,0,1,0
chn_test_track_a_02351,0,0,0,0,0,0
chn_test_track_a_02352,1,0,0,0,0,0
chn_test_track_a_02353,1,0,0,0,0,0
chn_test_track_a_02354,0,0,0,0,0,0
chn_test_track_a_02355,1,1,0,0,0,0
chn_test_track_a_02356,0,0,0,0,0,0
chn_test_track_a_02357,0,0,0,1,0,0
chn_test_track_a_02358,0,0,0,1,0,0
chn_test_track_a_02359,0,0,0,0,1,0
chn_test_track_a_02360,1,0,0,0,0,0
chn_test_track_a_02361,0,0,0,0,0,0
chn_test_track_a_02362,1,0,0,0,0,0
chn_test_track_a_02363,1,0,0,0,0,0
chn_test_track_a_02364,1,0,0,0,1,0
chn_test_track_a_02365,0,0,0,1,0,0
chn_test_track_a_02366,1,0,0,0,0,0
chn_test_track_a_02367,0,0,0,1,0,0
chn_test_track_a_02368,1,0,0,0,0,1
chn_test_track_a_02369,1,0,0,0,0,0
chn_test_track_a_02370,0,0,0,0,1,0
chn_test_track_a_02371,1,0,0,0,0,0
chn_test_track_a_02372,1,0,0,0,0,1
chn_test_track_a_02373,1,1,0,0,0,0
chn_test_track_a_02374,0,0,0,0,0,0
chn_test_track_a_02375,0,0,0,1,0,0
chn_test_track_a_02376,0,0,0,1,0,0
chn_test_track_a_02377,0,0,0,1,0,0
chn_test_track_a_02378,0,0,0,0,0,0
chn_test_track_a_02379,1,0,0,0,0,0
chn_test_track_a_02380,0,0,0,1,0,0
chn_test_track_a_02381,1,0,0,0,0,0
chn_test_track_a_02382,0,0,0,0,0,0
chn_test_track_a_02383,1,0,0,0,0,0
chn_test_track_a_02384,1,0,0,0,1,0
chn_test_track_a_02385,1,1,0,0,0,0
chn_test_track_a_02386,1,1,0,0,0,0
chn_test_track_a_02387,1,0,0,0,0,0
chn_test_track_a_02388,0,0,0,0,1,0
chn_test_track_a_02389,0,0,0,1,0,0
chn_test_track_a_02390,0,0,0,0,1,0
chn_test_track_a_02391,1,0,0,0,0,0
chn_test_track_a_02392,1,0,0,0,1,0
chn_test_track_a_02393,1,0,0,0,0,0
chn_test_track_a_02394,1,0,0,0,0,0
chn_test_track_a_02395,1,1,0,0,0,0
chn_test_track_a_02396,1,0,0,0,0,0
chn_test_track_a_02397,0,0,0,1,1,0
chn_test_track_a_02398,1,0,0,0,0,0
chn_test_track_a_02399,0,0,0,1,0,0
chn_test_track_a_02400,0,0,0,0,1,0
chn_test_track_a_02401,1,0,0,0,0,0
chn_test_track_a_02402,0,0,0,0,0,0
chn_test_track_a_02403,1,0,0,0,1,0
chn_test_track_a_02404,1,0,0,0,0,0
chn_test_track_a_02405,1,1,0,0,0,0
chn_test_track_a_02406,0,0,0,0,0,0
chn_test_track_a_02407,1,1,0,0,0,1
chn_test_track_a_02408,1,0,0,0,0,0
chn_test_track_a_02409,0,0,0,0,0,0
chn_test_track_a_02410,1,1,0,0,0,0
chn_test_track_a_02411,0,0,0,0,0,0
chn_test_track_a_02412,1,1,0,0,0,0
chn_test_track_a_02413,1,0,0,0,0,0
chn_test_track_a_02414,1,0,0,0,0,1
chn_test_track_a_02415,0,0,0,1,0,0
chn_test_track_a_02416,1,0,0,0,0,0
chn_test_track_a_02417,0,0,0,0,0,0
chn_test_track_a_02418,0,0,0,0,0,0
chn_test_track_a_02419,1,0,0,0,0,0
chn_test_track_a_02420,1,0,0,0,1,0
chn_test_track_a_02421,0,0,0,0,1,0
chn_test_track_a_02422,1,1,0,0,0,0
chn_test_track_a_02423,0,0,0,0,0,0
chn_test_track_a_02424,1,1,0,0,0,0
chn_test_track_a_02425,0,0,0,1,0,0
chn_test_track_a_02426,1,0,0,0,0,1
chn_test_track_a_02427,0,0,0,1,0,0
chn_test_track_a_02428,1,0,0,0,0,0
chn_test_track_a_02429,1,0,0,0,1,0
chn_test_track_a_02430,1,0,0,0,0,0
chn_test_track_a_02431,1,0,0,0,0,0
chn_test_track_a_02432,1,1,0,0,0,0
chn_test_track_a_02433,1,0,0,0,0,0
chn_test_track_a_02434,1,0,0,0,0,0
chn_test_track_a_02435,1,1,0,0,0,0
chn_test_track_a_02436,1,0,0,0,0,0
chn_test_track_a_02437,1,0,0,0,0,0
chn_test_track_a_02438,0,0,0,1,0,0
chn_test_track_a_02439,0,0,0,1,0,0
chn_test_track_a_02440,0,0,0,1,0,0
chn_test_track_a_02441,0,0,0,0,0,0
chn_test_track_a_02442,1,0,0,0,0,0
chn_test_track_a_02443,1,1,0,0,0,0
chn_test_track_a_02444,1,0,0,0,0,0
chn_test_track_a_02445,0,0,0,1,0,0
chn_test_track_a_02446,0,0,0,0,0,0
chn_test_track_a_02447,1,1,0,0,0,0
chn_test_track_a_02448,1,1,0,0,0,0
chn_test_track_a_02449,1,1,0,0,0,0
chn_test_track_a_02450,0,0,0,1,0,0
chn_test_track_a_02451,0,0,0,1,0,0
chn_test_track_a_02452,0,0,0,1,0,0
chn_test_track_a_02453,1,0,0,0,0,0
chn_test_track_a_02454,0,0,0,0,0,0
chn_test_track_a_02455,0,0,0,0,0,0
chn_test_track_a_02456,0,0,0,1,0,0
chn_test_track_a_02457,1,0,0,0,0,0
chn_test_track_a_02458,0,0,0,0,0,0
chn_test_track_a_02459,1,0,0,0,0,0
chn_test_track_a_02460,0,0,0,0,0,0
chn_test_track_a_02461,0,0,0,0,0,0
chn_test_track_a_02462,1,0,0,0,0,0
chn_test_track_a_02463,1,1,0,0,0,0
chn_test_track_a_02464,0,0,0,0,0,0
chn_test_track_a_02465,0,0,0,0,0,0
chn_test_track_a_02466,1,0,0,0,0,0
chn_test_track_a_02467,1,0,0,0,0,0
chn_test_track_a_02468,0,0,0,1,0,0
chn_test_track_a_02469,0,0,0,0,0,0
chn_test_track_a_02470,0,0,0,0,0,0
chn_test_track_a_02471,1,0,0,0,0,0
chn_test_track_a_02472,0,0,0,1,1,0
chn_test_track_a_02473,1,0,0,0,0,0
chn_test_track_a_02474,1,0,0,0,0,0
chn_test_track_a_02475,0,0,0,0,0,0
chn_test_track_a_02476,0,0,0,0,0,0
chn_test_track_a_02477,1,0,0,0,0,0
chn_test_track_a_02478,1,0,0,0,0,0
chn_test_track_a_02479,1,1,0,0,0,0
chn_test_track_a_02480,0,0,0,0,0,0
chn_test_track_a_02481,1,0,0,0,0,0
chn_test_track_a_02482,1,1,0,0,0,0
chn_test_track_a_02483,0,0,0,0,0,0
chn_test_track_a_02484,1,0,0,0,0,0
chn_test_track_a_02485,1,0,0,0,0,0
chn_test_track_a_02486,1,1,0,0,0,0
chn_test_track_a_02487,1,0,0,0,1,0
chn_test_track_a_02488,1,0,0,0,0,0
chn_test_track_a_02489,1,0,0,0,0,0
chn_test_track_a_02490,0,0,0,0,0,0
chn_test_track_a_02491,0,0,0,0,0,0
chn_test_track_a_02492,0,0,0,0,0,0
chn_test_track_a_02493,0,0,0,0,0,0
chn_test_track_a_02494,0,0,0,0,0,0
chn_test_track_a_02495,1,0,0,0,0,0
chn_test_track_a_02496,1,0,0,0,0,0
chn_test_track_a_02497,1,0,0,0,0,0
chn_test_track_a_02498,1,0,0,0,0,0
chn_test_track_a_02499,0,0,0,1,0,0
chn_test_track_a_02500,1,0,0,0,1,0
chn_test_track_a_02501,0,0,0,1,0,0
chn_test_track_a_02502,1,0,0,0,0,0
chn_test_track_a_02503,1,0,0,0,0,0
chn_test_track_a_02504,1,0,0,0,0,0
chn_test_track_a_02505,0,0,0,0,0,0
chn_test_track_a_02506,0,0,0,0,0,1
chn_test_track_a_02507,0,0,1,0,0,0
chn_test_track_a_02508,1,0,0,0,0,0
chn_test_track_a_02509,1,0,0,0,0,0
chn_test_track_a_02510,0,0,0,0,1,0
chn_test_track_a_02511,0,0,0,0,0,0
chn_test_track_a_02512,0,0,0,1,1,0
chn_test_track_a_02513,1,1,0,0,0,0
chn_test_track_a_02514,1,0,0,0,0,0
chn_test_track_a_02515,1,0,0,0,0,0
chn_test_track_a_02516,1,0,0,0,0,0
chn_test_track_a_02517,1,0,0,0,0,0
chn_test_track_a_02518,0,0,0,0,0,0
chn_test_track_a_02519,0,0,0,1,0,0
chn_test_track_a_02520,0,0,0,1,0,0
chn_test_track_a_02521,0,0,0,0,0,0
chn_test_track_a_02522,0,0,0,1,0,0
chn_test_track_a_02523,1,1,0,0,0,0
chn_test_track_a_02524,1,0,0,0,0,0
chn_test_track_a_02525,0,0,0,1,0,0
chn_test_track_a_02526,0,0,0,1,0,0
chn_test_track_a_02527,0,0,0,0,0,0
chn_test_track_a_02528,0,0,0,1,0,0
chn_test_track_a_02529,0,0,0,0,0,0
chn_test_track_a_02530,1,1,0,0,0,0
chn_test_track_a_02531,0,0,0,1,0,0
chn_test_track_a_02532,1,0,0,0,1,0
chn_test_track_a_02533,0,0,0,0,0,0
chn_test_track_a_02534,0,0,0,0,0,0
chn_test_track_a_02535,1,0,0,0,0,0
chn_test_track_a_02536,1,1,0,0,0,0
chn_test_track_a_02537,0,0,0,0,0,0
chn_test_track_a_02538,0,0,0,0,0,0
chn_test_track_a_02539,1,1,0,0,0,0
chn_test_track_a_02540,1,0,0,0,0,0
chn_test_track_a_02541,1,0,0,0,0,0
chn_test_track_a_02542,1,1,0,0,0,0
chn_test_track_a_02543,0,0,0,1,0,0
chn_test_track_a_02544,1,1,0,0,0,0
chn_test_track_a_02545,1,1,0,0,0,1
chn_test_track_a_02546,0,0,0,1,0,0
chn_test_track_a_02547,1,0,0,0,0,0
chn_test_track_a_02548,1,0,0,0,0,0
chn_test_track_a_02549,0,0,0,0,0,0
chn_test_track_a_02550,0,0,0,0,0,0
chn_test_track_a_02551,1,0,0,0,0,1
chn_test_track_a_02552,1,0,0,0,0,0
chn_test_track_a_02553,0,0,0,1,0,0
chn_test_track_a_02554,1,0,0,0,0,1
chn_test_track_a_02555,0,0,0,1,0,0
chn_test_track_a_02556,1,0,0,0,0,0
chn_test_track_a_02557,1,1,0,0,0,0
chn_test_track_a_02558,0,0,0,0,0,1
chn_test_track_a_02559,0,0,0,0,1,0
chn_test_track_a_02560,0,0,0,0,0,1
chn_test_track_a_02561,0,0,0,0,1,0
chn_test_track_a_02562,0,0,0,0,0,0
chn_test_track_a_02563,0,0,0,0,0,0
chn_test_track_a_02564,1,0,0,0,0,0
chn_test_track_a_02565,1,0,0,0,0,0
chn_test_track_a_02566,0,0,0,0,0,0
chn_test_track_a_02567,0,0,0,0,0,0
chn_test_track_a_02568,0,0,0,0,0,0
chn_test_track_a_02569,0,0,0,0,0,0
chn_test_track_a_02570,0,0,0,0,1,0
chn_test_track_a_02571,0,0,0,1,0,0
chn_test_track_a_02572,0,0,0,0,0,0
chn_test_track_a_02573,0,0,0,0,0,0
chn_test_track_a_02574,0,0,0,1,0,0
chn_test_track_a_02575,0,0,0,0,0,0
chn_test_track_a_02576,0,0,0,0,0,0
chn_test_track_a_02577,0,0,0,0,0,0
chn_test_track_a_02578,0,0,0,0,1,0
chn_test_track_a_02579,0,0,0,1,0,0
chn_test_track_a_02580,0,0,0,1,0,0
chn_test_track_a_02581,1,0,0,0,0,0
chn_test_track_a_02582,1,1,0,0,0,0
chn_test_track_a_02583,1,0,0,0,0,0
chn_test_track_a_02584,1,0,0,0,0,0
chn_test_track_a_02585,1,0,0,0,0,0
chn_test_track_a_02586,0,0,0,1,0,0
chn_test_track_a_02587,1,0,0,0,0,0
chn_test_track_a_02588,1,0,0,0,1,0
chn_test_track_a_02589,1,0,0,0,0,0
chn_test_track_a_02590,0,0,0,0,0,0
chn_test_track_a_02591,0,0,0,0,0,0
chn_test_track_a_02592,1,1,0,0,0,0
chn_test_track_a_02593,1,0,0,0,0,0
chn_test_track_a_02594,1,0,0,0,0,1
chn_test_track_a_02595,1,0,0,0,0,1
chn_test_track_a_02596,0,0,0,0,0,0
chn_test_track_a_02597,1,0,0,0,0,0
chn_test_track_a_02598,0,0,0,1,0,0
chn_test_track_a_02599,1,1,0,0,0,0
chn_test_track_a_02600,0,0,0,0,0,0
chn_test_track_a_02601,1,0,0,0,0,0
chn_test_track_a_02602,1,0,0,0,0,0
chn_test_track_a_02603,1,0,0,0,0,0
chn_test_track_a_02604,1,0,0,0,0,1
chn_test_track_a_02605,0,0,0,0,0,0
chn_test_track_a_02606,1,0,0,0,1,0
chn_test_track_a_02607,0,0,0,0,0,0
chn_test_track_a_02608,0,0,0,0,0,0
chn_test_track_a_02609,1,0,0,0,0,0
chn_test_track_a_02610,1,0,0,0,0,0
chn_test_track_a_02611,0,0,0,1,0,0
chn_test_track_a_02612,0,0,0,0,0,0
chn_test_track_a_02613,0,0,0,0,0,0
chn_test_track_a_02614,0,0,0,0,0,0
chn_test_track_a_02615,1,0,0,0,1,0
chn_test_track_a_02616,0,0,0,1,0,0
chn_test_track_a_02617,0,0,0,0,0,0
chn_test_track_a_02618,0,0,0,0,0,0
chn_test_track_a_02619,0,0,0,0,0,0
chn_test_track_a_02620,0,0,0,0,0,0
chn_test_track_a_02621,0,0,0,1,0,0
chn_test_track_a_02622,0,0,0,0,1,0
chn_test_track_a_02623,0,0,0,1,0,0
chn_test_track_a_02624,0,0,0,0,1,0
chn_test_track_a_02625,0,0,0,1,0,0
chn_test_track_a_02626,1,0,0,0,0,0
chn_test_track_a_02627,1,0,0,0,0,0
chn_test_track_a_02628,1,1,0,0,0,0
chn_test_track_a_02629,0,0,0,0,1,0
chn_test_track_a_02630,0,0,0,0,0,0
chn_test_track_a_02631,0,0,0,1,0,0
chn_test_track_a_02632,1,0,0,0,0,0
chn_test_track_a_02633,0,0,0,0,0,0
chn_test_track_a_02634,1,0,0,0,0,1
chn_test_track_a_02635,0,0,0,0,0,0
chn_test_track_a_02636,0,0,0,1,0,0
chn_test_track_a_02637,1,0,0,0,0,0
chn_test_track_a_02638,1,1,0,0,0,0
chn_test_track_a_02639,0,0,0,1,0,0
chn_test_track_a_02640,0,0,0,1,0,0
chn_test_track_a_02641,0,0,0,0,0,0
chn_test_track_a_02642,0,0,0,1,0,0
