id,anger,disgust,fear,joy,sadness,surprise
ibo_test_track_a_00001,0,0,0,0,0,0
ibo_test_track_a_00002,0,1,0,0,0,0
ibo_test_track_a_00003,1,0,0,0,0,0
ibo_test_track_a_00004,0,0,0,0,1,0
ibo_test_track_a_00005,0,0,0,0,0,0
ibo_test_track_a_00006,0,0,0,0,0,0
ibo_test_track_a_00007,0,0,0,1,0,0
ibo_test_track_a_00008,0,0,0,0,0,0
ibo_test_track_a_00009,0,0,0,1,0,0
ibo_test_track_a_00010,1,0,0,0,0,0
ibo_test_track_a_00011,0,0,0,0,0,0
ibo_test_track_a_00012,0,0,0,0,0,0
ibo_test_track_a_00013,0,0,0,1,0,0
ibo_test_track_a_00014,0,0,0,0,0,0
ibo_test_track_a_00015,0,0,0,0,0,0
ibo_test_track_a_00016,0,0,0,0,0,0
ibo_test_track_a_00017,0,1,0,0,0,0
ibo_test_track_a_00018,1,0,0,0,0,0
ibo_test_track_a_00019,0,0,0,0,0,1
ibo_test_track_a_00020,0,0,0,0,0,0
ibo_test_track_a_00021,0,0,0,0,0,0
ibo_test_track_a_00022,1,0,0,0,0,0
ibo_test_track_a_00023,1,0,0,0,0,0
ibo_test_track_a_00024,0,0,0,1,0,0
ibo_test_track_a_00025,0,0,0,0,0,0
ibo_test_track_a_00026,1,0,0,0,0,0
ibo_test_track_a_00027,0,0,0,1,0,0
ibo_test_track_a_00028,0,0,0,0,0,0
ibo_test_track_a_00029,0,0,0,0,1,0
ibo_test_track_a_00030,0,0,0,1,0,0
ibo_test_track_a_00031,0,1,0,0,0,0
ibo_test_track_a_00032,1,0,0,0,0,0
ibo_test_track_a_00033,1,0,0,0,0,0
ibo_test_track_a_00034,0,0,0,0,0,0
ibo_test_track_a_00035,0,0,0,0,0,0
ibo_test_track_a_00036,0,0,0,1,0,0
ibo_test_track_a_00037,0,0,0,0,0,0
ibo_test_track_a_00038,0,0,1,0,0,0
ibo_test_track_a_00039,0,1,0,0,0,0
ibo_test_track_a_00040,0,0,0,0,1,0
ibo_test_track_a_00041,0,0,0,0,0,0
ibo_test_track_a_00042,1,0,0,0,0,0
ibo_test_track_a_00043,0,1,0,0,0,0
ibo_test_track_a_00044,0,0,0,0,0,0
ibo_test_track_a_00045,0,0,0,0,0,0
ibo_test_track_a_00046,0,0,1,0,0,0
ibo_test_track_a_00047,0,0,0,0,0,0
ibo_test_track_a_00048,0,0,0,0,0,0
ibo_test_track_a_00049,0,0,0,0,0,0
ibo_test_track_a_00050,1,0,0,0,0,0
ibo_test_track_a_00051,1,0,0,0,0,0
ibo_test_track_a_00052,0,0,0,1,0,0
ibo_test_track_a_00053,0,0,0,0,0,0
ibo_test_track_a_00054,0,0,0,0,0,0
ibo_test_track_a_00055,0,0,0,0,0,0
ibo_test_track_a_00056,0,0,0,0,0,0
ibo_test_track_a_00057,1,0,0,0,0,0
ibo_test_track_a_00058,0,0,0,1,0,0
ibo_test_track_a_00059,0,0,0,0,0,0
ibo_test_track_a_00060,0,0,0,1,0,0
ibo_test_track_a_00061,1,0,0,0,0,0
ibo_test_track_a_00062,0,0,0,1,0,0
ibo_test_track_a_00063,0,0,0,0,0,0
ibo_test_track_a_00064,1,0,0,0,0,0
ibo_test_track_a_00065,0,0,0,0,0,0
ibo_test_track_a_00066,0,0,0,0,0,0
ibo_test_track_a_00067,0,0,0,0,0,0
ibo_test_track_a_00068,0,0,0,0,1,0
ibo_test_track_a_00069,0,0,0,1,0,0
ibo_test_track_a_00070,0,0,0,0,0,0
ibo_test_track_a_00071,0,0,0,0,0,0
ibo_test_track_a_00072,0,1,0,0,0,0
ibo_test_track_a_00073,1,0,0,0,0,0
ibo_test_track_a_00074,1,0,0,0,0,0
ibo_test_track_a_00075,0,0,0,0,0,0
ibo_test_track_a_00076,0,0,0,0,0,0
ibo_test_track_a_00077,0,0,0,0,0,0
ibo_test_track_a_00078,0,0,0,0,0,0
ibo_test_track_a_00079,0,1,0,0,0,0
ibo_test_track_a_00080,0,0,0,0,0,0
ibo_test_track_a_00081,0,0,0,0,1,0
ibo_test_track_a_00082,0,0,0,0,1,0
ibo_test_track_a_00083,0,0,0,0,0,0
ibo_test_track_a_00084,1,1,0,0,0,0
ibo_test_track_a_00085,0,0,0,0,0,0
ibo_test_track_a_00086,1,0,0,0,0,0
ibo_test_track_a_00087,0,0,0,0,0,0
ibo_test_track_a_00088,0,0,0,0,0,0
ibo_test_track_a_00089,0,0,0,0,0,0
ibo_test_track_a_00090,0,0,0,0,1,0
ibo_test_track_a_00091,1,0,0,0,0,0
ibo_test_track_a_00092,1,0,0,0,0,0
ibo_test_track_a_00093,0,0,0,0,0,0
ibo_test_track_a_00094,0,0,0,0,0,0
ibo_test_track_a_00095,0,0,0,1,0,0
ibo_test_track_a_00096,0,0,0,0,0,0
ibo_test_track_a_00097,0,0,0,0,0,0
ibo_test_track_a_00098,1,0,0,0,0,0
ibo_test_track_a_00099,0,0,0,0,0,0
ibo_test_track_a_00100,1,0,0,0,0,0
ibo_test_track_a_00101,0,0,0,0,0,0
ibo_test_track_a_00102,0,0,0,0,0,0
ibo_test_track_a_00103,0,0,0,0,0,0
ibo_test_track_a_00104,1,1,0,0,0,0
ibo_test_track_a_00105,1,0,0,0,0,0
ibo_test_track_a_00106,0,0,0,0,1,0
ibo_test_track_a_00107,0,0,0,0,0,0
ibo_test_track_a_00108,0,1,0,0,0,0
ibo_test_track_a_00109,0,0,0,0,1,0
ibo_test_track_a_00110,0,0,1,0,0,0
ibo_test_track_a_00111,0,0,0,0,0,0
ibo_test_track_a_00112,0,1,0,0,0,0
ibo_test_track_a_00113,0,0,0,1,0,0
ibo_test_track_a_00114,0,0,0,0,1,0
ibo_test_track_a_00115,0,0,0,0,0,0
ibo_test_track_a_00116,0,0,0,0,0,0
ibo_test_track_a_00117,0,1,0,0,0,0
ibo_test_track_a_00118,1,0,0,0,0,0
ibo_test_track_a_00119,0,1,0,0,0,0
ibo_test_track_a_00120,0,1,0,0,0,0
ibo_test_track_a_00121,0,0,0,1,0,0
ibo_test_track_a_00122,0,0,0,0,1,0
ibo_test_track_a_00123,0,0,0,0,0,0
ibo_test_track_a_00124,0,0,0,0,0,0
ibo_test_track_a_00125,0,1,0,0,0,0
ibo_test_track_a_00126,0,0,0,0,0,0
ibo_test_track_a_00127,0,0,0,0,0,0
ibo_test_track_a_00128,0,0,0,0,0,0
ibo_test_track_a_00129,0,1,0,0,0,0
ibo_test_track_a_00130,0,0,0,0,0,1
ibo_test_track_a_00131,0,0,0,0,1,0
ibo_test_track_a_00132,1,0,0,0,0,0
ibo_test_track_a_00133,0,0,0,0,0,0
ibo_test_track_a_00134,0,0,0,0,0,0
ibo_test_track_a_00135,0,0,0,0,0,0
ibo_test_track_a_00136,1,0,0,0,0,0
ibo_test_track_a_00137,1,0,0,0,0,0
ibo_test_track_a_00138,1,0,0,0,0,0
ibo_test_track_a_00139,0,0,0,0,1,0
ibo_test_track_a_00140,0,0,0,1,0,0
ibo_test_track_a_00141,0,0,0,1,0,0
ibo_test_track_a_00142,0,0,0,1,0,0
ibo_test_track_a_00143,0,0,0,1,0,0
ibo_test_track_a_00144,0,0,0,1,0,0
ibo_test_track_a_00145,0,0,0,1,0,0
ibo_test_track_a_00146,0,0,0,0,0,0
ibo_test_track_a_00147,0,0,0,0,0,0
ibo_test_track_a_00148,0,0,0,1,0,0
ibo_test_track_a_00149,0,0,0,1,0,0
ibo_test_track_a_00150,0,0,0,0,0,0
ibo_test_track_a_00151,0,0,0,0,0,0
ibo_test_track_a_00152,0,1,0,0,0,0
ibo_test_track_a_00153,0,0,1,0,0,0
ibo_test_track_a_00154,0,0,0,0,1,0
ibo_test_track_a_00155,0,0,1,0,1,0
ibo_test_track_a_00156,0,0,0,0,0,0
ibo_test_track_a_00157,0,0,0,0,0,0
ibo_test_track_a_00158,0,0,0,1,0,0
ibo_test_track_a_00159,1,0,0,0,0,0
ibo_test_track_a_00160,1,0,0,0,0,0
ibo_test_track_a_00161,0,0,0,0,0,0
ibo_test_track_a_00162,0,1,0,0,0,0
ibo_test_track_a_00163,1,0,0,0,0,0
ibo_test_track_a_00164,0,0,0,0,0,0
ibo_test_track_a_00165,0,0,0,0,0,0
ibo_test_track_a_00166,0,0,0,1,0,0
ibo_test_track_a_00167,1,0,0,0,0,0
ibo_test_track_a_00168,0,1,0,0,0,0
ibo_test_track_a_00169,0,0,0,0,0,0
ibo_test_track_a_00170,0,1,0,0,0,0
ibo_test_track_a_00171,0,1,0,0,0,0
ibo_test_track_a_00172,0,0,0,1,0,0
ibo_test_track_a_00173,0,0,0,0,1,0
ibo_test_track_a_00174,0,0,1,0,0,0
ibo_test_track_a_00175,0,0,0,0,0,0
ibo_test_track_a_00176,0,0,0,0,0,0
ibo_test_track_a_00177,0,0,0,0,0,0
ibo_test_track_a_00178,0,0,0,0,0,0
ibo_test_track_a_00179,0,0,0,0,0,0
ibo_test_track_a_00180,0,0,0,0,0,0
ibo_test_track_a_00181,0,0,0,0,0,1
ibo_test_track_a_00182,0,0,0,0,0,0
ibo_test_track_a_00183,0,0,0,0,0,0
ibo_test_track_a_00184,0,0,0,0,0,0
ibo_test_track_a_00185,0,0,0,0,0,0
ibo_test_track_a_00186,0,0,0,0,1,0
ibo_test_track_a_00187,1,0,0,0,0,0
ibo_test_track_a_00188,1,0,0,0,0,0
ibo_test_track_a_00189,0,0,0,0,0,0
ibo_test_track_a_00190,0,0,0,0,0,0
ibo_test_track_a_00191,0,0,0,0,0,0
ibo_test_track_a_00192,0,0,0,1,0,0
ibo_test_track_a_00193,0,0,0,1,0,0
ibo_test_track_a_00194,1,0,0,0,0,0
ibo_test_track_a_00195,1,1,0,0,0,0
ibo_test_track_a_00196,0,0,0,0,0,0
ibo_test_track_a_00197,0,0,0,0,0,0
ibo_test_track_a_00198,1,0,0,0,0,0
ibo_test_track_a_00199,0,0,0,0,0,0
ibo_test_track_a_00200,0,0,0,0,0,0
ibo_test_track_a_00201,0,0,0,0,0,0
ibo_test_track_a_00202,0,0,0,1,0,0
ibo_test_track_a_00203,1,0,0,0,0,0
ibo_test_track_a_00204,0,0,0,0,0,0
ibo_test_track_a_00205,0,0,0,0,0,0
ibo_test_track_a_00206,0,0,0,0,1,0
ibo_test_track_a_00207,0,0,0,0,0,0
ibo_test_track_a_00208,0,0,0,0,0,0
ibo_test_track_a_00209,1,0,0,0,0,0
ibo_test_track_a_00210,0,1,0,0,0,0
ibo_test_track_a_00211,0,0,0,1,0,0
ibo_test_track_a_00212,0,0,0,0,0,0
ibo_test_track_a_00213,0,0,0,1,0,0
ibo_test_track_a_00214,0,1,0,0,0,0
ibo_test_track_a_00215,1,0,0,0,0,0
ibo_test_track_a_00216,0,0,0,0,0,0
ibo_test_track_a_00217,0,0,0,0,0,0
ibo_test_track_a_00218,1,0,0,0,0,0
ibo_test_track_a_00219,0,0,0,0,1,0
ibo_test_track_a_00220,0,1,0,0,0,0
ibo_test_track_a_00221,1,0,0,0,0,0
ibo_test_track_a_00222,0,1,0,0,0,0
ibo_test_track_a_00223,0,0,0,0,0,0
ibo_test_track_a_00224,0,0,0,0,0,0
ibo_test_track_a_00225,0,0,0,0,1,0
ibo_test_track_a_00226,0,0,0,0,0,0
ibo_test_track_a_00227,0,0,0,0,1,0
ibo_test_track_a_00228,0,0,0,0,0,0
ibo_test_track_a_00229,0,0,0,0,1,0
ibo_test_track_a_00230,0,0,0,0,0,0
ibo_test_track_a_00231,0,0,0,0,0,0
ibo_test_track_a_00232,0,0,1,0,0,0
ibo_test_track_a_00233,0,0,0,1,0,0
ibo_test_track_a_00234,1,0,0,0,0,0
ibo_test_track_a_00235,0,0,0,0,0,0
ibo_test_track_a_00236,1,0,0,0,0,0
ibo_test_track_a_00237,1,0,0,0,0,0
ibo_test_track_a_00238,0,1,0,0,0,0
ibo_test_track_a_00239,0,0,0,0,0,0
ibo_test_track_a_00240,0,0,0,0,0,0
ibo_test_track_a_00241,1,1,0,0,0,0
ibo_test_track_a_00242,0,0,0,0,0,0
ibo_test_track_a_00243,0,0,0,0,0,0
ibo_test_track_a_00244,0,1,0,0,0,0
ibo_test_track_a_00245,0,0,0,1,0,0
ibo_test_track_a_00246,0,0,0,0,0,0
ibo_test_track_a_00247,0,0,0,0,0,0
ibo_test_track_a_00248,0,0,0,0,0,0
ibo_test_track_a_00249,1,0,0,0,0,0
ibo_test_track_a_00250,1,0,0,0,0,0
ibo_test_track_a_00251,0,0,0,0,1,0
ibo_test_track_a_00252,0,0,0,0,0,0
ibo_test_track_a_00253,0,0,0,0,1,0
ibo_test_track_a_00254,0,0,0,0,0,0
ibo_test_track_a_00255,0,0,0,1,0,0
ibo_test_track_a_00256,0,0,0,0,0,0
ibo_test_track_a_00257,0,0,0,1,0,0
ibo_test_track_a_00258,0,0,0,0,1,0
ibo_test_track_a_00259,0,0,0,0,1,0
ibo_test_track_a_00260,0,0,0,0,1,0
ibo_test_track_a_00261,0,0,1,0,0,0
ibo_test_track_a_00262,0,0,0,0,0,0
ibo_test_track_a_00263,0,0,1,0,0,0
ibo_test_track_a_00264,0,1,0,0,0,0
ibo_test_track_a_00265,0,0,0,0,1,0
ibo_test_track_a_00266,0,0,1,0,0,0
ibo_test_track_a_00267,0,0,1,0,0,0
ibo_test_track_a_00268,0,0,0,0,0,0
ibo_test_track_a_00269,0,1,0,0,0,0
ibo_test_track_a_00270,0,0,0,0,0,0
ibo_test_track_a_00271,0,0,0,0,1,0
ibo_test_track_a_00272,0,0,0,0,0,0
ibo_test_track_a_00273,0,0,0,0,0,0
ibo_test_track_a_00274,0,0,0,0,0,0
ibo_test_track_a_00275,0,0,0,0,0,0
ibo_test_track_a_00276,1,0,0,0,0,0
ibo_test_track_a_00277,1,0,0,0,0,0
ibo_test_track_a_00278,0,0,0,1,0,0
ibo_test_track_a_00279,0,0,1,0,0,0
ibo_test_track_a_00280,1,0,0,0,0,0
ibo_test_track_a_00281,0,0,0,0,0,0
ibo_test_track_a_00282,1,0,0,0,0,0
ibo_test_track_a_00283,0,0,0,1,0,0
ibo_test_track_a_00284,0,0,0,0,0,0
ibo_test_track_a_00285,0,0,0,0,0,0
ibo_test_track_a_00286,0,0,0,0,1,0
ibo_test_track_a_00287,0,0,0,0,1,0
ibo_test_track_a_00288,0,1,0,0,0,0
ibo_test_track_a_00289,0,0,0,0,0,0
ibo_test_track_a_00290,0,0,0,0,0,0
ibo_test_track_a_00291,0,0,0,0,0,0
ibo_test_track_a_00292,0,1,0,0,0,0
ibo_test_track_a_00293,0,0,0,1,0,0
ibo_test_track_a_00294,0,0,0,1,0,0
ibo_test_track_a_00295,0,0,0,0,0,0
ibo_test_track_a_00296,0,0,0,0,1,0
ibo_test_track_a_00297,1,0,0,0,0,0
ibo_test_track_a_00298,0,0,0,1,0,0
ibo_test_track_a_00299,0,0,0,0,0,0
ibo_test_track_a_00300,0,1,0,0,0,0
ibo_test_track_a_00301,0,0,0,0,0,0
ibo_test_track_a_00302,0,0,0,0,0,0
ibo_test_track_a_00303,1,0,0,0,0,0
ibo_test_track_a_00304,0,0,0,1,0,0
ibo_test_track_a_00305,0,0,0,0,0,0
ibo_test_track_a_00306,0,0,0,0,0,0
ibo_test_track_a_00307,0,0,0,0,0,0
ibo_test_track_a_00308,0,1,0,0,0,0
ibo_test_track_a_00309,0,0,0,0,0,0
ibo_test_track_a_00310,0,1,0,0,0,0
ibo_test_track_a_00311,0,0,0,0,1,0
ibo_test_track_a_00312,0,0,0,0,0,0
ibo_test_track_a_00313,1,0,0,0,0,0
ibo_test_track_a_00314,0,0,0,0,0,0
ibo_test_track_a_00315,1,0,0,0,0,0
ibo_test_track_a_00316,0,0,0,0,0,0
ibo_test_track_a_00317,0,0,0,0,0,0
ibo_test_track_a_00318,0,1,0,0,0,0
ibo_test_track_a_00319,0,0,0,0,0,0
ibo_test_track_a_00320,0,1,0,0,0,0
ibo_test_track_a_00321,0,0,0,0,1,0
ibo_test_track_a_00322,0,0,0,0,0,0
ibo_test_track_a_00323,0,1,0,0,0,0
ibo_test_track_a_00324,0,0,0,0,0,0
ibo_test_track_a_00325,0,0,0,0,1,0
ibo_test_track_a_00326,0,0,0,0,0,0
ibo_test_track_a_00327,0,0,1,0,0,0
ibo_test_track_a_00328,0,0,0,0,1,0
ibo_test_track_a_00329,0,0,0,0,1,0
ibo_test_track_a_00330,0,0,0,1,0,0
ibo_test_track_a_00331,1,0,0,0,0,0
ibo_test_track_a_00332,0,0,0,0,0,0
ibo_test_track_a_00333,0,0,0,0,1,0
ibo_test_track_a_00334,0,0,0,0,0,0
ibo_test_track_a_00335,0,0,0,0,0,0
ibo_test_track_a_00336,0,0,0,0,0,1
ibo_test_track_a_00337,0,0,0,0,0,0
ibo_test_track_a_00338,0,0,0,0,1,0
ibo_test_track_a_00339,0,0,0,0,0,0
ibo_test_track_a_00340,1,0,0,0,0,0
ibo_test_track_a_00341,0,0,0,1,0,0
ibo_test_track_a_00342,0,0,0,0,1,0
ibo_test_track_a_00343,0,0,0,0,0,0
ibo_test_track_a_00344,0,1,0,0,0,0
ibo_test_track_a_00345,0,0,0,0,1,0
ibo_test_track_a_00346,1,0,0,0,0,0
ibo_test_track_a_00347,0,0,0,0,0,0
ibo_test_track_a_00348,0,0,0,0,0,0
ibo_test_track_a_00349,0,0,0,1,0,0
ibo_test_track_a_00350,1,1,0,0,0,0
ibo_test_track_a_00351,0,0,0,0,0,0
ibo_test_track_a_00352,0,1,0,0,0,0
ibo_test_track_a_00353,0,0,0,0,0,0
ibo_test_track_a_00354,0,0,0,0,1,0
ibo_test_track_a_00355,0,0,0,0,1,0
ibo_test_track_a_00356,0,0,0,1,0,0
ibo_test_track_a_00357,0,0,0,0,1,0
ibo_test_track_a_00358,0,0,0,0,0,0
ibo_test_track_a_00359,0,0,0,0,1,0
ibo_test_track_a_00360,0,0,0,0,0,0
ibo_test_track_a_00361,0,0,0,0,1,0
ibo_test_track_a_00362,0,0,0,1,0,0
ibo_test_track_a_00363,0,0,0,0,0,0
ibo_test_track_a_00364,0,0,0,0,0,0
ibo_test_track_a_00365,0,0,0,0,1,0
ibo_test_track_a_00366,0,0,0,0,0,0
ibo_test_track_a_00367,0,0,1,0,0,0
ibo_test_track_a_00368,0,0,0,1,0,0
ibo_test_track_a_00369,0,0,0,1,0,0
ibo_test_track_a_00370,0,0,0,0,0,0
ibo_test_track_a_00371,1,0,0,0,0,0
ibo_test_track_a_00372,0,0,0,1,0,0
ibo_test_track_a_00373,0,0,0,0,1,0
ibo_test_track_a_00374,0,0,0,0,0,0
ibo_test_track_a_00375,0,0,0,1,0,0
ibo_test_track_a_00376,0,0,1,0,0,0
ibo_test_track_a_00377,0,0,0,1,0,0
ibo_test_track_a_00378,1,0,0,0,0,0
ibo_test_track_a_00379,0,0,0,0,1,0
ibo_test_track_a_00380,1,0,0,0,0,0
ibo_test_track_a_00381,0,0,0,0,0,0
ibo_test_track_a_00382,0,1,0,0,0,0
ibo_test_track_a_00383,0,0,0,0,0,0
ibo_test_track_a_00384,1,0,0,0,0,0
ibo_test_track_a_00385,0,0,0,1,0,0
ibo_test_track_a_00386,0,0,0,0,0,0
ibo_test_track_a_00387,0,0,0,0,1,0
ibo_test_track_a_00388,0,0,0,1,0,0
ibo_test_track_a_00389,0,0,0,0,0,0
ibo_test_track_a_00390,0,0,0,0,0,0
ibo_test_track_a_00391,0,1,0,0,0,0
ibo_test_track_a_00392,0,0,1,0,0,0
ibo_test_track_a_00393,1,0,0,0,0,0
ibo_test_track_a_00394,0,0,0,0,0,0
ibo_test_track_a_00395,0,0,0,0,0,0
ibo_test_track_a_00396,0,0,0,0,0,0
ibo_test_track_a_00397,0,0,0,0,0,0
ibo_test_track_a_00398,0,0,0,0,0,0
ibo_test_track_a_00399,0,0,0,0,1,0
ibo_test_track_a_00400,1,0,0,0,0,0
ibo_test_track_a_00401,0,0,0,1,0,0
ibo_test_track_a_00402,0,0,0,0,0,0
ibo_test_track_a_00403,1,0,0,0,0,0
ibo_test_track_a_00404,0,0,0,0,0,0
ibo_test_track_a_00405,0,0,0,0,1,0
ibo_test_track_a_00406,0,0,0,0,0,0
ibo_test_track_a_00407,0,0,0,0,0,0
ibo_test_track_a_00408,0,0,0,0,0,0
ibo_test_track_a_00409,0,1,0,0,0,0
ibo_test_track_a_00410,0,0,0,0,0,0
ibo_test_track_a_00411,0,0,0,0,0,0
ibo_test_track_a_00412,0,0,0,0,0,0
ibo_test_track_a_00413,0,0,0,0,0,0
ibo_test_track_a_00414,0,0,0,1,0,0
ibo_test_track_a_00415,0,0,0,0,0,0
ibo_test_track_a_00416,0,0,0,0,1,0
ibo_test_track_a_00417,0,0,0,0,0,0
ibo_test_track_a_00418,0,0,0,0,1,0
ibo_test_track_a_00419,0,0,0,1,0,0
ibo_test_track_a_00420,0,0,0,1,0,0
ibo_test_track_a_00421,0,1,0,0,0,0
ibo_test_track_a_00422,0,0,0,1,0,0
ibo_test_track_a_00423,0,0,0,1,0,0
ibo_test_track_a_00424,0,1,0,0,0,0
ibo_test_track_a_00425,0,0,0,0,0,0
ibo_test_track_a_00426,0,0,1,0,0,0
ibo_test_track_a_00427,0,0,0,0,1,0
ibo_test_track_a_00428,0,0,0,0,0,0
ibo_test_track_a_00429,0,1,0,0,0,0
ibo_test_track_a_00430,0,0,0,0,0,0
ibo_test_track_a_00431,0,0,0,1,0,0
ibo_test_track_a_00432,0,0,0,0,0,0
ibo_test_track_a_00433,0,0,0,0,0,0
ibo_test_track_a_00434,0,0,0,1,0,0
ibo_test_track_a_00435,0,0,0,1,0,0
ibo_test_track_a_00436,0,1,0,0,0,0
ibo_test_track_a_00437,0,0,0,0,0,0
ibo_test_track_a_00438,0,0,0,0,0,0
ibo_test_track_a_00439,0,0,0,0,1,0
ibo_test_track_a_00440,0,0,1,0,0,0
ibo_test_track_a_00441,0,0,0,1,0,0
ibo_test_track_a_00442,0,0,0,0,0,0
ibo_test_track_a_00443,0,0,0,0,0,0
ibo_test_track_a_00444,0,1,0,0,0,0
ibo_test_track_a_00445,0,0,0,0,0,0
ibo_test_track_a_00446,0,1,0,0,0,0
ibo_test_track_a_00447,0,0,0,0,0,0
ibo_test_track_a_00448,0,0,0,0,1,0
ibo_test_track_a_00449,0,0,0,0,0,0
ibo_test_track_a_00450,0,0,0,0,0,0
ibo_test_track_a_00451,0,0,0,0,0,0
ibo_test_track_a_00452,0,0,0,0,1,0
ibo_test_track_a_00453,0,0,0,1,0,0
ibo_test_track_a_00454,1,1,0,0,0,0
ibo_test_track_a_00455,0,0,0,0,0,0
ibo_test_track_a_00456,1,0,0,0,0,0
ibo_test_track_a_00457,0,0,0,1,0,0
ibo_test_track_a_00458,0,0,0,0,0,0
ibo_test_track_a_00459,0,0,0,0,0,0
ibo_test_track_a_00460,0,0,0,0,1,0
ibo_test_track_a_00461,0,0,0,0,0,0
ibo_test_track_a_00462,0,0,0,1,0,0
ibo_test_track_a_00463,0,0,0,0,0,0
ibo_test_track_a_00464,0,0,0,1,0,0
ibo_test_track_a_00465,0,0,0,0,0,0
ibo_test_track_a_00466,0,1,0,0,0,0
ibo_test_track_a_00467,0,0,0,0,0,0
ibo_test_track_a_00468,0,1,0,0,0,0
ibo_test_track_a_00469,1,0,0,0,0,0
ibo_test_track_a_00470,0,1,0,0,0,0
ibo_test_track_a_00471,0,0,0,0,0,0
ibo_test_track_a_00472,1,0,0,0,0,0
ibo_test_track_a_00473,0,1,0,0,0,0
ibo_test_track_a_00474,0,0,0,0,0,0
ibo_test_track_a_00475,0,0,0,0,1,0
ibo_test_track_a_00476,0,1,0,0,0,0
ibo_test_track_a_00477,1,0,0,0,0,0
ibo_test_track_a_00478,0,0,0,0,0,0
ibo_test_track_a_00479,0,0,0,0,0,0
ibo_test_track_a_00480,0,0,0,0,0,0
ibo_test_track_a_00481,0,1,0,0,0,0
ibo_test_track_a_00482,0,0,0,0,0,0
ibo_test_track_a_00483,0,0,0,0,0,0
ibo_test_track_a_00484,0,0,0,0,0,0
ibo_test_track_a_00485,0,0,0,0,0,0
ibo_test_track_a_00486,0,0,1,0,0,0
ibo_test_track_a_00487,0,0,0,1,0,0
ibo_test_track_a_00488,0,0,0,0,0,0
ibo_test_track_a_00489,0,0,1,0,0,1
ibo_test_track_a_00490,0,0,0,0,0,0
ibo_test_track_a_00491,0,0,0,0,0,0
ibo_test_track_a_00492,0,0,0,1,0,0
ibo_test_track_a_00493,0,1,0,0,0,0
ibo_test_track_a_00494,0,1,0,0,0,0
ibo_test_track_a_00495,0,0,0,1,0,0
ibo_test_track_a_00496,0,0,0,0,0,0
ibo_test_track_a_00497,1,0,0,0,0,0
ibo_test_track_a_00498,0,0,0,0,0,0
ibo_test_track_a_00499,1,0,0,0,0,0
ibo_test_track_a_00500,0,1,0,0,0,0
ibo_test_track_a_00501,0,0,0,0,0,0
ibo_test_track_a_00502,0,0,0,0,0,0
ibo_test_track_a_00503,0,0,0,0,1,0
ibo_test_track_a_00504,0,0,0,0,0,0
ibo_test_track_a_00505,0,1,0,0,0,0
ibo_test_track_a_00506,0,0,0,0,0,0
ibo_test_track_a_00507,0,0,0,0,0,0
ibo_test_track_a_00508,0,0,0,1,0,0
ibo_test_track_a_00509,1,0,0,0,0,0
ibo_test_track_a_00510,0,0,0,0,0,0
ibo_test_track_a_00511,0,0,0,0,0,0
ibo_test_track_a_00512,0,0,0,0,0,0
ibo_test_track_a_00513,0,0,0,0,0,0
ibo_test_track_a_00514,0,0,0,0,0,0
ibo_test_track_a_00515,0,1,0,0,0,0
ibo_test_track_a_00516,0,0,0,1,0,0
ibo_test_track_a_00517,0,1,0,0,0,0
ibo_test_track_a_00518,0,0,0,1,0,0
ibo_test_track_a_00519,0,1,0,0,0,0
ibo_test_track_a_00520,1,0,0,0,0,0
ibo_test_track_a_00521,0,0,0,0,0,0
ibo_test_track_a_00522,0,0,0,1,0,0
ibo_test_track_a_00523,0,0,0,0,0,0
ibo_test_track_a_00524,1,0,0,0,0,0
ibo_test_track_a_00525,0,0,0,0,0,0
ibo_test_track_a_00526,0,0,0,0,0,0
ibo_test_track_a_00527,0,0,0,0,0,0
ibo_test_track_a_00528,0,0,0,0,0,0
ibo_test_track_a_00529,0,0,0,0,0,0
ibo_test_track_a_00530,0,0,0,0,1,0
ibo_test_track_a_00531,0,0,0,1,0,0
ibo_test_track_a_00532,1,0,0,0,0,0
ibo_test_track_a_00533,0,0,0,0,1,0
ibo_test_track_a_00534,0,0,0,0,1,0
ibo_test_track_a_00535,0,0,0,0,0,0
ibo_test_track_a_00536,0,0,0,1,0,0
ibo_test_track_a_00537,1,0,0,0,0,0
ibo_test_track_a_00538,0,0,0,0,0,0
ibo_test_track_a_00539,1,0,0,0,0,0
ibo_test_track_a_00540,0,0,0,0,0,0
ibo_test_track_a_00541,0,0,0,0,0,0
ibo_test_track_a_00542,1,0,0,0,0,0
ibo_test_track_a_00543,0,0,0,0,0,0
ibo_test_track_a_00544,0,1,0,0,0,0
ibo_test_track_a_00545,0,0,0,0,0,0
ibo_test_track_a_00546,0,0,0,0,0,0
ibo_test_track_a_00547,0,0,0,0,1,0
ibo_test_track_a_00548,0,0,0,0,1,0
ibo_test_track_a_00549,0,0,0,1,0,0
ibo_test_track_a_00550,0,0,0,1,0,0
ibo_test_track_a_00551,0,0,0,1,0,0
ibo_test_track_a_00552,0,0,0,0,0,0
ibo_test_track_a_00553,1,0,0,0,0,0
ibo_test_track_a_00554,0,0,0,0,1,0
ibo_test_track_a_00555,0,1,0,0,0,0
ibo_test_track_a_00556,1,0,0,0,0,0
ibo_test_track_a_00557,0,0,0,0,0,0
ibo_test_track_a_00558,0,0,0,0,1,0
ibo_test_track_a_00559,0,0,0,0,0,0
ibo_test_track_a_00560,0,0,0,0,0,0
ibo_test_track_a_00561,0,0,0,0,1,0
ibo_test_track_a_00562,0,0,0,0,0,0
ibo_test_track_a_00563,0,0,0,0,1,0
ibo_test_track_a_00564,0,0,0,1,0,0
ibo_test_track_a_00565,0,0,0,0,0,0
ibo_test_track_a_00566,0,0,0,0,0,0
ibo_test_track_a_00567,1,0,0,0,0,0
ibo_test_track_a_00568,0,0,0,0,1,0
ibo_test_track_a_00569,0,0,0,0,0,0
ibo_test_track_a_00570,1,0,0,0,0,0
ibo_test_track_a_00571,0,0,0,0,0,0
ibo_test_track_a_00572,0,0,0,0,0,0
ibo_test_track_a_00573,0,0,0,0,0,0
ibo_test_track_a_00574,1,0,0,0,0,0
ibo_test_track_a_00575,1,0,0,0,0,0
ibo_test_track_a_00576,0,0,0,0,0,0
ibo_test_track_a_00577,0,0,0,0,0,0
ibo_test_track_a_00578,0,0,0,1,0,0
ibo_test_track_a_00579,0,0,0,0,0,0
ibo_test_track_a_00580,0,0,0,0,1,0
ibo_test_track_a_00581,0,0,0,0,0,0
ibo_test_track_a_00582,0,1,0,0,0,0
ibo_test_track_a_00583,0,1,0,0,0,0
ibo_test_track_a_00584,0,0,0,0,0,0
ibo_test_track_a_00585,0,0,0,1,0,0
ibo_test_track_a_00586,1,1,0,0,0,0
ibo_test_track_a_00587,0,0,0,0,0,0
ibo_test_track_a_00588,0,0,0,0,0,0
ibo_test_track_a_00589,0,0,0,0,1,0
ibo_test_track_a_00590,1,1,0,0,0,0
ibo_test_track_a_00591,1,0,0,0,0,0
ibo_test_track_a_00592,0,0,0,0,0,0
ibo_test_track_a_00593,1,0,0,0,0,0
ibo_test_track_a_00594,0,0,1,0,0,0
ibo_test_track_a_00595,0,0,0,1,0,0
ibo_test_track_a_00596,0,0,0,1,0,0
ibo_test_track_a_00597,1,0,0,0,0,0
ibo_test_track_a_00598,0,1,0,0,0,0
ibo_test_track_a_00599,1,0,0,0,0,0
ibo_test_track_a_00600,0,0,1,0,0,0
ibo_test_track_a_00601,0,0,0,0,0,0
ibo_test_track_a_00602,0,0,1,0,0,0
ibo_test_track_a_00603,0,0,0,0,0,0
ibo_test_track_a_00604,0,0,0,0,1,0
ibo_test_track_a_00605,0,0,1,0,0,0
ibo_test_track_a_00606,1,0,0,0,0,0
ibo_test_track_a_00607,0,0,0,0,0,0
ibo_test_track_a_00608,0,1,0,0,0,0
ibo_test_track_a_00609,0,0,0,0,0,0
ibo_test_track_a_00610,0,0,0,0,1,0
ibo_test_track_a_00611,0,0,0,0,0,0
ibo_test_track_a_00612,0,0,0,0,0,0
ibo_test_track_a_00613,0,0,0,0,1,0
ibo_test_track_a_00614,0,0,0,0,0,0
ibo_test_track_a_00615,0,0,0,0,0,0
ibo_test_track_a_00616,0,0,0,0,0,0
ibo_test_track_a_00617,0,0,0,0,1,0
ibo_test_track_a_00618,0,0,0,0,0,0
ibo_test_track_a_00619,0,0,0,1,0,0
ibo_test_track_a_00620,0,0,0,1,0,0
ibo_test_track_a_00621,0,0,0,1,0,0
ibo_test_track_a_00622,0,0,0,1,0,0
ibo_test_track_a_00623,0,0,0,0,1,0
ibo_test_track_a_00624,1,0,0,0,0,0
ibo_test_track_a_00625,0,0,0,0,0,0
ibo_test_track_a_00626,0,1,0,0,0,0
ibo_test_track_a_00627,0,0,1,0,0,0
ibo_test_track_a_00628,0,0,0,0,1,0
ibo_test_track_a_00629,0,0,0,0,0,0
ibo_test_track_a_00630,0,0,0,0,0,0
ibo_test_track_a_00631,0,0,0,0,0,0
ibo_test_track_a_00632,0,0,0,0,1,0
ibo_test_track_a_00633,0,0,0,0,0,0
ibo_test_track_a_00634,0,0,0,0,1,0
ibo_test_track_a_00635,0,0,0,0,1,0
ibo_test_track_a_00636,0,0,0,0,1,0
ibo_test_track_a_00637,0,1,0,0,0,0
ibo_test_track_a_00638,0,0,0,0,0,0
ibo_test_track_a_00639,0,0,0,1,0,0
ibo_test_track_a_00640,0,0,0,0,1,0
ibo_test_track_a_00641,0,0,0,0,0,0
ibo_test_track_a_00642,0,0,0,0,0,0
ibo_test_track_a_00643,0,0,0,0,0,0
ibo_test_track_a_00644,0,0,0,0,0,0
ibo_test_track_a_00645,0,0,0,0,0,0
ibo_test_track_a_00646,0,0,0,0,0,0
ibo_test_track_a_00647,0,0,0,1,0,0
ibo_test_track_a_00648,0,0,0,1,0,0
ibo_test_track_a_00649,1,0,0,0,0,0
ibo_test_track_a_00650,0,0,0,0,0,0
ibo_test_track_a_00651,0,0,0,0,0,0
ibo_test_track_a_00652,0,1,0,0,0,0
ibo_test_track_a_00653,0,0,0,0,1,0
ibo_test_track_a_00654,0,0,0,0,1,0
ibo_test_track_a_00655,0,0,0,0,0,0
ibo_test_track_a_00656,0,0,0,0,0,0
ibo_test_track_a_00657,1,0,0,0,0,0
ibo_test_track_a_00658,1,0,0,0,0,0
ibo_test_track_a_00659,0,0,0,0,0,0
ibo_test_track_a_00660,1,0,0,0,0,0
ibo_test_track_a_00661,0,0,0,1,0,0
ibo_test_track_a_00662,0,0,0,0,0,0
ibo_test_track_a_00663,0,0,0,0,0,0
ibo_test_track_a_00664,0,0,0,0,0,1
ibo_test_track_a_00665,0,1,0,0,1,0
ibo_test_track_a_00666,0,0,0,0,0,0
ibo_test_track_a_00667,1,0,0,0,0,0
ibo_test_track_a_00668,0,0,0,0,1,0
ibo_test_track_a_00669,0,0,0,0,0,0
ibo_test_track_a_00670,0,0,0,0,0,0
ibo_test_track_a_00671,1,0,0,0,0,0
ibo_test_track_a_00672,0,0,0,1,0,0
ibo_test_track_a_00673,0,0,0,0,0,0
ibo_test_track_a_00674,0,0,0,0,0,0
ibo_test_track_a_00675,0,0,0,0,0,0
ibo_test_track_a_00676,0,0,0,0,1,0
ibo_test_track_a_00677,0,0,0,0,0,0
ibo_test_track_a_00678,1,0,0,0,0,0
ibo_test_track_a_00679,0,0,0,0,0,0
ibo_test_track_a_00680,0,0,0,0,0,0
ibo_test_track_a_00681,0,0,0,0,0,0
ibo_test_track_a_00682,0,0,0,0,0,0
ibo_test_track_a_00683,1,0,0,0,0,0
ibo_test_track_a_00684,0,1,0,0,0,0
ibo_test_track_a_00685,0,1,0,0,0,0
ibo_test_track_a_00686,0,0,0,0,1,0
ibo_test_track_a_00687,0,0,0,0,1,0
ibo_test_track_a_00688,0,1,0,0,0,0
ibo_test_track_a_00689,0,0,0,0,1,0
ibo_test_track_a_00690,0,0,0,1,0,0
ibo_test_track_a_00691,0,0,0,0,1,0
ibo_test_track_a_00692,0,0,0,0,1,0
ibo_test_track_a_00693,0,0,0,0,0,0
ibo_test_track_a_00694,0,0,0,0,1,0
ibo_test_track_a_00695,0,0,0,1,0,0
ibo_test_track_a_00696,1,0,0,0,0,0
ibo_test_track_a_00697,1,0,0,0,0,0
ibo_test_track_a_00698,0,0,0,0,0,0
ibo_test_track_a_00699,0,0,0,0,0,0
ibo_test_track_a_00700,1,0,0,0,0,0
ibo_test_track_a_00701,0,0,0,0,1,0
ibo_test_track_a_00702,1,0,0,0,0,0
ibo_test_track_a_00703,0,1,0,0,0,0
ibo_test_track_a_00704,0,1,0,0,0,0
ibo_test_track_a_00705,0,0,0,0,0,0
ibo_test_track_a_00706,0,0,0,0,1,0
ibo_test_track_a_00707,0,0,0,1,0,0
ibo_test_track_a_00708,0,0,0,1,0,0
ibo_test_track_a_00709,1,0,0,0,0,0
ibo_test_track_a_00710,1,0,0,0,0,0
ibo_test_track_a_00711,0,0,0,0,1,0
ibo_test_track_a_00712,0,0,0,0,1,0
ibo_test_track_a_00713,0,0,0,0,1,0
ibo_test_track_a_00714,0,0,0,0,0,0
ibo_test_track_a_00715,0,0,0,0,0,0
ibo_test_track_a_00716,0,0,0,0,0,0
ibo_test_track_a_00717,0,0,0,0,0,0
ibo_test_track_a_00718,0,0,0,0,0,0
ibo_test_track_a_00719,0,0,0,1,0,0
ibo_test_track_a_00720,0,0,0,0,0,0
ibo_test_track_a_00721,0,0,0,0,0,0
ibo_test_track_a_00722,0,0,0,0,0,0
ibo_test_track_a_00723,0,0,0,0,0,1
ibo_test_track_a_00724,1,0,0,0,0,0
ibo_test_track_a_00725,0,0,0,0,1,0
ibo_test_track_a_00726,0,0,0,0,1,0
ibo_test_track_a_00727,0,0,0,0,1,0
ibo_test_track_a_00728,0,0,0,0,0,0
ibo_test_track_a_00729,0,0,0,0,1,0
ibo_test_track_a_00730,0,0,0,0,0,0
ibo_test_track_a_00731,0,0,0,0,0,0
ibo_test_track_a_00732,0,1,0,0,0,0
ibo_test_track_a_00733,0,1,0,0,0,0
ibo_test_track_a_00734,0,0,0,0,0,0
ibo_test_track_a_00735,0,0,0,1,0,0
ibo_test_track_a_00736,0,0,0,1,0,0
ibo_test_track_a_00737,0,0,0,0,0,0
ibo_test_track_a_00738,0,0,0,0,0,0
ibo_test_track_a_00739,0,0,0,1,0,0
ibo_test_track_a_00740,0,0,0,0,0,0
ibo_test_track_a_00741,0,0,0,0,0,0
ibo_test_track_a_00742,0,0,0,0,0,0
ibo_test_track_a_00743,0,0,0,0,0,0
ibo_test_track_a_00744,1,0,0,0,0,0
ibo_test_track_a_00745,0,0,0,0,0,0
ibo_test_track_a_00746,0,0,1,0,0,1
ibo_test_track_a_00747,0,0,0,0,0,0
ibo_test_track_a_00748,1,0,0,0,0,0
ibo_test_track_a_00749,0,0,1,0,1,0
ibo_test_track_a_00750,0,0,0,0,0,0
ibo_test_track_a_00751,1,0,0,0,0,0
ibo_test_track_a_00752,1,0,0,0,0,0
ibo_test_track_a_00753,0,0,0,0,0,0
ibo_test_track_a_00754,0,0,0,0,0,0
ibo_test_track_a_00755,0,0,0,0,0,0
ibo_test_track_a_00756,0,0,0,0,0,0
ibo_test_track_a_00757,1,0,0,0,0,0
ibo_test_track_a_00758,0,0,0,0,0,1
ibo_test_track_a_00759,0,0,0,0,1,0
ibo_test_track_a_00760,0,0,1,0,0,0
ibo_test_track_a_00761,0,0,0,0,0,0
ibo_test_track_a_00762,0,0,0,0,0,0
ibo_test_track_a_00763,1,0,0,0,0,0
ibo_test_track_a_00764,0,1,0,0,0,0
ibo_test_track_a_00765,0,0,1,0,0,0
ibo_test_track_a_00766,0,0,0,1,0,0
ibo_test_track_a_00767,0,0,1,0,0,0
ibo_test_track_a_00768,0,0,0,0,1,0
ibo_test_track_a_00769,0,0,0,0,0,0
ibo_test_track_a_00770,0,0,0,0,0,0
ibo_test_track_a_00771,1,0,0,0,0,0
ibo_test_track_a_00772,0,1,0,0,0,0
ibo_test_track_a_00773,1,0,0,0,0,0
ibo_test_track_a_00774,0,0,1,0,0,0
ibo_test_track_a_00775,0,0,0,0,0,0
ibo_test_track_a_00776,0,0,0,0,0,0
ibo_test_track_a_00777,0,0,0,0,0,0
ibo_test_track_a_00778,0,0,0,1,0,0
ibo_test_track_a_00779,0,0,1,0,0,0
ibo_test_track_a_00780,1,0,0,0,0,0
ibo_test_track_a_00781,0,0,0,0,0,0
ibo_test_track_a_00782,0,0,0,1,0,0
ibo_test_track_a_00783,0,0,0,1,0,0
ibo_test_track_a_00784,0,0,0,0,0,0
ibo_test_track_a_00785,0,0,0,0,0,0
ibo_test_track_a_00786,0,0,0,0,0,0
ibo_test_track_a_00787,1,0,0,0,0,0
ibo_test_track_a_00788,0,0,0,0,1,0
ibo_test_track_a_00789,0,0,0,0,0,0
ibo_test_track_a_00790,0,0,0,1,0,0
ibo_test_track_a_00791,0,0,0,0,1,0
ibo_test_track_a_00792,0,1,0,0,0,0
ibo_test_track_a_00793,0,0,1,0,0,0
ibo_test_track_a_00794,0,0,0,0,0,0
ibo_test_track_a_00795,0,0,0,0,0,0
ibo_test_track_a_00796,0,0,0,0,0,0
ibo_test_track_a_00797,1,0,0,0,0,0
ibo_test_track_a_00798,1,0,0,0,0,0
ibo_test_track_a_00799,1,0,0,0,0,0
ibo_test_track_a_00800,0,0,0,0,0,0
ibo_test_track_a_00801,0,0,0,0,0,0
ibo_test_track_a_00802,0,0,0,0,0,0
ibo_test_track_a_00803,0,0,0,0,0,0
ibo_test_track_a_00804,0,0,0,0,0,0
ibo_test_track_a_00805,0,0,0,0,0,0
ibo_test_track_a_00806,0,0,0,0,0,0
ibo_test_track_a_00807,0,0,0,0,0,0
ibo_test_track_a_00808,0,0,0,0,1,0
ibo_test_track_a_00809,0,0,0,0,0,0
ibo_test_track_a_00810,0,0,0,0,0,0
ibo_test_track_a_00811,0,0,0,0,0,0
ibo_test_track_a_00812,0,0,0,1,0,0
ibo_test_track_a_00813,0,0,0,0,0,0
ibo_test_track_a_00814,0,0,0,0,0,0
ibo_test_track_a_00815,1,0,0,0,0,0
ibo_test_track_a_00816,1,0,0,0,0,0
ibo_test_track_a_00817,1,0,0,0,0,0
ibo_test_track_a_00818,1,0,0,0,0,0
ibo_test_track_a_00819,0,0,0,0,1,0
ibo_test_track_a_00820,1,0,0,0,0,0
ibo_test_track_a_00821,0,0,0,1,0,0
ibo_test_track_a_00822,0,0,0,0,1,0
ibo_test_track_a_00823,0,0,0,1,0,0
ibo_test_track_a_00824,1,1,0,0,0,0
ibo_test_track_a_00825,0,1,0,0,0,0
ibo_test_track_a_00826,0,0,0,0,0,0
ibo_test_track_a_00827,0,0,0,0,0,0
ibo_test_track_a_00828,0,0,0,1,0,0
ibo_test_track_a_00829,0,0,1,0,0,0
ibo_test_track_a_00830,1,0,0,0,0,0
ibo_test_track_a_00831,0,0,0,0,0,0
ibo_test_track_a_00832,0,0,0,0,0,0
ibo_test_track_a_00833,1,0,0,0,0,0
ibo_test_track_a_00834,0,0,0,0,1,0
ibo_test_track_a_00835,1,0,0,0,0,0
ibo_test_track_a_00836,0,1,0,0,0,0
ibo_test_track_a_00837,1,0,0,0,0,0
ibo_test_track_a_00838,0,0,0,1,0,0
ibo_test_track_a_00839,0,0,0,0,0,0
ibo_test_track_a_00840,0,0,0,0,0,0
ibo_test_track_a_00841,1,0,0,0,0,0
ibo_test_track_a_00842,0,0,0,0,0,0
ibo_test_track_a_00843,0,0,0,0,0,0
ibo_test_track_a_00844,0,0,0,0,1,0
ibo_test_track_a_00845,0,0,0,1,0,0
ibo_test_track_a_00846,0,0,0,0,0,0
ibo_test_track_a_00847,0,1,0,0,0,0
ibo_test_track_a_00848,0,0,0,0,0,0
ibo_test_track_a_00849,0,0,0,0,0,0
ibo_test_track_a_00850,1,0,0,0,0,0
ibo_test_track_a_00851,0,0,0,1,0,0
ibo_test_track_a_00852,1,0,0,0,0,0
ibo_test_track_a_00853,0,0,0,0,0,0
ibo_test_track_a_00854,0,0,0,1,0,0
ibo_test_track_a_00855,0,0,0,0,0,0
ibo_test_track_a_00856,0,0,0,0,0,0
ibo_test_track_a_00857,0,0,0,0,1,0
ibo_test_track_a_00858,0,0,0,0,1,0
ibo_test_track_a_00859,0,0,0,0,0,0
ibo_test_track_a_00860,0,0,0,0,0,0
ibo_test_track_a_00861,0,0,0,0,0,0
ibo_test_track_a_00862,0,0,0,0,1,0
ibo_test_track_a_00863,0,0,0,0,0,0
ibo_test_track_a_00864,0,0,0,0,1,0
ibo_test_track_a_00865,0,0,0,1,0,0
ibo_test_track_a_00866,0,0,0,0,0,0
ibo_test_track_a_00867,0,1,0,0,0,0
ibo_test_track_a_00868,0,1,0,0,0,0
ibo_test_track_a_00869,0,0,1,0,0,0
ibo_test_track_a_00870,1,0,0,0,0,0
ibo_test_track_a_00871,0,1,0,0,0,0
ibo_test_track_a_00872,0,0,0,1,0,0
ibo_test_track_a_00873,1,0,0,0,0,0
ibo_test_track_a_00874,0,0,1,0,1,0
ibo_test_track_a_00875,0,0,0,0,0,0
ibo_test_track_a_00876,0,0,0,0,0,0
ibo_test_track_a_00877,0,0,0,0,0,0
ibo_test_track_a_00878,1,0,0,0,0,0
ibo_test_track_a_00879,0,0,0,0,0,0
ibo_test_track_a_00880,0,1,0,0,0,0
ibo_test_track_a_00881,1,0,0,0,0,0
ibo_test_track_a_00882,0,0,0,1,0,0
ibo_test_track_a_00883,0,0,0,0,1,0
ibo_test_track_a_00884,0,0,0,0,0,0
ibo_test_track_a_00885,0,0,0,0,0,0
ibo_test_track_a_00886,0,0,0,0,0,0
ibo_test_track_a_00887,0,0,0,1,0,0
ibo_test_track_a_00888,0,0,0,0,0,0
ibo_test_track_a_00889,0,0,0,0,0,0
ibo_test_track_a_00890,0,0,0,0,0,0
ibo_test_track_a_00891,0,0,0,0,0,0
ibo_test_track_a_00892,0,0,1,0,0,0
ibo_test_track_a_00893,0,0,0,0,1,0
ibo_test_track_a_00894,0,0,0,0,0,0
ibo_test_track_a_00895,0,0,0,0,0,0
ibo_test_track_a_00896,0,0,0,0,1,0
ibo_test_track_a_00897,0,0,0,0,0,0
ibo_test_track_a_00898,1,0,0,0,0,0
ibo_test_track_a_00899,1,0,0,0,0,0
ibo_test_track_a_00900,0,0,1,0,0,0
ibo_test_track_a_00901,1,0,0,0,0,0
ibo_test_track_a_00902,0,0,0,0,0,0
ibo_test_track_a_00903,0,0,0,0,1,0
ibo_test_track_a_00904,0,0,0,0,0,0
ibo_test_track_a_00905,0,0,0,0,0,0
ibo_test_track_a_00906,0,0,0,1,0,0
ibo_test_track_a_00907,1,0,0,0,0,0
ibo_test_track_a_00908,0,0,0,0,0,0
ibo_test_track_a_00909,0,0,0,1,0,0
ibo_test_track_a_00910,0,0,0,0,0,0
ibo_test_track_a_00911,0,0,0,0,1,0
ibo_test_track_a_00912,0,0,0,0,0,0
ibo_test_track_a_00913,0,0,0,0,0,0
ibo_test_track_a_00914,0,0,0,0,0,0
ibo_test_track_a_00915,0,0,0,0,0,0
ibo_test_track_a_00916,0,0,0,0,0,0
ibo_test_track_a_00917,0,0,1,0,0,0
ibo_test_track_a_00918,1,0,0,0,0,0
ibo_test_track_a_00919,0,0,0,0,1,0
ibo_test_track_a_00920,0,1,0,0,0,0
ibo_test_track_a_00921,0,0,0,0,0,0
ibo_test_track_a_00922,0,0,1,0,0,0
ibo_test_track_a_00923,0,0,1,0,0,0
ibo_test_track_a_00924,0,0,0,0,0,0
ibo_test_track_a_00925,1,1,0,0,0,0
ibo_test_track_a_00926,0,0,0,0,0,0
ibo_test_track_a_00927,0,0,0,0,1,0
ibo_test_track_a_00928,1,0,0,0,0,0
ibo_test_track_a_00929,1,0,0,0,0,0
ibo_test_track_a_00930,0,0,0,0,0,0
ibo_test_track_a_00931,0,0,1,0,0,0
ibo_test_track_a_00932,0,0,0,0,0,0
ibo_test_track_a_00933,0,0,1,0,0,0
ibo_test_track_a_00934,0,0,0,0,0,0
ibo_test_track_a_00935,0,0,0,0,0,0
ibo_test_track_a_00936,1,0,0,0,0,0
ibo_test_track_a_00937,1,0,0,0,0,0
ibo_test_track_a_00938,0,0,0,0,1,0
ibo_test_track_a_00939,0,0,0,0,0,0
ibo_test_track_a_00940,0,0,0,1,0,0
ibo_test_track_a_00941,1,0,0,0,0,0
ibo_test_track_a_00942,0,0,0,0,0,0
ibo_test_track_a_00943,0,0,0,0,0,0
ibo_test_track_a_00944,0,0,0,1,0,0
ibo_test_track_a_00945,1,0,0,0,0,0
ibo_test_track_a_00946,0,0,0,1,0,0
ibo_test_track_a_00947,0,0,0,0,0,0
ibo_test_track_a_00948,0,0,0,1,0,0
ibo_test_track_a_00949,0,0,0,0,1,0
ibo_test_track_a_00950,0,0,0,1,0,0
ibo_test_track_a_00951,1,0,0,0,0,0
ibo_test_track_a_00952,0,0,0,0,0,1
ibo_test_track_a_00953,0,0,0,0,0,0
ibo_test_track_a_00954,1,0,0,0,0,0
ibo_test_track_a_00955,0,1,0,0,1,0
ibo_test_track_a_00956,1,0,0,0,0,0
ibo_test_track_a_00957,0,1,0,0,0,0
ibo_test_track_a_00958,0,0,0,1,0,0
ibo_test_track_a_00959,1,0,0,0,0,0
ibo_test_track_a_00960,0,0,0,1,0,0
ibo_test_track_a_00961,0,0,0,0,1,0
ibo_test_track_a_00962,0,0,0,0,0,0
ibo_test_track_a_00963,0,0,0,0,1,0
ibo_test_track_a_00964,0,0,0,1,0,0
ibo_test_track_a_00965,1,0,0,0,0,0
ibo_test_track_a_00966,1,0,0,0,0,0
ibo_test_track_a_00967,0,0,0,0,0,0
ibo_test_track_a_00968,0,0,0,1,0,0
ibo_test_track_a_00969,0,0,0,0,0,0
ibo_test_track_a_00970,0,0,0,0,0,0
ibo_test_track_a_00971,1,0,0,0,0,0
ibo_test_track_a_00972,0,0,0,0,0,0
ibo_test_track_a_00973,0,0,0,0,0,0
ibo_test_track_a_00974,1,0,0,0,0,0
ibo_test_track_a_00975,1,1,0,0,0,0
ibo_test_track_a_00976,0,0,0,0,0,0
ibo_test_track_a_00977,1,0,0,0,0,0
ibo_test_track_a_00978,1,0,0,0,0,0
ibo_test_track_a_00979,0,1,0,0,0,0
ibo_test_track_a_00980,0,0,0,0,0,0
ibo_test_track_a_00981,0,0,0,0,0,0
ibo_test_track_a_00982,0,0,0,0,0,0
ibo_test_track_a_00983,0,0,0,0,0,0
ibo_test_track_a_00984,0,1,0,0,0,0
ibo_test_track_a_00985,0,1,0,0,0,0
ibo_test_track_a_00986,1,0,0,0,0,0
ibo_test_track_a_00987,0,0,0,0,1,0
ibo_test_track_a_00988,0,1,0,0,0,0
ibo_test_track_a_00989,0,0,0,0,0,0
ibo_test_track_a_00990,0,0,0,1,0,0
ibo_test_track_a_00991,0,0,0,0,1,0
ibo_test_track_a_00992,0,0,0,0,0,0
ibo_test_track_a_00993,0,0,0,0,0,0
ibo_test_track_a_00994,0,0,0,1,0,0
ibo_test_track_a_00995,0,0,0,0,0,0
ibo_test_track_a_00996,0,0,0,1,0,0
ibo_test_track_a_00997,0,0,0,0,1,0
ibo_test_track_a_00998,0,0,0,0,1,0
ibo_test_track_a_00999,0,0,0,0,0,0
ibo_test_track_a_01000,0,1,0,0,0,0
ibo_test_track_a_01001,1,0,0,0,0,0
ibo_test_track_a_01002,0,0,0,0,0,0
ibo_test_track_a_01003,0,0,0,0,0,0
ibo_test_track_a_01004,0,0,0,0,0,0
ibo_test_track_a_01005,0,0,0,0,0,0
ibo_test_track_a_01006,1,0,0,0,0,0
ibo_test_track_a_01007,1,0,0,0,0,0
ibo_test_track_a_01008,0,0,0,0,1,0
ibo_test_track_a_01009,0,0,0,0,0,0
ibo_test_track_a_01010,1,0,0,0,0,0
ibo_test_track_a_01011,0,0,0,0,0,0
ibo_test_track_a_01012,0,0,0,0,0,0
ibo_test_track_a_01013,1,1,0,0,0,0
ibo_test_track_a_01014,0,1,0,0,0,0
ibo_test_track_a_01015,0,0,0,0,0,0
ibo_test_track_a_01016,0,0,0,0,0,0
ibo_test_track_a_01017,0,0,0,0,0,0
ibo_test_track_a_01018,1,0,0,0,0,0
ibo_test_track_a_01019,0,0,0,0,0,0
ibo_test_track_a_01020,0,1,0,0,0,0
ibo_test_track_a_01021,0,0,0,1,0,0
ibo_test_track_a_01022,0,0,0,0,0,0
ibo_test_track_a_01023,0,0,0,0,0,0
ibo_test_track_a_01024,0,0,1,0,0,0
ibo_test_track_a_01025,1,0,0,0,0,0
ibo_test_track_a_01026,0,0,0,1,0,0
ibo_test_track_a_01027,1,0,0,0,0,0
ibo_test_track_a_01028,1,0,0,0,0,0
ibo_test_track_a_01029,0,0,0,0,0,0
ibo_test_track_a_01030,0,0,0,0,1,0
ibo_test_track_a_01031,0,0,0,0,0,0
ibo_test_track_a_01032,1,0,0,0,0,0
ibo_test_track_a_01033,0,0,1,0,0,0
ibo_test_track_a_01034,0,0,0,0,0,0
ibo_test_track_a_01035,0,1,0,0,0,0
ibo_test_track_a_01036,0,0,0,1,0,0
ibo_test_track_a_01037,0,0,0,0,1,0
ibo_test_track_a_01038,0,0,0,0,0,0
ibo_test_track_a_01039,0,0,0,0,0,0
ibo_test_track_a_01040,0,0,0,0,0,0
ibo_test_track_a_01041,0,0,0,0,1,0
ibo_test_track_a_01042,0,1,0,0,0,0
ibo_test_track_a_01043,0,0,0,1,0,0
ibo_test_track_a_01044,0,0,0,0,0,0
ibo_test_track_a_01045,0,0,0,0,0,0
ibo_test_track_a_01046,0,0,0,0,1,0
ibo_test_track_a_01047,0,0,0,0,0,0
ibo_test_track_a_01048,0,0,0,1,0,0
ibo_test_track_a_01049,0,1,0,0,0,0
ibo_test_track_a_01050,0,0,0,1,0,0
ibo_test_track_a_01051,0,0,0,0,0,0
ibo_test_track_a_01052,0,0,0,0,0,0
ibo_test_track_a_01053,1,0,0,0,0,0
ibo_test_track_a_01054,0,0,0,1,0,0
ibo_test_track_a_01055,1,0,0,0,0,0
ibo_test_track_a_01056,0,0,0,0,0,0
ibo_test_track_a_01057,0,0,0,1,0,0
ibo_test_track_a_01058,0,0,0,0,0,0
ibo_test_track_a_01059,1,0,0,0,0,0
ibo_test_track_a_01060,0,0,0,0,0,0
ibo_test_track_a_01061,0,0,0,1,0,0
ibo_test_track_a_01062,0,0,0,0,0,0
ibo_test_track_a_01063,0,0,0,0,0,0
ibo_test_track_a_01064,0,0,0,0,0,0
ibo_test_track_a_01065,0,0,1,0,0,0
ibo_test_track_a_01066,0,0,0,0,0,0
ibo_test_track_a_01067,0,0,0,0,0,0
ibo_test_track_a_01068,0,0,0,0,1,0
ibo_test_track_a_01069,0,0,0,0,1,0
ibo_test_track_a_01070,0,0,0,0,1,0
ibo_test_track_a_01071,0,0,0,0,0,0
ibo_test_track_a_01072,1,0,0,0,0,0
ibo_test_track_a_01073,1,0,0,0,0,0
ibo_test_track_a_01074,1,0,0,0,0,0
ibo_test_track_a_01075,0,0,0,1,0,0
ibo_test_track_a_01076,1,0,0,0,0,0
ibo_test_track_a_01077,1,0,0,0,0,0
ibo_test_track_a_01078,0,0,0,1,0,0
ibo_test_track_a_01079,0,0,0,1,0,0
ibo_test_track_a_01080,1,0,0,0,0,0
ibo_test_track_a_01081,0,0,1,0,0,0
ibo_test_track_a_01082,0,0,0,0,0,0
ibo_test_track_a_01083,0,1,0,0,0,0
ibo_test_track_a_01084,0,0,0,0,0,0
ibo_test_track_a_01085,1,1,0,0,0,0
ibo_test_track_a_01086,0,0,0,0,0,0
ibo_test_track_a_01087,0,0,0,0,1,0
ibo_test_track_a_01088,0,0,1,0,0,0
ibo_test_track_a_01089,1,0,0,0,0,0
ibo_test_track_a_01090,1,0,0,0,0,0
ibo_test_track_a_01091,0,0,0,0,0,0
ibo_test_track_a_01092,0,0,0,0,0,0
ibo_test_track_a_01093,0,0,0,0,0,0
ibo_test_track_a_01094,0,0,0,1,0,0
ibo_test_track_a_01095,0,0,1,0,0,0
ibo_test_track_a_01096,0,1,0,0,0,0
ibo_test_track_a_01097,0,1,0,0,0,0
ibo_test_track_a_01098,0,0,0,0,0,0
ibo_test_track_a_01099,0,0,0,0,0,0
ibo_test_track_a_01100,0,0,0,0,0,0
ibo_test_track_a_01101,0,0,0,0,0,0
ibo_test_track_a_01102,0,0,0,0,0,0
ibo_test_track_a_01103,0,0,0,0,1,0
ibo_test_track_a_01104,0,0,0,0,0,0
ibo_test_track_a_01105,0,0,0,0,0,0
ibo_test_track_a_01106,0,0,0,0,0,0
ibo_test_track_a_01107,0,0,0,0,0,0
ibo_test_track_a_01108,0,0,0,0,0,0
ibo_test_track_a_01109,0,0,0,1,0,0
ibo_test_track_a_01110,0,1,0,0,0,0
ibo_test_track_a_01111,0,0,0,0,0,0
ibo_test_track_a_01112,0,1,0,0,0,0
ibo_test_track_a_01113,0,0,0,0,1,0
ibo_test_track_a_01114,0,0,0,1,0,0
ibo_test_track_a_01115,0,0,0,0,1,0
ibo_test_track_a_01116,0,0,0,0,0,0
ibo_test_track_a_01117,0,0,0,0,0,0
ibo_test_track_a_01118,0,0,0,0,0,0
ibo_test_track_a_01119,0,1,0,0,0,0
ibo_test_track_a_01120,1,0,0,0,0,0
ibo_test_track_a_01121,0,0,0,0,0,0
ibo_test_track_a_01122,0,0,0,0,0,0
ibo_test_track_a_01123,0,0,1,0,0,0
ibo_test_track_a_01124,1,0,0,0,0,0
ibo_test_track_a_01125,0,0,0,0,0,0
ibo_test_track_a_01126,0,0,0,0,0,0
ibo_test_track_a_01127,1,0,0,0,0,0
ibo_test_track_a_01128,1,0,0,0,0,0
ibo_test_track_a_01129,0,0,0,0,0,0
ibo_test_track_a_01130,0,0,0,0,0,0
ibo_test_track_a_01131,0,0,0,0,0,0
ibo_test_track_a_01132,0,0,0,0,0,0
ibo_test_track_a_01133,0,0,0,0,0,0
ibo_test_track_a_01134,0,0,0,0,0,0
ibo_test_track_a_01135,0,0,0,0,1,0
ibo_test_track_a_01136,0,0,0,0,0,0
ibo_test_track_a_01137,0,1,0,0,0,0
ibo_test_track_a_01138,0,1,0,0,0,0
ibo_test_track_a_01139,0,1,0,0,0,0
ibo_test_track_a_01140,1,1,0,0,0,0
ibo_test_track_a_01141,0,0,0,0,0,0
ibo_test_track_a_01142,0,0,1,0,0,0
ibo_test_track_a_01143,0,1,0,0,0,0
ibo_test_track_a_01144,0,0,0,1,0,0
ibo_test_track_a_01145,0,0,0,0,0,0
ibo_test_track_a_01146,1,0,0,0,0,0
ibo_test_track_a_01147,0,0,1,0,0,0
ibo_test_track_a_01148,0,0,0,0,0,0
ibo_test_track_a_01149,0,0,1,0,0,0
ibo_test_track_a_01150,0,0,0,0,0,0
ibo_test_track_a_01151,0,0,0,0,0,0
ibo_test_track_a_01152,1,0,0,0,0,0
ibo_test_track_a_01153,0,0,0,0,0,0
ibo_test_track_a_01154,1,0,0,0,0,0
ibo_test_track_a_01155,0,0,0,0,0,0
ibo_test_track_a_01156,0,0,0,0,1,0
ibo_test_track_a_01157,0,0,0,0,0,0
ibo_test_track_a_01158,0,0,0,1,0,0
ibo_test_track_a_01159,0,0,0,1,0,0
ibo_test_track_a_01160,0,0,0,0,0,0
ibo_test_track_a_01161,0,0,1,0,0,0
ibo_test_track_a_01162,0,0,0,1,0,0
ibo_test_track_a_01163,0,0,0,1,0,0
ibo_test_track_a_01164,1,0,0,0,0,0
ibo_test_track_a_01165,0,1,0,0,0,0
ibo_test_track_a_01166,0,0,0,0,0,0
ibo_test_track_a_01167,1,0,0,0,0,0
ibo_test_track_a_01168,0,1,0,0,0,0
ibo_test_track_a_01169,0,0,0,0,0,0
ibo_test_track_a_01170,0,1,0,0,0,0
ibo_test_track_a_01171,0,0,0,0,0,0
ibo_test_track_a_01172,0,0,0,0,1,0
ibo_test_track_a_01173,0,0,0,0,0,0
ibo_test_track_a_01174,0,0,0,0,0,0
ibo_test_track_a_01175,0,0,0,0,0,0
ibo_test_track_a_01176,1,0,0,0,0,0
ibo_test_track_a_01177,0,0,0,0,0,0
ibo_test_track_a_01178,0,0,0,1,0,0
ibo_test_track_a_01179,0,0,0,1,0,0
ibo_test_track_a_01180,0,1,0,0,0,0
ibo_test_track_a_01181,0,0,0,0,1,0
ibo_test_track_a_01182,0,1,0,0,0,0
ibo_test_track_a_01183,0,0,0,0,1,0
ibo_test_track_a_01184,0,0,0,0,0,0
ibo_test_track_a_01185,0,0,0,0,0,0
ibo_test_track_a_01186,0,0,0,0,0,0
ibo_test_track_a_01187,0,1,0,0,0,0
ibo_test_track_a_01188,0,0,0,0,0,0
ibo_test_track_a_01189,1,0,0,0,0,0
ibo_test_track_a_01190,1,0,0,0,0,0
ibo_test_track_a_01191,1,0,0,0,0,0
ibo_test_track_a_01192,1,0,0,0,0,0
ibo_test_track_a_01193,0,0,0,0,0,0
ibo_test_track_a_01194,1,0,0,0,0,0
ibo_test_track_a_01195,0,0,0,0,0,0
ibo_test_track_a_01196,0,0,0,0,0,0
ibo_test_track_a_01197,0,0,0,1,0,0
ibo_test_track_a_01198,0,1,0,0,0,0
ibo_test_track_a_01199,0,0,0,0,0,0
ibo_test_track_a_01200,0,0,0,0,1,0
ibo_test_track_a_01201,1,0,0,0,0,0
ibo_test_track_a_01202,0,0,0,0,0,0
ibo_test_track_a_01203,1,0,0,0,0,0
ibo_test_track_a_01204,1,0,0,0,0,0
ibo_test_track_a_01205,0,0,0,0,0,0
ibo_test_track_a_01206,0,0,0,0,0,0
ibo_test_track_a_01207,0,0,0,0,0,0
ibo_test_track_a_01208,0,0,0,1,0,0
ibo_test_track_a_01209,0,0,0,0,1,0
ibo_test_track_a_01210,0,0,0,0,0,0
ibo_test_track_a_01211,0,0,0,0,0,0
ibo_test_track_a_01212,0,0,0,0,0,0
ibo_test_track_a_01213,1,1,0,0,0,0
ibo_test_track_a_01214,1,0,0,0,0,0
ibo_test_track_a_01215,0,0,0,0,0,0
ibo_test_track_a_01216,0,0,0,0,0,0
ibo_test_track_a_01217,0,0,0,0,0,0
ibo_test_track_a_01218,0,0,0,0,0,0
ibo_test_track_a_01219,0,0,0,0,0,0
ibo_test_track_a_01220,1,0,0,0,0,0
ibo_test_track_a_01221,0,0,0,0,0,0
ibo_test_track_a_01222,0,0,0,0,0,0
ibo_test_track_a_01223,0,0,0,1,0,0
ibo_test_track_a_01224,0,1,0,0,0,0
ibo_test_track_a_01225,0,0,0,1,0,0
ibo_test_track_a_01226,0,1,0,0,0,0
ibo_test_track_a_01227,1,0,0,0,0,0
ibo_test_track_a_01228,0,0,0,0,0,0
ibo_test_track_a_01229,1,0,0,0,0,0
ibo_test_track_a_01230,0,0,0,0,0,0
ibo_test_track_a_01231,0,1,0,0,0,0
ibo_test_track_a_01232,0,0,0,0,0,0
ibo_test_track_a_01233,1,0,0,0,0,0
ibo_test_track_a_01234,0,0,0,1,0,0
ibo_test_track_a_01235,0,0,0,0,1,0
ibo_test_track_a_01236,0,0,0,0,1,0
ibo_test_track_a_01237,0,1,0,0,0,0
ibo_test_track_a_01238,0,0,0,0,0,0
ibo_test_track_a_01239,0,1,0,0,0,0
ibo_test_track_a_01240,0,0,0,0,0,0
ibo_test_track_a_01241,0,0,0,0,0,0
ibo_test_track_a_01242,0,0,0,0,0,0
ibo_test_track_a_01243,0,1,0,0,0,0
ibo_test_track_a_01244,1,1,0,0,0,0
ibo_test_track_a_01245,1,0,0,0,0,0
ibo_test_track_a_01246,1,0,0,0,0,0
ibo_test_track_a_01247,0,1,0,0,0,0
ibo_test_track_a_01248,0,0,0,0,0,0
ibo_test_track_a_01249,0,1,0,0,0,0
ibo_test_track_a_01250,0,0,0,0,0,0
ibo_test_track_a_01251,0,0,0,0,0,0
ibo_test_track_a_01252,1,0,0,0,0,0
ibo_test_track_a_01253,0,1,0,0,0,0
ibo_test_track_a_01254,1,0,0,0,0,0
ibo_test_track_a_01255,0,0,0,0,0,0
ibo_test_track_a_01256,0,0,0,0,0,0
ibo_test_track_a_01257,0,0,0,0,0,0
ibo_test_track_a_01258,0,0,0,0,0,0
ibo_test_track_a_01259,1,0,0,0,0,0
ibo_test_track_a_01260,0,0,0,0,0,0
ibo_test_track_a_01261,0,0,0,0,0,0
ibo_test_track_a_01262,0,0,0,1,0,0
ibo_test_track_a_01263,0,0,0,0,0,0
ibo_test_track_a_01264,0,1,0,0,0,0
ibo_test_track_a_01265,0,0,0,1,0,0
ibo_test_track_a_01266,0,0,0,0,0,0
ibo_test_track_a_01267,0,0,0,0,0,0
ibo_test_track_a_01268,0,0,0,1,0,0
ibo_test_track_a_01269,0,1,0,0,0,0
ibo_test_track_a_01270,0,0,0,0,0,0
ibo_test_track_a_01271,0,1,0,0,0,0
ibo_test_track_a_01272,1,0,0,0,0,0
ibo_test_track_a_01273,0,0,0,1,0,0
ibo_test_track_a_01274,0,0,0,0,0,0
ibo_test_track_a_01275,0,1,0,0,0,0
ibo_test_track_a_01276,0,0,0,0,0,0
ibo_test_track_a_01277,0,1,0,0,0,0
ibo_test_track_a_01278,0,0,0,0,0,0
ibo_test_track_a_01279,0,0,0,1,0,0
ibo_test_track_a_01280,0,0,0,0,0,0
ibo_test_track_a_01281,0,0,0,1,0,0
ibo_test_track_a_01282,0,0,0,1,0,0
ibo_test_track_a_01283,0,0,0,1,0,0
ibo_test_track_a_01284,1,0,0,0,0,0
ibo_test_track_a_01285,0,1,0,0,0,0
ibo_test_track_a_01286,0,0,0,0,1,0
ibo_test_track_a_01287,0,1,0,0,0,0
ibo_test_track_a_01288,0,0,0,1,0,0
ibo_test_track_a_01289,0,0,1,0,0,0
ibo_test_track_a_01290,0,0,1,0,0,0
ibo_test_track_a_01291,0,0,0,1,0,0
ibo_test_track_a_01292,0,0,1,0,0,0
ibo_test_track_a_01293,0,0,0,0,0,0
ibo_test_track_a_01294,1,0,0,0,0,0
ibo_test_track_a_01295,0,0,0,1,0,0
ibo_test_track_a_01296,0,0,0,0,0,0
ibo_test_track_a_01297,0,0,0,0,0,0
ibo_test_track_a_01298,1,0,0,0,0,0
ibo_test_track_a_01299,0,1,0,0,0,0
ibo_test_track_a_01300,0,0,0,0,1,0
ibo_test_track_a_01301,0,1,0,0,0,0
ibo_test_track_a_01302,0,0,1,0,0,0
ibo_test_track_a_01303,0,0,0,0,0,0
ibo_test_track_a_01304,0,0,0,1,0,0
ibo_test_track_a_01305,0,0,0,0,0,0
ibo_test_track_a_01306,0,0,0,0,0,0
ibo_test_track_a_01307,0,1,0,0,0,0
ibo_test_track_a_01308,0,0,0,0,0,0
ibo_test_track_a_01309,1,0,0,0,0,0
ibo_test_track_a_01310,0,1,0,0,0,0
ibo_test_track_a_01311,1,0,0,0,0,0
ibo_test_track_a_01312,0,0,0,0,1,0
ibo_test_track_a_01313,1,0,0,0,0,0
ibo_test_track_a_01314,0,0,0,0,0,0
ibo_test_track_a_01315,0,0,0,0,0,0
ibo_test_track_a_01316,1,0,0,0,0,0
ibo_test_track_a_01317,0,0,0,0,0,0
ibo_test_track_a_01318,0,0,0,0,0,0
ibo_test_track_a_01319,0,1,0,0,0,0
ibo_test_track_a_01320,0,0,0,1,0,0
ibo_test_track_a_01321,0,0,0,1,0,0
ibo_test_track_a_01322,0,0,0,1,0,0
ibo_test_track_a_01323,0,0,0,0,0,0
ibo_test_track_a_01324,0,0,0,1,0,0
ibo_test_track_a_01325,0,0,0,0,0,0
ibo_test_track_a_01326,1,0,0,0,0,0
ibo_test_track_a_01327,1,0,0,0,0,0
ibo_test_track_a_01328,0,0,0,0,1,0
ibo_test_track_a_01329,0,0,0,0,0,0
ibo_test_track_a_01330,0,0,0,0,0,0
ibo_test_track_a_01331,0,0,0,0,1,0
ibo_test_track_a_01332,0,0,0,0,1,0
ibo_test_track_a_01333,1,0,0,0,0,0
ibo_test_track_a_01334,1,0,0,0,0,0
ibo_test_track_a_01335,0,0,1,0,0,0
ibo_test_track_a_01336,0,0,0,0,0,0
ibo_test_track_a_01337,0,0,0,0,0,0
ibo_test_track_a_01338,0,0,0,0,0,0
ibo_test_track_a_01339,0,1,0,0,0,0
ibo_test_track_a_01340,0,0,0,0,0,0
ibo_test_track_a_01341,0,0,0,0,0,0
ibo_test_track_a_01342,0,1,0,0,0,0
ibo_test_track_a_01343,0,0,0,0,0,0
ibo_test_track_a_01344,0,0,0,0,0,0
ibo_test_track_a_01345,0,0,1,0,0,1
ibo_test_track_a_01346,0,0,0,1,0,0
ibo_test_track_a_01347,0,1,0,0,0,0
ibo_test_track_a_01348,0,0,1,0,0,0
ibo_test_track_a_01349,0,0,0,0,0,0
ibo_test_track_a_01350,0,0,0,0,1,0
ibo_test_track_a_01351,0,1,0,0,0,0
ibo_test_track_a_01352,0,0,0,0,0,0
ibo_test_track_a_01353,0,0,0,0,0,0
ibo_test_track_a_01354,1,0,0,0,0,0
ibo_test_track_a_01355,0,0,0,0,0,0
ibo_test_track_a_01356,0,1,0,0,0,0
ibo_test_track_a_01357,1,0,0,0,0,0
ibo_test_track_a_01358,1,0,0,0,0,0
ibo_test_track_a_01359,0,0,0,0,0,0
ibo_test_track_a_01360,0,0,0,0,0,0
ibo_test_track_a_01361,0,0,0,0,0,0
ibo_test_track_a_01362,0,1,0,0,0,0
ibo_test_track_a_01363,0,0,0,0,0,0
ibo_test_track_a_01364,0,0,0,0,0,0
ibo_test_track_a_01365,0,0,0,0,1,0
ibo_test_track_a_01366,0,0,1,0,0,0
ibo_test_track_a_01367,1,0,0,0,0,0
ibo_test_track_a_01368,0,0,0,1,0,0
ibo_test_track_a_01369,0,0,0,0,0,0
ibo_test_track_a_01370,0,0,0,0,0,0
ibo_test_track_a_01371,0,0,0,0,1,0
ibo_test_track_a_01372,0,0,0,0,0,0
ibo_test_track_a_01373,1,0,0,0,0,0
ibo_test_track_a_01374,0,0,0,0,0,0
ibo_test_track_a_01375,0,0,0,1,0,0
ibo_test_track_a_01376,0,0,0,0,1,0
ibo_test_track_a_01377,0,0,1,0,0,0
ibo_test_track_a_01378,0,0,1,0,0,0
ibo_test_track_a_01379,0,0,0,1,0,0
ibo_test_track_a_01380,0,0,0,0,0,0
ibo_test_track_a_01381,1,0,0,0,0,0
ibo_test_track_a_01382,0,0,0,0,0,0
ibo_test_track_a_01383,0,0,0,1,0,0
ibo_test_track_a_01384,0,0,0,0,0,0
ibo_test_track_a_01385,0,0,0,0,0,0
ibo_test_track_a_01386,1,0,0,0,0,0
ibo_test_track_a_01387,0,0,0,0,0,0
ibo_test_track_a_01388,1,0,0,0,0,0
ibo_test_track_a_01389,0,0,0,0,0,0
ibo_test_track_a_01390,0,0,0,0,0,0
ibo_test_track_a_01391,0,0,0,0,1,0
ibo_test_track_a_01392,0,0,0,0,0,0
ibo_test_track_a_01393,0,0,0,0,0,0
ibo_test_track_a_01394,0,1,0,0,0,0
ibo_test_track_a_01395,0,0,0,0,0,0
ibo_test_track_a_01396,0,0,0,0,0,0
ibo_test_track_a_01397,0,1,0,0,0,0
ibo_test_track_a_01398,0,0,0,0,1,0
ibo_test_track_a_01399,0,0,0,0,0,0
ibo_test_track_a_01400,0,0,0,0,0,0
ibo_test_track_a_01401,0,0,0,1,0,0
ibo_test_track_a_01402,0,0,0,0,0,0
ibo_test_track_a_01403,0,0,0,0,0,0
ibo_test_track_a_01404,0,0,1,0,1,0
ibo_test_track_a_01405,0,0,0,0,1,0
ibo_test_track_a_01406,1,1,0,0,0,0
ibo_test_track_a_01407,0,0,0,1,0,0
ibo_test_track_a_01408,0,0,0,1,0,0
ibo_test_track_a_01409,1,0,0,0,0,0
ibo_test_track_a_01410,0,0,0,0,0,0
ibo_test_track_a_01411,0,0,0,1,0,0
ibo_test_track_a_01412,0,0,0,0,1,0
ibo_test_track_a_01413,0,1,0,0,0,0
ibo_test_track_a_01414,0,0,0,0,0,0
ibo_test_track_a_01415,0,0,0,1,0,0
ibo_test_track_a_01416,0,1,0,0,0,0
ibo_test_track_a_01417,0,0,1,0,0,0
ibo_test_track_a_01418,0,0,0,0,1,0
ibo_test_track_a_01419,0,0,0,0,0,0
ibo_test_track_a_01420,0,0,0,0,1,0
ibo_test_track_a_01421,0,0,0,0,1,0
ibo_test_track_a_01422,0,0,0,0,0,0
ibo_test_track_a_01423,0,0,0,0,0,0
ibo_test_track_a_01424,0,0,0,0,0,0
ibo_test_track_a_01425,0,0,0,0,0,0
ibo_test_track_a_01426,0,0,0,0,0,0
ibo_test_track_a_01427,1,0,0,0,0,0
ibo_test_track_a_01428,0,0,0,0,0,0
ibo_test_track_a_01429,0,0,0,1,0,0
ibo_test_track_a_01430,0,0,0,0,1,0
ibo_test_track_a_01431,1,0,0,0,0,0
ibo_test_track_a_01432,0,1,0,0,0,0
ibo_test_track_a_01433,0,0,0,0,0,0
ibo_test_track_a_01434,0,0,0,0,1,0
ibo_test_track_a_01435,0,0,0,0,0,0
ibo_test_track_a_01436,0,0,0,0,0,0
ibo_test_track_a_01437,0,0,0,0,0,0
ibo_test_track_a_01438,0,0,0,0,0,0
ibo_test_track_a_01439,0,0,0,0,0,0
ibo_test_track_a_01440,0,0,0,0,0,0
ibo_test_track_a_01441,0,0,0,0,1,0
ibo_test_track_a_01442,0,0,0,0,0,0
ibo_test_track_a_01443,0,0,0,0,0,0
ibo_test_track_a_01444,0,0,0,1,0,0
