id,anger,disgust,fear,joy,sadness,surprise
ary_test_track_a_00001,0,0,0,0,0,0
ary_test_track_a_00002,0,0,0,0,0,0
ary_test_track_a_00003,0,0,0,0,0,0
ary_test_track_a_00004,0,0,0,1,0,0
ary_test_track_a_00005,0,0,0,0,0,0
ary_test_track_a_00006,0,0,0,0,0,0
ary_test_track_a_00007,0,0,0,0,0,0
ary_test_track_a_00008,0,0,0,0,0,0
ary_test_track_a_00009,0,0,0,0,0,0
ary_test_track_a_00010,1,0,0,0,0,0
ary_test_track_a_00011,0,0,0,0,0,0
ary_test_track_a_00012,0,0,0,0,0,0
ary_test_track_a_00013,1,0,0,0,0,0
ary_test_track_a_00014,0,0,0,0,0,0
ary_test_track_a_00015,0,0,0,0,0,1
ary_test_track_a_00016,0,0,0,1,0,0
ary_test_track_a_00017,0,0,0,0,0,1
ary_test_track_a_00018,0,0,0,0,0,0
ary_test_track_a_00019,0,0,0,0,0,1
ary_test_track_a_00020,0,0,0,0,0,0
ary_test_track_a_00021,0,0,0,0,0,0
ary_test_track_a_00022,0,0,1,0,1,0
ary_test_track_a_00023,1,0,0,0,1,0
ary_test_track_a_00024,1,0,0,0,1,0
ary_test_track_a_00025,0,0,0,0,1,0
ary_test_track_a_00026,0,0,0,0,0,1
ary_test_track_a_00027,1,0,0,0,0,0
ary_test_track_a_00028,0,0,0,0,0,0
ary_test_track_a_00029,0,0,0,0,0,0
ary_test_track_a_00030,0,0,0,0,1,0
ary_test_track_a_00031,1,0,0,0,0,0
ary_test_track_a_00032,1,0,0,0,0,0
ary_test_track_a_00033,0,0,0,0,0,0
ary_test_track_a_00034,0,0,0,0,0,0
ary_test_track_a_00035,0,1,0,0,0,1
ary_test_track_a_00036,0,0,0,0,0,0
ary_test_track_a_00037,0,0,0,0,0,0
ary_test_track_a_00038,0,0,0,0,0,0
ary_test_track_a_00039,0,0,0,0,1,0
ary_test_track_a_00040,0,0,0,0,0,0
ary_test_track_a_00041,0,0,0,0,0,0
ary_test_track_a_00042,0,0,0,0,0,1
ary_test_track_a_00043,0,0,1,0,1,0
ary_test_track_a_00044,0,0,0,0,0,0
ary_test_track_a_00045,1,0,0,0,0,0
ary_test_track_a_00046,0,0,0,0,1,0
ary_test_track_a_00047,0,0,0,0,0,0
ary_test_track_a_00048,0,0,0,0,1,0
ary_test_track_a_00049,0,0,0,0,1,0
ary_test_track_a_00050,1,0,0,0,0,0
ary_test_track_a_00051,0,0,0,0,0,0
ary_test_track_a_00052,0,0,0,1,0,0
ary_test_track_a_00053,0,0,0,0,0,1
ary_test_track_a_00054,0,0,0,0,1,1
ary_test_track_a_00055,0,0,0,0,1,0
ary_test_track_a_00056,0,0,0,0,0,0
ary_test_track_a_00057,0,0,1,0,0,1
ary_test_track_a_00058,0,0,0,0,1,0
ary_test_track_a_00059,0,0,0,0,0,0
ary_test_track_a_00060,0,0,0,0,0,1
ary_test_track_a_00061,1,0,0,0,0,0
ary_test_track_a_00062,1,0,0,0,0,1
ary_test_track_a_00063,1,0,0,0,0,0
ary_test_track_a_00064,0,0,0,0,0,0
ary_test_track_a_00065,1,1,1,0,0,0
ary_test_track_a_00066,1,0,0,0,0,0
ary_test_track_a_00067,0,0,0,0,0,0
ary_test_track_a_00068,1,0,0,0,0,0
ary_test_track_a_00069,0,0,0,0,0,1
ary_test_track_a_00070,0,0,1,0,0,0
ary_test_track_a_00071,0,0,0,0,0,0
ary_test_track_a_00072,0,0,0,0,0,0
ary_test_track_a_00073,0,0,0,0,0,1
ary_test_track_a_00074,0,0,0,0,0,1
ary_test_track_a_00075,0,0,0,0,0,0
ary_test_track_a_00076,0,0,0,0,0,1
ary_test_track_a_00077,1,0,0,0,1,0
ary_test_track_a_00078,0,0,0,0,0,1
ary_test_track_a_00079,0,0,0,0,0,0
ary_test_track_a_00080,0,0,0,0,0,0
ary_test_track_a_00081,0,0,1,0,0,0
ary_test_track_a_00082,0,0,0,0,0,0
ary_test_track_a_00083,0,0,0,0,0,0
ary_test_track_a_00084,0,0,0,0,0,0
ary_test_track_a_00085,1,0,0,0,0,0
ary_test_track_a_00086,0,0,0,1,0,0
ary_test_track_a_00087,1,0,0,0,0,0
ary_test_track_a_00088,0,0,0,0,1,0
ary_test_track_a_00089,0,0,1,0,0,1
ary_test_track_a_00090,0,0,0,0,1,0
ary_test_track_a_00091,0,0,0,0,1,0
ary_test_track_a_00092,0,0,0,0,1,0
ary_test_track_a_00093,0,0,0,0,0,1
ary_test_track_a_00094,1,0,0,0,0,0
ary_test_track_a_00095,0,1,1,0,0,1
ary_test_track_a_00096,1,0,0,0,0,0
ary_test_track_a_00097,1,0,0,0,0,0
ary_test_track_a_00098,0,0,0,1,0,0
ary_test_track_a_00099,1,0,0,0,0,0
ary_test_track_a_00100,0,0,0,1,0,0
ary_test_track_a_00101,0,0,0,1,0,0
ary_test_track_a_00102,0,0,0,0,1,0
ary_test_track_a_00103,1,0,0,0,0,0
ary_test_track_a_00104,0,0,0,0,0,0
ary_test_track_a_00105,0,0,0,0,1,0
ary_test_track_a_00106,0,0,0,0,1,0
ary_test_track_a_00107,0,0,0,0,0,0
ary_test_track_a_00108,0,0,0,0,0,0
ary_test_track_a_00109,0,0,0,0,0,0
ary_test_track_a_00110,0,0,0,0,0,0
ary_test_track_a_00111,0,0,0,0,0,0
ary_test_track_a_00112,0,0,0,0,0,0
ary_test_track_a_00113,0,0,0,0,0,0
ary_test_track_a_00114,0,0,1,0,1,0
ary_test_track_a_00115,1,0,0,0,0,0
ary_test_track_a_00116,0,0,0,1,0,0
ary_test_track_a_00117,0,0,1,0,0,0
ary_test_track_a_00118,0,0,0,1,0,0
ary_test_track_a_00119,0,0,1,0,0,0
ary_test_track_a_00120,0,0,0,1,0,0
ary_test_track_a_00121,0,0,0,0,0,0
ary_test_track_a_00122,0,0,0,1,0,0
ary_test_track_a_00123,0,0,0,0,0,0
ary_test_track_a_00124,0,0,0,1,0,0
ary_test_track_a_00125,0,0,0,0,0,0
ary_test_track_a_00126,0,0,0,0,1,0
ary_test_track_a_00127,0,0,0,0,0,0
ary_test_track_a_00128,0,0,0,0,0,1
ary_test_track_a_00129,0,0,0,0,0,0
ary_test_track_a_00130,0,0,0,0,1,0
ary_test_track_a_00131,1,0,0,0,0,0
ary_test_track_a_00132,0,0,0,0,1,0
ary_test_track_a_00133,0,0,0,0,0,0
ary_test_track_a_00134,1,0,0,0,1,0
ary_test_track_a_00135,0,0,0,0,1,0
ary_test_track_a_00136,0,0,0,0,0,0
ary_test_track_a_00137,0,0,0,0,0,0
ary_test_track_a_00138,0,0,0,0,0,0
ary_test_track_a_00139,0,0,0,0,0,1
ary_test_track_a_00140,0,0,0,1,0,0
ary_test_track_a_00141,0,0,1,0,1,0
ary_test_track_a_00142,0,0,0,1,0,0
ary_test_track_a_00143,1,0,0,0,0,0
ary_test_track_a_00144,0,0,0,0,0,0
ary_test_track_a_00145,0,0,0,1,0,0
ary_test_track_a_00146,1,0,0,0,0,0
ary_test_track_a_00147,0,0,0,1,0,0
ary_test_track_a_00148,0,0,0,1,0,0
ary_test_track_a_00149,0,0,0,0,0,0
ary_test_track_a_00150,0,0,0,0,0,0
ary_test_track_a_00151,0,0,0,0,1,0
ary_test_track_a_00152,0,0,0,0,1,0
ary_test_track_a_00153,0,0,0,0,0,0
ary_test_track_a_00154,0,0,0,0,0,0
ary_test_track_a_00155,1,0,0,0,0,0
ary_test_track_a_00156,0,0,0,1,0,0
ary_test_track_a_00157,0,0,0,0,0,0
ary_test_track_a_00158,0,0,0,0,0,0
ary_test_track_a_00159,0,0,0,1,0,0
ary_test_track_a_00160,0,0,0,0,0,0
ary_test_track_a_00161,1,0,0,0,0,0
ary_test_track_a_00162,0,0,0,0,0,0
ary_test_track_a_00163,1,0,0,0,0,0
ary_test_track_a_00164,0,0,1,0,0,0
ary_test_track_a_00165,0,0,0,0,0,0
ary_test_track_a_00166,0,0,0,0,1,0
ary_test_track_a_00167,0,0,0,0,0,0
ary_test_track_a_00168,1,0,0,0,0,0
ary_test_track_a_00169,0,0,0,1,0,0
ary_test_track_a_00170,0,0,0,0,0,0
ary_test_track_a_00171,0,0,0,0,0,0
ary_test_track_a_00172,0,1,1,0,1,0
ary_test_track_a_00173,0,0,0,0,1,0
ary_test_track_a_00174,0,0,0,0,0,0
ary_test_track_a_00175,1,0,0,0,0,0
ary_test_track_a_00176,0,0,0,0,0,0
ary_test_track_a_00177,0,0,0,0,0,0
ary_test_track_a_00178,0,0,0,0,0,1
ary_test_track_a_00179,0,0,0,1,0,0
ary_test_track_a_00180,0,0,0,0,0,0
ary_test_track_a_00181,1,0,0,0,0,0
ary_test_track_a_00182,0,0,0,1,0,0
ary_test_track_a_00183,0,0,0,0,1,0
ary_test_track_a_00184,0,0,0,1,0,0
ary_test_track_a_00185,0,0,0,1,0,0
ary_test_track_a_00186,0,0,0,1,0,0
ary_test_track_a_00187,0,0,0,0,0,0
ary_test_track_a_00188,0,0,0,0,0,0
ary_test_track_a_00189,0,0,0,0,1,0
ary_test_track_a_00190,0,0,0,0,0,0
ary_test_track_a_00191,1,1,0,0,1,0
ary_test_track_a_00192,1,0,0,0,0,0
ary_test_track_a_00193,1,0,0,0,0,0
ary_test_track_a_00194,0,1,0,0,0,0
ary_test_track_a_00195,1,0,0,0,0,0
ary_test_track_a_00196,0,0,0,0,0,0
ary_test_track_a_00197,0,0,0,0,1,0
ary_test_track_a_00198,0,0,0,0,0,1
ary_test_track_a_00199,0,0,0,0,0,0
ary_test_track_a_00200,0,0,0,0,1,0
ary_test_track_a_00201,0,0,0,0,0,0
ary_test_track_a_00202,0,0,0,0,0,0
ary_test_track_a_00203,0,0,0,0,0,0
ary_test_track_a_00204,0,0,0,0,0,0
ary_test_track_a_00205,1,0,0,0,0,0
ary_test_track_a_00206,0,0,0,0,0,0
ary_test_track_a_00207,0,0,0,0,0,0
ary_test_track_a_00208,0,0,0,0,1,0
ary_test_track_a_00209,1,0,0,0,0,0
ary_test_track_a_00210,0,0,0,0,0,0
ary_test_track_a_00211,0,0,0,0,0,0
ary_test_track_a_00212,1,0,0,0,0,0
ary_test_track_a_00213,1,0,0,0,0,0
ary_test_track_a_00214,0,0,0,0,0,0
ary_test_track_a_00215,0,0,0,0,1,0
ary_test_track_a_00216,0,0,0,0,0,0
ary_test_track_a_00217,1,0,0,0,1,0
ary_test_track_a_00218,0,0,0,0,0,1
ary_test_track_a_00219,0,0,0,0,0,0
ary_test_track_a_00220,1,0,0,0,0,0
ary_test_track_a_00221,0,0,1,0,1,0
ary_test_track_a_00222,0,0,1,0,0,0
ary_test_track_a_00223,0,0,0,0,0,1
ary_test_track_a_00224,0,0,0,0,0,0
ary_test_track_a_00225,0,0,0,0,0,0
ary_test_track_a_00226,1,0,0,0,0,0
ary_test_track_a_00227,0,0,0,0,1,0
ary_test_track_a_00228,0,0,0,0,0,0
ary_test_track_a_00229,1,0,0,0,0,1
ary_test_track_a_00230,0,0,0,0,0,0
ary_test_track_a_00231,1,0,0,0,0,0
ary_test_track_a_00232,1,0,0,0,0,0
ary_test_track_a_00233,0,0,0,1,0,0
ary_test_track_a_00234,1,0,0,0,0,0
ary_test_track_a_00235,0,0,0,0,0,0
ary_test_track_a_00236,0,0,0,0,0,0
ary_test_track_a_00237,0,0,0,0,0,0
ary_test_track_a_00238,0,0,0,0,0,0
ary_test_track_a_00239,0,0,0,0,0,0
ary_test_track_a_00240,0,0,0,1,0,0
ary_test_track_a_00241,1,0,0,0,0,0
ary_test_track_a_00242,1,0,0,0,1,0
ary_test_track_a_00243,0,0,0,0,0,0
ary_test_track_a_00244,0,0,0,0,0,0
ary_test_track_a_00245,0,1,0,0,0,0
ary_test_track_a_00246,0,0,0,0,0,0
ary_test_track_a_00247,0,0,0,1,0,0
ary_test_track_a_00248,1,1,0,0,1,0
ary_test_track_a_00249,0,0,0,0,0,1
ary_test_track_a_00250,0,0,0,0,0,0
ary_test_track_a_00251,1,0,0,0,0,1
ary_test_track_a_00252,0,0,0,1,0,0
ary_test_track_a_00253,0,1,0,0,0,0
ary_test_track_a_00254,0,0,0,0,0,0
ary_test_track_a_00255,0,0,0,0,0,0
ary_test_track_a_00256,0,0,0,0,0,1
ary_test_track_a_00257,0,0,0,0,0,0
ary_test_track_a_00258,0,0,0,1,0,0
ary_test_track_a_00259,0,0,0,0,0,1
ary_test_track_a_00260,0,0,0,0,0,0
ary_test_track_a_00261,0,0,0,1,0,0
ary_test_track_a_00262,0,0,0,0,0,1
ary_test_track_a_00263,0,0,0,0,0,0
ary_test_track_a_00264,0,0,0,0,0,0
ary_test_track_a_00265,0,0,0,0,0,0
ary_test_track_a_00266,0,0,0,1,0,0
ary_test_track_a_00267,0,0,0,0,0,0
ary_test_track_a_00268,0,0,0,0,0,0
ary_test_track_a_00269,0,0,1,0,0,1
ary_test_track_a_00270,0,0,0,0,0,1
ary_test_track_a_00271,1,0,0,0,0,0
ary_test_track_a_00272,0,0,0,0,0,0
ary_test_track_a_00273,0,0,0,0,0,1
ary_test_track_a_00274,1,0,0,0,0,0
ary_test_track_a_00275,0,0,0,0,1,0
ary_test_track_a_00276,0,0,0,0,1,0
ary_test_track_a_00277,0,0,0,0,0,0
ary_test_track_a_00278,0,0,0,0,0,1
ary_test_track_a_00279,0,0,0,1,0,1
ary_test_track_a_00280,0,0,0,0,1,0
ary_test_track_a_00281,0,0,0,0,0,0
ary_test_track_a_00282,0,0,0,1,0,0
ary_test_track_a_00283,0,0,0,0,0,0
ary_test_track_a_00284,0,0,0,0,0,0
ary_test_track_a_00285,0,1,0,0,1,0
ary_test_track_a_00286,0,0,0,1,0,0
ary_test_track_a_00287,0,0,0,1,0,0
ary_test_track_a_00288,0,0,0,1,0,0
ary_test_track_a_00289,0,0,0,0,1,0
ary_test_track_a_00290,0,0,0,1,0,0
ary_test_track_a_00291,1,0,0,0,0,0
ary_test_track_a_00292,0,0,0,0,0,1
ary_test_track_a_00293,0,0,0,0,0,1
ary_test_track_a_00294,0,0,0,0,1,0
ary_test_track_a_00295,0,0,0,0,0,0
ary_test_track_a_00296,0,0,0,0,1,0
ary_test_track_a_00297,0,0,0,0,0,0
ary_test_track_a_00298,0,0,0,0,0,0
ary_test_track_a_00299,0,0,0,0,1,0
ary_test_track_a_00300,0,0,0,1,0,0
ary_test_track_a_00301,0,0,0,0,0,0
ary_test_track_a_00302,0,0,0,0,0,0
ary_test_track_a_00303,0,0,0,0,0,0
ary_test_track_a_00304,0,0,0,0,0,0
ary_test_track_a_00305,0,0,0,0,1,0
ary_test_track_a_00306,0,0,0,0,0,1
ary_test_track_a_00307,0,0,0,0,0,0
ary_test_track_a_00308,0,0,1,0,0,0
ary_test_track_a_00309,1,0,0,0,0,0
ary_test_track_a_00310,0,0,0,0,0,0
ary_test_track_a_00311,0,0,0,0,1,0
ary_test_track_a_00312,0,0,0,0,0,0
ary_test_track_a_00313,0,0,0,0,0,0
ary_test_track_a_00314,0,0,0,1,0,1
ary_test_track_a_00315,0,0,0,0,0,1
ary_test_track_a_00316,0,0,0,0,0,0
ary_test_track_a_00317,0,0,0,1,0,0
ary_test_track_a_00318,0,0,0,0,0,1
ary_test_track_a_00319,0,0,0,1,0,0
ary_test_track_a_00320,0,0,0,0,0,0
ary_test_track_a_00321,1,0,0,0,0,0
ary_test_track_a_00322,0,0,0,0,0,0
ary_test_track_a_00323,0,0,0,1,0,0
ary_test_track_a_00324,1,0,0,0,0,0
ary_test_track_a_00325,0,0,0,0,0,1
ary_test_track_a_00326,0,0,0,0,0,1
ary_test_track_a_00327,0,0,0,0,0,1
ary_test_track_a_00328,0,0,0,0,0,1
ary_test_track_a_00329,0,0,0,0,1,0
ary_test_track_a_00330,0,0,0,0,0,0
ary_test_track_a_00331,0,0,0,0,1,0
ary_test_track_a_00332,0,0,0,0,0,0
ary_test_track_a_00333,0,0,0,1,0,0
ary_test_track_a_00334,1,0,0,0,0,0
ary_test_track_a_00335,0,0,0,0,0,0
ary_test_track_a_00336,0,0,0,0,1,0
ary_test_track_a_00337,1,0,0,0,0,0
ary_test_track_a_00338,0,0,0,0,1,0
ary_test_track_a_00339,1,0,0,0,0,0
ary_test_track_a_00340,0,0,0,1,0,0
ary_test_track_a_00341,0,0,1,0,0,1
ary_test_track_a_00342,0,0,1,0,1,0
ary_test_track_a_00343,0,0,0,0,1,0
ary_test_track_a_00344,0,0,0,0,0,0
ary_test_track_a_00345,1,0,0,0,0,0
ary_test_track_a_00346,0,0,0,0,0,0
ary_test_track_a_00347,0,0,0,0,1,0
ary_test_track_a_00348,0,0,0,1,0,0
ary_test_track_a_00349,0,0,0,1,0,0
ary_test_track_a_00350,1,0,1,0,1,0
ary_test_track_a_00351,0,0,0,0,0,0
ary_test_track_a_00352,0,0,0,0,0,0
ary_test_track_a_00353,0,0,0,1,0,0
ary_test_track_a_00354,1,0,0,0,1,0
ary_test_track_a_00355,0,0,0,0,0,0
ary_test_track_a_00356,0,0,0,0,0,0
ary_test_track_a_00357,0,0,0,0,0,1
ary_test_track_a_00358,0,0,0,0,0,0
ary_test_track_a_00359,0,0,1,0,0,0
ary_test_track_a_00360,0,0,0,1,0,0
ary_test_track_a_00361,0,0,0,0,1,0
ary_test_track_a_00362,0,0,0,0,0,0
ary_test_track_a_00363,0,0,0,0,0,0
ary_test_track_a_00364,0,0,0,1,0,0
ary_test_track_a_00365,0,0,0,0,1,0
ary_test_track_a_00366,0,0,0,0,0,0
ary_test_track_a_00367,0,0,0,0,0,0
ary_test_track_a_00368,0,0,0,0,0,0
ary_test_track_a_00369,0,0,0,0,0,0
ary_test_track_a_00370,0,0,0,0,0,0
ary_test_track_a_00371,0,0,0,0,0,0
ary_test_track_a_00372,0,0,1,0,1,0
ary_test_track_a_00373,0,0,0,0,0,0
ary_test_track_a_00374,0,0,0,0,0,1
ary_test_track_a_00375,0,0,0,1,0,0
ary_test_track_a_00376,0,0,0,0,1,0
ary_test_track_a_00377,1,0,0,0,0,0
ary_test_track_a_00378,0,0,0,0,0,0
ary_test_track_a_00379,0,0,0,0,0,0
ary_test_track_a_00380,0,0,0,0,0,0
ary_test_track_a_00381,0,0,0,0,0,0
ary_test_track_a_00382,1,0,0,0,0,1
ary_test_track_a_00383,0,0,0,1,0,0
ary_test_track_a_00384,0,0,0,1,0,0
ary_test_track_a_00385,0,0,0,0,1,0
ary_test_track_a_00386,0,0,0,1,0,0
ary_test_track_a_00387,0,0,0,0,0,0
ary_test_track_a_00388,1,0,0,0,0,0
ary_test_track_a_00389,0,0,0,0,0,1
ary_test_track_a_00390,0,0,0,1,0,0
ary_test_track_a_00391,1,0,0,0,0,0
ary_test_track_a_00392,0,0,0,0,1,0
ary_test_track_a_00393,1,0,0,0,0,0
ary_test_track_a_00394,0,0,0,1,0,0
ary_test_track_a_00395,1,0,0,0,0,0
ary_test_track_a_00396,0,0,0,0,0,0
ary_test_track_a_00397,0,0,0,0,0,0
ary_test_track_a_00398,0,0,0,1,0,0
ary_test_track_a_00399,0,0,0,0,0,0
ary_test_track_a_00400,0,0,0,0,0,1
ary_test_track_a_00401,1,0,0,0,0,0
ary_test_track_a_00402,0,0,0,0,0,0
ary_test_track_a_00403,0,0,0,0,0,0
ary_test_track_a_00404,0,0,0,0,0,0
ary_test_track_a_00405,1,0,0,0,0,0
ary_test_track_a_00406,0,0,0,0,0,1
ary_test_track_a_00407,1,0,0,0,1,1
ary_test_track_a_00408,1,0,0,0,0,0
ary_test_track_a_00409,0,0,0,0,0,1
ary_test_track_a_00410,0,0,0,0,0,0
ary_test_track_a_00411,0,0,0,1,0,0
ary_test_track_a_00412,0,0,0,0,0,1
ary_test_track_a_00413,0,0,0,0,0,0
ary_test_track_a_00414,0,0,0,0,0,1
ary_test_track_a_00415,0,0,1,0,0,0
ary_test_track_a_00416,0,0,0,0,0,0
ary_test_track_a_00417,0,0,0,0,0,0
ary_test_track_a_00418,0,0,0,0,0,1
ary_test_track_a_00419,1,0,0,0,0,1
ary_test_track_a_00420,0,0,0,0,0,1
ary_test_track_a_00421,0,0,0,0,1,0
ary_test_track_a_00422,1,0,0,0,0,1
ary_test_track_a_00423,0,0,0,0,0,0
ary_test_track_a_00424,1,0,0,0,0,0
ary_test_track_a_00425,1,1,0,0,1,0
ary_test_track_a_00426,0,0,0,0,0,0
ary_test_track_a_00427,0,0,0,1,0,0
ary_test_track_a_00428,0,0,0,0,0,1
ary_test_track_a_00429,0,0,0,0,0,0
ary_test_track_a_00430,0,0,0,0,0,0
ary_test_track_a_00431,0,0,0,0,0,0
ary_test_track_a_00432,0,0,0,0,0,0
ary_test_track_a_00433,0,0,0,1,0,0
ary_test_track_a_00434,0,0,0,0,0,0
ary_test_track_a_00435,1,0,0,0,0,1
ary_test_track_a_00436,0,0,0,0,0,0
ary_test_track_a_00437,0,0,0,0,0,0
ary_test_track_a_00438,0,0,0,0,1,0
ary_test_track_a_00439,0,0,1,0,1,0
ary_test_track_a_00440,0,0,0,1,0,0
ary_test_track_a_00441,0,0,0,0,0,0
ary_test_track_a_00442,0,0,0,0,0,0
ary_test_track_a_00443,0,0,0,1,0,0
ary_test_track_a_00444,0,0,0,0,0,0
ary_test_track_a_00445,0,0,0,0,0,0
ary_test_track_a_00446,0,0,0,0,0,0
ary_test_track_a_00447,0,0,0,1,0,0
ary_test_track_a_00448,0,0,0,1,0,0
ary_test_track_a_00449,0,0,0,1,0,0
ary_test_track_a_00450,0,0,0,0,0,0
ary_test_track_a_00451,0,0,0,0,0,0
ary_test_track_a_00452,0,0,0,1,0,0
ary_test_track_a_00453,1,0,0,0,0,0
ary_test_track_a_00454,1,0,0,0,0,0
ary_test_track_a_00455,0,1,0,0,0,0
ary_test_track_a_00456,1,0,0,0,1,0
ary_test_track_a_00457,1,0,0,0,0,0
ary_test_track_a_00458,0,0,0,0,0,0
ary_test_track_a_00459,0,0,0,1,0,0
ary_test_track_a_00460,0,0,1,0,0,0
ary_test_track_a_00461,0,0,0,0,0,0
ary_test_track_a_00462,0,0,0,0,1,0
ary_test_track_a_00463,0,0,0,0,1,0
ary_test_track_a_00464,1,0,0,0,0,0
ary_test_track_a_00465,1,0,0,0,0,0
ary_test_track_a_00466,0,0,0,0,0,0
ary_test_track_a_00467,0,0,0,1,0,0
ary_test_track_a_00468,0,0,0,0,1,0
ary_test_track_a_00469,0,0,0,0,1,0
ary_test_track_a_00470,0,0,1,0,1,0
ary_test_track_a_00471,0,0,0,0,0,0
ary_test_track_a_00472,0,0,0,0,0,0
ary_test_track_a_00473,0,0,0,0,0,0
ary_test_track_a_00474,0,0,0,0,0,0
ary_test_track_a_00475,0,0,0,0,0,0
ary_test_track_a_00476,0,1,0,0,0,1
ary_test_track_a_00477,0,0,0,0,0,0
ary_test_track_a_00478,1,0,0,0,0,0
ary_test_track_a_00479,0,0,0,0,0,1
ary_test_track_a_00480,0,0,0,0,0,0
ary_test_track_a_00481,0,0,0,0,0,0
ary_test_track_a_00482,0,0,0,0,0,0
ary_test_track_a_00483,0,0,0,0,0,1
ary_test_track_a_00484,0,0,0,1,0,0
ary_test_track_a_00485,0,0,0,1,0,0
ary_test_track_a_00486,0,0,0,0,0,0
ary_test_track_a_00487,0,0,0,0,0,0
ary_test_track_a_00488,0,0,0,0,0,1
ary_test_track_a_00489,0,0,0,0,0,0
ary_test_track_a_00490,0,1,1,0,0,0
ary_test_track_a_00491,1,0,0,0,0,0
ary_test_track_a_00492,0,0,0,0,0,0
ary_test_track_a_00493,0,0,0,0,0,0
ary_test_track_a_00494,0,0,0,0,1,0
ary_test_track_a_00495,0,0,1,0,0,0
ary_test_track_a_00496,0,0,0,1,0,0
ary_test_track_a_00497,0,0,0,0,0,0
ary_test_track_a_00498,0,0,0,0,0,0
ary_test_track_a_00499,0,0,0,1,0,1
ary_test_track_a_00500,0,0,0,0,0,0
ary_test_track_a_00501,0,0,0,0,1,0
ary_test_track_a_00502,1,0,0,0,0,0
ary_test_track_a_00503,1,0,0,0,0,0
ary_test_track_a_00504,1,0,0,0,0,0
ary_test_track_a_00505,1,0,0,0,0,0
ary_test_track_a_00506,0,0,0,0,0,0
ary_test_track_a_00507,0,0,0,0,0,0
ary_test_track_a_00508,0,0,0,0,0,0
ary_test_track_a_00509,0,0,0,0,0,1
ary_test_track_a_00510,0,0,0,0,0,0
ary_test_track_a_00511,0,0,0,0,0,0
ary_test_track_a_00512,0,0,0,0,1,0
ary_test_track_a_00513,0,0,0,0,0,0
ary_test_track_a_00514,0,0,0,1,0,0
ary_test_track_a_00515,0,0,0,0,0,0
ary_test_track_a_00516,0,0,0,0,0,0
ary_test_track_a_00517,0,0,0,0,0,0
ary_test_track_a_00518,0,0,0,0,1,0
ary_test_track_a_00519,0,0,0,0,0,0
ary_test_track_a_00520,1,0,0,0,0,0
ary_test_track_a_00521,0,0,0,0,0,0
ary_test_track_a_00522,0,0,0,1,0,0
ary_test_track_a_00523,1,0,0,0,0,0
ary_test_track_a_00524,0,0,0,0,0,0
ary_test_track_a_00525,0,0,0,0,0,0
ary_test_track_a_00526,0,0,0,0,0,0
ary_test_track_a_00527,0,0,0,0,0,0
ary_test_track_a_00528,0,0,0,0,0,0
ary_test_track_a_00529,0,0,0,0,0,0
ary_test_track_a_00530,0,0,0,0,0,1
ary_test_track_a_00531,1,0,0,0,0,0
ary_test_track_a_00532,0,0,0,0,0,0
ary_test_track_a_00533,0,0,0,0,0,0
ary_test_track_a_00534,0,0,0,1,0,0
ary_test_track_a_00535,1,0,0,0,0,0
ary_test_track_a_00536,0,0,0,0,1,0
ary_test_track_a_00537,0,0,0,0,0,1
ary_test_track_a_00538,1,0,0,0,0,0
ary_test_track_a_00539,0,0,0,0,1,0
ary_test_track_a_00540,0,0,1,0,1,0
ary_test_track_a_00541,0,0,0,0,0,0
ary_test_track_a_00542,0,0,0,0,0,0
ary_test_track_a_00543,0,0,0,0,0,0
ary_test_track_a_00544,0,0,1,0,0,0
ary_test_track_a_00545,1,0,0,0,0,0
ary_test_track_a_00546,0,0,0,1,0,0
ary_test_track_a_00547,0,0,0,1,0,0
ary_test_track_a_00548,1,1,0,0,0,0
ary_test_track_a_00549,0,0,0,0,0,0
ary_test_track_a_00550,0,0,1,0,1,0
ary_test_track_a_00551,0,0,0,0,0,0
ary_test_track_a_00552,0,0,0,0,0,0
ary_test_track_a_00553,1,0,0,0,0,0
ary_test_track_a_00554,0,0,0,0,0,0
ary_test_track_a_00555,0,0,0,0,0,0
ary_test_track_a_00556,0,0,0,0,0,0
ary_test_track_a_00557,0,0,0,0,0,0
ary_test_track_a_00558,1,0,0,0,0,0
ary_test_track_a_00559,0,0,0,0,0,0
ary_test_track_a_00560,0,0,0,0,1,0
ary_test_track_a_00561,0,0,0,0,0,0
ary_test_track_a_00562,0,0,0,0,0,0
ary_test_track_a_00563,0,0,0,0,1,0
ary_test_track_a_00564,0,0,0,0,0,1
ary_test_track_a_00565,0,0,0,0,0,0
ary_test_track_a_00566,1,0,0,0,0,0
ary_test_track_a_00567,0,0,0,0,0,1
ary_test_track_a_00568,0,0,0,0,0,0
ary_test_track_a_00569,0,0,1,0,1,0
ary_test_track_a_00570,1,0,0,0,0,0
ary_test_track_a_00571,0,0,0,0,0,0
ary_test_track_a_00572,0,0,0,0,0,0
ary_test_track_a_00573,1,0,0,0,0,0
ary_test_track_a_00574,0,0,0,0,0,0
ary_test_track_a_00575,1,0,0,0,0,0
ary_test_track_a_00576,0,0,0,0,0,0
ary_test_track_a_00577,0,0,0,0,0,0
ary_test_track_a_00578,1,0,0,0,0,0
ary_test_track_a_00579,0,0,0,0,1,0
ary_test_track_a_00580,1,0,0,0,0,0
ary_test_track_a_00581,0,0,0,1,0,0
ary_test_track_a_00582,0,0,0,0,0,0
ary_test_track_a_00583,1,0,0,0,0,1
ary_test_track_a_00584,0,0,0,0,0,0
ary_test_track_a_00585,0,0,0,0,0,0
ary_test_track_a_00586,0,0,0,0,0,0
ary_test_track_a_00587,1,0,0,0,0,0
ary_test_track_a_00588,0,0,0,0,0,0
ary_test_track_a_00589,0,0,0,0,0,0
ary_test_track_a_00590,0,0,0,0,0,0
ary_test_track_a_00591,0,0,0,0,0,0
ary_test_track_a_00592,1,0,0,0,0,0
ary_test_track_a_00593,0,0,0,1,0,0
ary_test_track_a_00594,0,0,0,0,1,1
ary_test_track_a_00595,0,0,0,0,0,0
ary_test_track_a_00596,0,0,0,0,1,0
ary_test_track_a_00597,0,0,0,0,0,0
ary_test_track_a_00598,0,0,0,1,0,0
ary_test_track_a_00599,1,1,1,0,0,0
ary_test_track_a_00600,0,0,0,0,0,0
ary_test_track_a_00601,0,0,0,1,0,0
ary_test_track_a_00602,0,0,0,1,0,0
ary_test_track_a_00603,0,0,0,0,1,0
ary_test_track_a_00604,0,0,0,0,0,0
ary_test_track_a_00605,1,0,0,0,0,0
ary_test_track_a_00606,0,0,0,1,0,0
ary_test_track_a_00607,1,0,0,0,0,0
ary_test_track_a_00608,0,0,0,0,1,0
ary_test_track_a_00609,1,1,0,0,0,0
ary_test_track_a_00610,0,0,0,0,0,0
ary_test_track_a_00611,0,0,0,0,0,0
ary_test_track_a_00612,0,0,0,0,0,0
ary_test_track_a_00613,0,0,0,0,0,0
ary_test_track_a_00614,0,0,0,0,1,0
ary_test_track_a_00615,0,1,0,0,1,0
ary_test_track_a_00616,0,0,0,0,0,1
ary_test_track_a_00617,0,0,0,1,0,0
ary_test_track_a_00618,0,0,0,0,0,0
ary_test_track_a_00619,0,0,0,0,1,0
ary_test_track_a_00620,1,0,0,0,0,0
ary_test_track_a_00621,1,0,0,0,1,0
ary_test_track_a_00622,0,0,0,0,0,0
ary_test_track_a_00623,0,0,0,1,0,0
ary_test_track_a_00624,0,0,0,0,0,0
ary_test_track_a_00625,0,0,0,0,0,0
ary_test_track_a_00626,1,0,0,0,1,0
ary_test_track_a_00627,0,0,0,0,0,0
ary_test_track_a_00628,0,0,0,0,1,1
ary_test_track_a_00629,1,0,0,0,0,0
ary_test_track_a_00630,0,0,0,0,0,0
ary_test_track_a_00631,0,0,0,0,0,0
ary_test_track_a_00632,0,0,0,0,0,1
ary_test_track_a_00633,1,0,0,0,0,0
ary_test_track_a_00634,1,0,0,0,0,0
ary_test_track_a_00635,0,0,0,0,0,0
ary_test_track_a_00636,0,0,0,0,0,1
ary_test_track_a_00637,1,0,0,0,0,0
ary_test_track_a_00638,0,0,0,0,0,0
ary_test_track_a_00639,0,0,0,0,0,0
ary_test_track_a_00640,0,0,1,0,0,0
ary_test_track_a_00641,1,0,0,0,0,0
ary_test_track_a_00642,0,0,0,0,0,0
ary_test_track_a_00643,0,0,0,1,0,0
ary_test_track_a_00644,1,0,0,0,0,0
ary_test_track_a_00645,0,0,1,0,0,1
ary_test_track_a_00646,0,0,0,0,1,0
ary_test_track_a_00647,0,1,1,0,0,0
ary_test_track_a_00648,1,0,0,0,0,0
ary_test_track_a_00649,0,0,0,0,0,0
ary_test_track_a_00650,0,0,0,0,0,0
ary_test_track_a_00651,1,0,0,0,0,0
ary_test_track_a_00652,0,0,0,0,0,0
ary_test_track_a_00653,1,0,0,0,0,0
ary_test_track_a_00654,0,0,0,0,0,0
ary_test_track_a_00655,0,0,0,0,0,0
ary_test_track_a_00656,0,0,0,1,0,0
ary_test_track_a_00657,0,0,0,1,0,0
ary_test_track_a_00658,0,0,0,0,0,0
ary_test_track_a_00659,1,0,0,0,0,0
ary_test_track_a_00660,0,0,0,1,0,0
ary_test_track_a_00661,0,0,0,0,1,0
ary_test_track_a_00662,0,0,1,0,0,0
ary_test_track_a_00663,0,0,0,0,0,1
ary_test_track_a_00664,0,0,0,0,0,0
ary_test_track_a_00665,0,0,0,0,0,0
ary_test_track_a_00666,0,0,0,0,1,0
ary_test_track_a_00667,0,0,1,0,0,0
ary_test_track_a_00668,0,0,0,0,0,0
ary_test_track_a_00669,0,0,0,0,0,0
ary_test_track_a_00670,0,0,0,1,0,0
ary_test_track_a_00671,0,0,1,0,1,0
ary_test_track_a_00672,0,0,0,0,0,0
ary_test_track_a_00673,0,0,0,0,0,0
ary_test_track_a_00674,0,0,0,0,0,0
ary_test_track_a_00675,1,0,0,0,0,0
ary_test_track_a_00676,1,0,0,0,0,0
ary_test_track_a_00677,0,0,0,0,0,1
ary_test_track_a_00678,0,0,0,1,0,0
ary_test_track_a_00679,0,0,0,0,0,1
ary_test_track_a_00680,0,0,0,0,0,0
ary_test_track_a_00681,0,0,0,0,0,1
ary_test_track_a_00682,0,0,1,0,0,0
ary_test_track_a_00683,1,1,0,0,0,0
ary_test_track_a_00684,0,0,0,0,0,0
ary_test_track_a_00685,0,0,0,0,0,0
ary_test_track_a_00686,1,0,0,0,0,0
ary_test_track_a_00687,1,0,0,0,0,0
ary_test_track_a_00688,0,0,0,0,0,0
ary_test_track_a_00689,0,0,0,0,0,0
ary_test_track_a_00690,0,0,0,0,0,0
ary_test_track_a_00691,1,0,0,0,0,0
ary_test_track_a_00692,0,0,0,0,1,0
ary_test_track_a_00693,0,0,0,0,0,1
ary_test_track_a_00694,0,0,0,0,0,1
ary_test_track_a_00695,0,0,0,0,0,0
ary_test_track_a_00696,0,0,0,1,0,0
ary_test_track_a_00697,0,0,0,0,0,0
ary_test_track_a_00698,0,0,0,1,0,0
ary_test_track_a_00699,0,0,0,0,0,0
ary_test_track_a_00700,0,0,0,0,0,0
ary_test_track_a_00701,1,0,0,0,0,0
ary_test_track_a_00702,0,0,0,0,0,0
ary_test_track_a_00703,0,0,0,0,1,0
ary_test_track_a_00704,0,0,0,0,0,0
ary_test_track_a_00705,0,0,0,0,0,0
ary_test_track_a_00706,1,0,0,0,0,1
ary_test_track_a_00707,0,0,0,1,0,0
ary_test_track_a_00708,0,0,0,1,0,0
ary_test_track_a_00709,0,0,0,0,0,0
ary_test_track_a_00710,0,0,0,0,0,0
ary_test_track_a_00711,0,0,0,0,0,0
ary_test_track_a_00712,0,0,0,0,0,0
ary_test_track_a_00713,0,0,0,0,0,0
ary_test_track_a_00714,1,0,0,0,0,0
ary_test_track_a_00715,0,0,1,0,1,0
ary_test_track_a_00716,0,0,0,0,0,1
ary_test_track_a_00717,0,0,0,0,0,1
ary_test_track_a_00718,1,0,0,0,0,0
ary_test_track_a_00719,0,0,0,0,0,0
ary_test_track_a_00720,0,0,0,0,0,0
ary_test_track_a_00721,1,0,0,0,0,0
ary_test_track_a_00722,0,0,0,1,0,0
ary_test_track_a_00723,1,0,0,0,0,0
ary_test_track_a_00724,0,0,0,0,0,0
ary_test_track_a_00725,0,0,0,0,0,0
ary_test_track_a_00726,0,0,0,0,1,0
ary_test_track_a_00727,0,0,0,0,0,0
ary_test_track_a_00728,0,0,0,0,0,0
ary_test_track_a_00729,0,0,0,0,0,0
ary_test_track_a_00730,0,0,0,0,1,0
ary_test_track_a_00731,0,0,0,0,1,0
ary_test_track_a_00732,0,0,0,0,1,0
ary_test_track_a_00733,0,0,0,0,0,0
ary_test_track_a_00734,1,0,0,0,0,0
ary_test_track_a_00735,1,0,0,0,1,0
ary_test_track_a_00736,0,0,0,0,0,0
ary_test_track_a_00737,0,0,0,1,0,0
ary_test_track_a_00738,0,0,0,0,1,0
ary_test_track_a_00739,0,0,0,0,0,1
ary_test_track_a_00740,0,0,0,0,0,0
ary_test_track_a_00741,0,0,0,0,0,0
ary_test_track_a_00742,0,0,1,0,0,0
ary_test_track_a_00743,0,0,0,0,0,0
ary_test_track_a_00744,1,0,0,0,0,0
ary_test_track_a_00745,0,0,0,1,0,0
ary_test_track_a_00746,0,0,0,1,0,0
ary_test_track_a_00747,0,0,0,0,1,1
ary_test_track_a_00748,0,0,0,0,1,0
ary_test_track_a_00749,0,0,0,0,0,0
ary_test_track_a_00750,0,0,0,1,0,0
ary_test_track_a_00751,1,0,0,0,0,0
ary_test_track_a_00752,0,0,0,0,0,0
ary_test_track_a_00753,1,0,0,0,1,1
ary_test_track_a_00754,0,0,0,1,0,0
ary_test_track_a_00755,1,0,0,0,0,0
ary_test_track_a_00756,0,0,0,0,0,1
ary_test_track_a_00757,0,0,0,0,0,0
ary_test_track_a_00758,0,0,0,0,0,0
ary_test_track_a_00759,0,0,0,0,0,0
ary_test_track_a_00760,0,0,0,0,1,0
ary_test_track_a_00761,0,0,0,1,0,0
ary_test_track_a_00762,0,0,0,0,0,1
ary_test_track_a_00763,0,0,0,0,0,1
ary_test_track_a_00764,0,0,0,0,0,0
ary_test_track_a_00765,0,0,0,0,0,0
ary_test_track_a_00766,0,0,0,0,0,0
ary_test_track_a_00767,0,0,0,1,0,0
ary_test_track_a_00768,0,0,0,0,1,0
ary_test_track_a_00769,0,0,0,1,1,0
ary_test_track_a_00770,0,0,0,0,0,1
ary_test_track_a_00771,1,0,0,0,0,0
ary_test_track_a_00772,0,0,0,0,0,0
ary_test_track_a_00773,0,0,0,0,0,1
ary_test_track_a_00774,0,0,0,0,0,0
ary_test_track_a_00775,0,0,0,1,0,0
ary_test_track_a_00776,0,0,0,0,0,0
ary_test_track_a_00777,0,0,0,0,0,1
ary_test_track_a_00778,0,0,0,0,0,0
ary_test_track_a_00779,0,0,0,1,0,0
ary_test_track_a_00780,0,0,0,1,0,0
ary_test_track_a_00781,0,0,0,0,0,0
ary_test_track_a_00782,1,0,0,0,0,0
ary_test_track_a_00783,0,0,0,0,1,0
ary_test_track_a_00784,0,0,0,0,0,0
ary_test_track_a_00785,0,0,1,0,0,0
ary_test_track_a_00786,0,0,0,0,1,0
ary_test_track_a_00787,0,0,0,1,0,0
ary_test_track_a_00788,0,0,0,0,0,0
ary_test_track_a_00789,0,0,0,0,0,0
ary_test_track_a_00790,1,0,0,0,0,0
ary_test_track_a_00791,0,0,0,0,0,0
ary_test_track_a_00792,1,0,0,0,0,0
ary_test_track_a_00793,0,0,0,0,0,0
ary_test_track_a_00794,0,0,0,0,0,0
ary_test_track_a_00795,0,0,0,1,0,0
ary_test_track_a_00796,0,0,0,1,0,1
ary_test_track_a_00797,0,0,0,0,0,1
ary_test_track_a_00798,0,0,1,0,0,0
ary_test_track_a_00799,0,0,0,0,0,1
ary_test_track_a_00800,0,0,0,1,0,0
ary_test_track_a_00801,0,0,0,0,0,0
ary_test_track_a_00802,0,0,0,0,0,1
ary_test_track_a_00803,0,0,0,1,0,0
ary_test_track_a_00804,0,0,0,0,0,0
ary_test_track_a_00805,0,0,0,0,0,1
ary_test_track_a_00806,0,0,0,1,0,0
ary_test_track_a_00807,0,0,0,0,0,0
ary_test_track_a_00808,0,0,0,0,1,0
ary_test_track_a_00809,0,0,0,0,0,0
ary_test_track_a_00810,0,0,0,0,0,0
ary_test_track_a_00811,0,0,0,0,0,1
ary_test_track_a_00812,0,0,0,0,0,1
