id,anger,disgust,fear,joy,sadness,surprise
ptbr_test_track_c_00001,0,0,0,1,0,0
ptbr_test_track_c_00002,0,0,0,0,0,1
ptbr_test_track_c_00003,0,0,0,1,0,0
ptbr_test_track_c_00004,1,0,0,0,0,0
ptbr_test_track_c_00005,1,0,0,0,0,0
ptbr_test_track_c_00006,1,1,0,0,0,0
ptbr_test_track_c_00007,1,0,0,0,1,0
ptbr_test_track_c_00008,1,0,0,0,0,0
ptbr_test_track_c_00009,0,0,0,1,0,0
ptbr_test_track_c_00010,0,0,0,1,0,0
ptbr_test_track_c_00011,0,0,0,0,0,0
ptbr_test_track_c_00012,0,0,0,0,1,0
ptbr_test_track_c_00013,0,0,0,0,0,0
ptbr_test_track_c_00014,0,0,0,1,0,0
ptbr_test_track_c_00015,1,0,0,0,1,0
ptbr_test_track_c_00016,0,0,0,0,0,0
ptbr_test_track_c_00017,0,0,0,1,0,0
ptbr_test_track_c_00018,0,0,0,1,0,0
ptbr_test_track_c_00019,0,0,0,0,0,0
ptbr_test_track_c_00020,0,0,0,0,1,0
ptbr_test_track_c_00021,0,0,0,0,0,0
ptbr_test_track_c_00022,0,0,0,0,1,0
ptbr_test_track_c_00023,0,0,0,0,1,0
ptbr_test_track_c_00024,0,0,0,1,0,0
ptbr_test_track_c_00025,1,0,0,0,0,0
ptbr_test_track_c_00026,0,0,0,0,0,0
ptbr_test_track_c_00027,0,0,0,0,0,0
ptbr_test_track_c_00028,0,0,0,0,0,0
ptbr_test_track_c_00029,0,0,0,1,0,0
ptbr_test_track_c_00030,0,0,0,0,1,0
ptbr_test_track_c_00031,0,0,0,0,0,0
ptbr_test_track_c_00032,1,0,0,0,0,0
ptbr_test_track_c_00033,0,0,0,0,0,0
ptbr_test_track_c_00034,0,0,0,1,0,0
ptbr_test_track_c_00035,1,0,0,0,0,0
ptbr_test_track_c_00036,0,0,0,1,0,0
ptbr_test_track_c_00037,0,0,0,0,0,0
ptbr_test_track_c_00038,0,0,0,1,0,0
ptbr_test_track_c_00039,0,0,0,1,0,0
ptbr_test_track_c_00040,0,0,0,0,0,0
ptbr_test_track_c_00041,1,1,0,0,0,0
ptbr_test_track_c_00042,0,0,0,1,0,0
ptbr_test_track_c_00043,0,0,0,1,0,0
ptbr_test_track_c_00044,0,0,0,0,0,0
ptbr_test_track_c_00045,1,0,0,0,0,0
ptbr_test_track_c_00046,1,0,0,0,0,0
ptbr_test_track_c_00047,0,0,0,0,0,0
ptbr_test_track_c_00048,0,0,0,0,0,0
ptbr_test_track_c_00049,1,0,0,0,0,0
ptbr_test_track_c_00050,0,0,0,0,1,0
ptbr_test_track_c_00051,1,0,0,0,0,0
ptbr_test_track_c_00052,0,0,0,1,0,0
ptbr_test_track_c_00053,0,0,0,0,0,0
ptbr_test_track_c_00054,1,0,0,0,0,0
ptbr_test_track_c_00055,0,0,0,0,0,0
ptbr_test_track_c_00056,0,0,0,0,0,0
ptbr_test_track_c_00057,0,0,0,1,0,0
ptbr_test_track_c_00058,1,0,0,0,0,0
ptbr_test_track_c_00059,1,0,0,0,0,0
ptbr_test_track_c_00060,0,0,0,1,0,0
ptbr_test_track_c_00061,1,1,0,0,0,0
ptbr_test_track_c_00062,0,0,0,0,1,0
ptbr_test_track_c_00063,1,0,0,0,0,0
ptbr_test_track_c_00064,0,0,0,0,0,0
ptbr_test_track_c_00065,0,0,0,0,0,1
ptbr_test_track_c_00066,0,0,0,0,0,0
ptbr_test_track_c_00067,0,0,0,1,0,0
ptbr_test_track_c_00068,0,0,0,1,0,0
ptbr_test_track_c_00069,0,0,0,0,0,0
ptbr_test_track_c_00070,0,0,0,0,0,0
ptbr_test_track_c_00071,0,0,0,1,1,0
ptbr_test_track_c_00072,0,0,0,0,1,0
ptbr_test_track_c_00073,0,0,0,0,0,0
ptbr_test_track_c_00074,0,0,0,0,1,0
ptbr_test_track_c_00075,0,0,0,0,0,0
ptbr_test_track_c_00076,1,0,0,0,0,0
ptbr_test_track_c_00077,1,0,0,0,0,0
ptbr_test_track_c_00078,1,0,0,0,0,0
ptbr_test_track_c_00079,0,0,0,1,0,0
ptbr_test_track_c_00080,0,0,0,0,0,0
ptbr_test_track_c_00081,1,0,0,0,0,0
ptbr_test_track_c_00082,0,0,0,0,1,0
ptbr_test_track_c_00083,0,0,0,0,0,0
ptbr_test_track_c_00084,0,0,0,1,0,0
ptbr_test_track_c_00085,1,0,0,0,0,0
ptbr_test_track_c_00086,0,0,0,1,0,0
ptbr_test_track_c_00087,0,1,0,0,0,1
ptbr_test_track_c_00088,0,0,0,0,1,0
ptbr_test_track_c_00089,0,0,0,0,1,0
ptbr_test_track_c_00090,0,0,0,0,1,0
ptbr_test_track_c_00091,0,0,0,0,0,0
ptbr_test_track_c_00092,0,0,0,0,0,0
ptbr_test_track_c_00093,0,0,0,0,0,0
ptbr_test_track_c_00094,0,0,0,0,1,0
ptbr_test_track_c_00095,0,0,0,0,1,0
ptbr_test_track_c_00096,0,0,0,1,0,0
ptbr_test_track_c_00097,1,0,0,0,0,0
ptbr_test_track_c_00098,1,0,0,0,0,0
ptbr_test_track_c_00099,1,0,0,0,0,0
ptbr_test_track_c_00100,1,0,0,1,0,0
ptbr_test_track_c_00101,0,0,0,0,0,1
ptbr_test_track_c_00102,1,0,0,0,0,0
ptbr_test_track_c_00103,0,0,0,0,1,0
ptbr_test_track_c_00104,0,0,0,0,0,0
ptbr_test_track_c_00105,0,0,0,1,0,0
ptbr_test_track_c_00106,0,0,0,1,0,0
ptbr_test_track_c_00107,0,0,0,0,0,0
ptbr_test_track_c_00108,0,0,0,1,0,0
ptbr_test_track_c_00109,0,0,0,1,0,0
ptbr_test_track_c_00110,1,0,0,0,0,0
ptbr_test_track_c_00111,0,0,0,0,0,0
ptbr_test_track_c_00112,0,0,0,0,0,0
ptbr_test_track_c_00113,0,0,0,1,0,0
ptbr_test_track_c_00114,0,0,0,0,1,0
ptbr_test_track_c_00115,0,0,0,0,0,0
ptbr_test_track_c_00116,0,0,0,1,0,0
ptbr_test_track_c_00117,0,0,0,1,0,0
ptbr_test_track_c_00118,1,0,0,0,0,0
ptbr_test_track_c_00119,0,0,0,0,0,0
ptbr_test_track_c_00120,0,0,0,0,0,0
ptbr_test_track_c_00121,0,0,0,0,0,1
ptbr_test_track_c_00122,0,0,0,0,0,0
ptbr_test_track_c_00123,1,0,0,0,1,0
ptbr_test_track_c_00124,0,0,0,0,0,0
ptbr_test_track_c_00125,1,0,0,0,0,0
ptbr_test_track_c_00126,0,0,0,0,1,0
ptbr_test_track_c_00127,0,0,0,0,0,0
ptbr_test_track_c_00128,0,0,0,0,1,0
ptbr_test_track_c_00129,0,0,0,0,0,0
ptbr_test_track_c_00130,0,0,0,0,0,0
ptbr_test_track_c_00131,0,0,0,0,0,0
ptbr_test_track_c_00132,0,0,0,1,0,0
ptbr_test_track_c_00133,0,0,0,0,0,0
ptbr_test_track_c_00134,0,0,0,1,0,0
ptbr_test_track_c_00135,0,0,0,1,0,1
ptbr_test_track_c_00136,0,0,0,0,0,0
ptbr_test_track_c_00137,0,0,0,0,0,0
ptbr_test_track_c_00138,0,0,0,0,0,0
ptbr_test_track_c_00139,0,0,0,1,0,0
ptbr_test_track_c_00140,0,1,0,0,1,0
ptbr_test_track_c_00141,0,0,0,1,0,0
ptbr_test_track_c_00142,0,0,0,0,0,0
ptbr_test_track_c_00143,0,0,0,0,0,0
ptbr_test_track_c_00144,0,0,0,0,0,0
ptbr_test_track_c_00145,0,0,0,0,0,0
ptbr_test_track_c_00146,1,0,0,0,0,0
ptbr_test_track_c_00147,0,0,0,0,0,0
ptbr_test_track_c_00148,0,0,0,0,0,0
ptbr_test_track_c_00149,1,0,0,0,0,0
ptbr_test_track_c_00150,1,1,0,0,0,0
ptbr_test_track_c_00151,1,0,0,0,1,0
ptbr_test_track_c_00152,0,0,0,1,0,0
ptbr_test_track_c_00153,0,0,0,0,0,0
ptbr_test_track_c_00154,0,0,0,1,0,0
ptbr_test_track_c_00155,0,0,0,1,0,0
ptbr_test_track_c_00156,1,0,0,0,0,0
ptbr_test_track_c_00157,1,0,0,0,0,0
ptbr_test_track_c_00158,1,0,0,0,0,0
ptbr_test_track_c_00159,1,0,0,0,1,0
ptbr_test_track_c_00160,0,0,0,1,0,0
ptbr_test_track_c_00161,0,0,0,1,0,0
ptbr_test_track_c_00162,1,0,0,0,1,0
ptbr_test_track_c_00163,1,0,0,0,0,0
ptbr_test_track_c_00164,0,0,0,0,0,0
ptbr_test_track_c_00165,1,0,0,0,0,0
ptbr_test_track_c_00166,0,0,0,1,0,0
ptbr_test_track_c_00167,0,0,0,0,0,0
ptbr_test_track_c_00168,0,0,0,0,0,0
ptbr_test_track_c_00169,1,0,0,0,0,0
ptbr_test_track_c_00170,0,0,0,1,0,0
ptbr_test_track_c_00171,0,0,0,0,0,0
ptbr_test_track_c_00172,0,0,0,1,1,0
ptbr_test_track_c_00173,0,0,0,1,0,0
ptbr_test_track_c_00174,0,0,0,1,0,0
ptbr_test_track_c_00175,0,0,0,0,0,0
ptbr_test_track_c_00176,0,0,0,0,1,0
ptbr_test_track_c_00177,0,0,0,1,0,0
ptbr_test_track_c_00178,1,0,0,1,0,0
ptbr_test_track_c_00179,0,0,0,0,0,1
ptbr_test_track_c_00180,0,0,0,0,0,0
ptbr_test_track_c_00181,0,0,0,0,0,0
ptbr_test_track_c_00182,0,0,0,0,0,0
ptbr_test_track_c_00183,0,0,0,1,0,1
ptbr_test_track_c_00184,0,0,0,1,0,0
ptbr_test_track_c_00185,0,0,0,1,0,0
ptbr_test_track_c_00186,1,0,0,0,0,0
ptbr_test_track_c_00187,0,0,0,1,0,0
ptbr_test_track_c_00188,0,0,0,0,0,0
ptbr_test_track_c_00189,1,0,0,0,0,0
ptbr_test_track_c_00190,0,0,0,0,0,0
ptbr_test_track_c_00191,0,0,0,0,0,0
ptbr_test_track_c_00192,1,0,0,0,0,0
ptbr_test_track_c_00193,1,0,0,0,0,0
ptbr_test_track_c_00194,0,0,0,0,1,0
ptbr_test_track_c_00195,1,0,0,0,0,0
ptbr_test_track_c_00196,1,0,0,0,0,0
ptbr_test_track_c_00197,1,0,0,0,0,0
ptbr_test_track_c_00198,1,0,0,0,0,0
ptbr_test_track_c_00199,0,0,0,1,0,0
ptbr_test_track_c_00200,1,0,0,0,0,0
ptbr_test_track_c_00201,0,0,0,0,0,0
ptbr_test_track_c_00202,1,0,0,0,0,0
ptbr_test_track_c_00203,0,0,0,0,0,0
ptbr_test_track_c_00204,1,1,0,0,0,0
ptbr_test_track_c_00205,0,0,0,0,0,0
ptbr_test_track_c_00206,1,0,0,0,0,0
ptbr_test_track_c_00207,1,0,0,0,0,1
ptbr_test_track_c_00208,0,0,0,1,0,0
ptbr_test_track_c_00209,0,0,0,0,0,0
ptbr_test_track_c_00210,0,0,0,0,0,0
ptbr_test_track_c_00211,0,0,0,1,0,0
ptbr_test_track_c_00212,0,0,0,1,0,0
ptbr_test_track_c_00213,1,0,0,0,0,0
ptbr_test_track_c_00214,0,0,0,1,0,0
ptbr_test_track_c_00215,1,0,0,0,0,0
ptbr_test_track_c_00216,0,0,0,0,0,0
ptbr_test_track_c_00217,1,0,0,0,0,0
ptbr_test_track_c_00218,0,0,0,1,0,0
ptbr_test_track_c_00219,0,0,0,1,0,0
ptbr_test_track_c_00220,1,0,0,0,0,0
ptbr_test_track_c_00221,1,0,0,0,0,0
ptbr_test_track_c_00222,0,0,0,1,0,0
ptbr_test_track_c_00223,0,0,0,0,0,0
ptbr_test_track_c_00224,1,0,0,1,0,0
ptbr_test_track_c_00225,0,0,0,0,0,0
ptbr_test_track_c_00226,0,0,0,1,0,0
ptbr_test_track_c_00227,0,0,0,0,0,0
ptbr_test_track_c_00228,0,0,0,0,0,0
ptbr_test_track_c_00229,1,0,0,0,0,0
ptbr_test_track_c_00230,1,0,0,0,0,0
ptbr_test_track_c_00231,1,0,0,0,0,0
ptbr_test_track_c_00232,0,0,0,1,0,0
ptbr_test_track_c_00233,1,0,0,0,0,0
ptbr_test_track_c_00234,0,0,0,0,1,0
ptbr_test_track_c_00235,0,0,0,1,0,0
ptbr_test_track_c_00236,1,0,0,0,0,0
ptbr_test_track_c_00237,0,0,0,0,0,0
ptbr_test_track_c_00238,1,0,0,0,1,0
ptbr_test_track_c_00239,1,0,0,0,0,0
ptbr_test_track_c_00240,0,0,0,1,0,0
ptbr_test_track_c_00241,0,0,0,0,0,0
ptbr_test_track_c_00242,0,0,0,0,1,0
ptbr_test_track_c_00243,0,0,0,0,0,1
ptbr_test_track_c_00244,0,0,0,0,0,0
ptbr_test_track_c_00245,0,0,0,0,1,0
ptbr_test_track_c_00246,0,0,0,0,1,0
ptbr_test_track_c_00247,1,0,0,0,0,0
ptbr_test_track_c_00248,1,0,0,0,0,0
ptbr_test_track_c_00249,0,0,0,0,0,0
ptbr_test_track_c_00250,0,0,0,0,0,0
ptbr_test_track_c_00251,0,0,0,0,1,0
ptbr_test_track_c_00252,0,0,0,0,0,0
ptbr_test_track_c_00253,0,0,0,0,0,1
ptbr_test_track_c_00254,1,1,0,0,0,0
ptbr_test_track_c_00255,1,0,0,0,0,0
ptbr_test_track_c_00256,0,0,0,0,0,0
ptbr_test_track_c_00257,0,1,0,0,0,0
ptbr_test_track_c_00258,0,0,0,0,0,0
ptbr_test_track_c_00259,1,0,0,0,0,0
ptbr_test_track_c_00260,0,0,0,0,0,0
ptbr_test_track_c_00261,0,0,1,0,0,0
ptbr_test_track_c_00262,0,0,0,1,0,0
ptbr_test_track_c_00263,1,0,0,0,0,0
ptbr_test_track_c_00264,0,0,0,0,1,0
ptbr_test_track_c_00265,0,0,0,0,0,0
ptbr_test_track_c_00266,0,0,0,0,0,0
ptbr_test_track_c_00267,1,0,0,0,0,0
ptbr_test_track_c_00268,0,0,0,0,0,0
ptbr_test_track_c_00269,0,0,0,1,0,0
ptbr_test_track_c_00270,1,0,0,0,0,0
ptbr_test_track_c_00271,0,0,0,0,0,0
ptbr_test_track_c_00272,0,0,0,1,0,0
ptbr_test_track_c_00273,0,0,0,1,0,0
ptbr_test_track_c_00274,0,0,0,0,0,0
ptbr_test_track_c_00275,0,0,0,0,0,0
ptbr_test_track_c_00276,0,0,0,0,1,0
ptbr_test_track_c_00277,0,0,0,0,0,0
ptbr_test_track_c_00278,0,0,0,0,0,0
ptbr_test_track_c_00279,0,0,0,0,1,0
ptbr_test_track_c_00280,0,0,0,1,0,0
ptbr_test_track_c_00281,0,0,0,1,0,0
ptbr_test_track_c_00282,0,0,0,0,0,0
ptbr_test_track_c_00283,0,0,0,1,0,0
ptbr_test_track_c_00284,0,0,0,0,0,0
ptbr_test_track_c_00285,0,0,1,0,0,0
ptbr_test_track_c_00286,1,0,0,0,0,0
ptbr_test_track_c_00287,0,0,0,0,0,0
ptbr_test_track_c_00288,1,0,0,0,0,0
ptbr_test_track_c_00289,0,0,0,1,0,0
ptbr_test_track_c_00290,0,0,0,0,0,0
ptbr_test_track_c_00291,1,0,0,0,0,1
ptbr_test_track_c_00292,0,0,0,0,0,0
ptbr_test_track_c_00293,1,0,0,0,1,0
ptbr_test_track_c_00294,0,0,0,1,0,0
ptbr_test_track_c_00295,0,0,0,0,0,0
ptbr_test_track_c_00296,1,0,0,0,0,0
ptbr_test_track_c_00297,0,0,0,0,0,0
ptbr_test_track_c_00298,0,0,0,0,0,0
ptbr_test_track_c_00299,0,0,0,1,0,0
ptbr_test_track_c_00300,0,0,0,1,0,0
ptbr_test_track_c_00301,1,1,0,0,0,0
ptbr_test_track_c_00302,0,0,0,0,0,0
ptbr_test_track_c_00303,1,0,0,0,1,0
ptbr_test_track_c_00304,1,0,0,0,0,0
ptbr_test_track_c_00305,0,0,0,0,0,0
ptbr_test_track_c_00306,1,0,0,0,0,0
ptbr_test_track_c_00307,0,0,0,0,0,0
ptbr_test_track_c_00308,1,0,0,0,0,0
ptbr_test_track_c_00309,0,0,0,0,0,0
ptbr_test_track_c_00310,1,0,0,0,0,0
ptbr_test_track_c_00311,0,0,0,0,0,0
ptbr_test_track_c_00312,0,0,0,0,1,0
ptbr_test_track_c_00313,0,1,0,0,0,0
ptbr_test_track_c_00314,0,0,0,1,0,0
ptbr_test_track_c_00315,0,0,0,0,0,0
ptbr_test_track_c_00316,0,0,0,0,0,1
ptbr_test_track_c_00317,0,0,0,0,0,0
ptbr_test_track_c_00318,1,0,0,0,0,0
ptbr_test_track_c_00319,0,0,0,0,0,0
ptbr_test_track_c_00320,1,0,0,0,0,0
ptbr_test_track_c_00321,0,0,0,0,1,0
ptbr_test_track_c_00322,1,0,0,0,0,0
ptbr_test_track_c_00323,0,0,0,0,0,0
ptbr_test_track_c_00324,0,0,0,0,0,0
ptbr_test_track_c_00325,1,0,0,0,1,0
ptbr_test_track_c_00326,0,0,0,0,0,0
ptbr_test_track_c_00327,0,0,0,0,1,0
ptbr_test_track_c_00328,1,1,0,0,0,0
ptbr_test_track_c_00329,0,0,0,0,0,0
ptbr_test_track_c_00330,0,0,0,0,0,0
ptbr_test_track_c_00331,1,0,0,0,0,0
ptbr_test_track_c_00332,0,0,0,0,1,0
ptbr_test_track_c_00333,0,0,0,0,0,0
ptbr_test_track_c_00334,0,0,0,0,1,0
ptbr_test_track_c_00335,0,0,0,1,0,0
ptbr_test_track_c_00336,0,0,0,0,0,0
ptbr_test_track_c_00337,0,0,0,0,0,0
ptbr_test_track_c_00338,0,0,0,0,1,0
ptbr_test_track_c_00339,0,0,0,0,1,0
ptbr_test_track_c_00340,0,0,0,1,0,0
ptbr_test_track_c_00341,0,0,0,0,0,0
ptbr_test_track_c_00342,0,0,0,1,0,1
ptbr_test_track_c_00343,0,0,0,0,0,0
ptbr_test_track_c_00344,1,0,0,0,0,0
ptbr_test_track_c_00345,0,0,0,0,0,0
ptbr_test_track_c_00346,1,0,0,0,0,0
ptbr_test_track_c_00347,1,0,0,0,0,0
ptbr_test_track_c_00348,0,0,0,0,0,0
ptbr_test_track_c_00349,0,0,0,0,0,0
ptbr_test_track_c_00350,1,0,0,0,0,0
ptbr_test_track_c_00351,0,0,0,1,0,0
ptbr_test_track_c_00352,0,0,0,0,0,0
ptbr_test_track_c_00353,0,0,0,1,0,0
ptbr_test_track_c_00354,0,0,0,0,0,0
ptbr_test_track_c_00355,0,0,0,1,0,0
ptbr_test_track_c_00356,0,0,0,1,0,0
ptbr_test_track_c_00357,0,0,0,0,0,1
ptbr_test_track_c_00358,0,0,0,1,0,0
ptbr_test_track_c_00359,0,0,0,1,0,0
ptbr_test_track_c_00360,0,0,0,0,0,0
ptbr_test_track_c_00361,1,0,0,1,0,0
ptbr_test_track_c_00362,1,0,0,0,0,0
ptbr_test_track_c_00363,0,0,0,1,0,0
ptbr_test_track_c_00364,0,0,0,0,0,0
ptbr_test_track_c_00365,1,0,0,0,0,0
ptbr_test_track_c_00366,0,0,0,0,0,0
ptbr_test_track_c_00367,1,0,0,0,0,0
ptbr_test_track_c_00368,1,0,0,0,0,0
ptbr_test_track_c_00369,0,0,0,0,0,0
ptbr_test_track_c_00370,0,0,0,1,0,0
ptbr_test_track_c_00371,0,0,0,0,0,0
ptbr_test_track_c_00372,0,0,0,0,0,0
ptbr_test_track_c_00373,1,0,0,0,0,0
ptbr_test_track_c_00374,0,0,0,0,1,0
ptbr_test_track_c_00375,0,0,1,0,1,0
ptbr_test_track_c_00376,0,0,0,0,1,0
ptbr_test_track_c_00377,0,0,0,0,0,0
ptbr_test_track_c_00378,0,0,0,0,1,0
ptbr_test_track_c_00379,0,0,0,0,0,0
ptbr_test_track_c_00380,1,0,0,0,0,0
ptbr_test_track_c_00381,1,0,0,0,0,0
ptbr_test_track_c_00382,0,0,0,0,0,0
ptbr_test_track_c_00383,0,0,0,1,0,0
ptbr_test_track_c_00384,0,0,0,0,1,0
ptbr_test_track_c_00385,1,0,0,0,0,0
ptbr_test_track_c_00386,0,0,0,0,0,0
ptbr_test_track_c_00387,0,0,0,0,0,0
ptbr_test_track_c_00388,0,0,0,0,1,0
ptbr_test_track_c_00389,0,0,0,0,0,0
ptbr_test_track_c_00390,1,0,0,0,0,0
ptbr_test_track_c_00391,0,0,0,0,0,0
ptbr_test_track_c_00392,0,0,0,0,0,0
ptbr_test_track_c_00393,0,0,0,1,0,0
ptbr_test_track_c_00394,1,0,0,0,1,0
ptbr_test_track_c_00395,0,0,0,0,0,0
ptbr_test_track_c_00396,0,0,0,0,1,0
ptbr_test_track_c_00397,0,0,0,0,0,0
ptbr_test_track_c_00398,0,0,0,1,0,0
ptbr_test_track_c_00399,1,0,0,0,0,0
ptbr_test_track_c_00400,0,0,1,0,0,0
ptbr_test_track_c_00401,1,0,0,0,0,0
ptbr_test_track_c_00402,0,0,0,0,0,0
ptbr_test_track_c_00403,0,0,0,1,0,0
ptbr_test_track_c_00404,0,0,0,0,0,0
ptbr_test_track_c_00405,0,0,0,0,1,0
ptbr_test_track_c_00406,0,0,0,0,0,0
ptbr_test_track_c_00407,0,0,0,0,0,0
ptbr_test_track_c_00408,1,0,0,0,0,1
ptbr_test_track_c_00409,0,0,0,1,0,0
ptbr_test_track_c_00410,1,0,0,0,0,0
ptbr_test_track_c_00411,0,0,0,1,0,0
ptbr_test_track_c_00412,0,0,0,1,0,0
ptbr_test_track_c_00413,0,0,0,0,0,0
ptbr_test_track_c_00414,0,0,0,1,0,0
ptbr_test_track_c_00415,0,0,0,0,0,0
ptbr_test_track_c_00416,0,0,0,0,0,0
ptbr_test_track_c_00417,0,0,0,1,0,0
ptbr_test_track_c_00418,0,0,0,0,0,0
ptbr_test_track_c_00419,1,0,0,0,0,0
ptbr_test_track_c_00420,0,0,0,1,0,0
ptbr_test_track_c_00421,1,0,0,0,0,0
ptbr_test_track_c_00422,1,0,0,0,0,0
ptbr_test_track_c_00423,1,0,0,0,0,0
ptbr_test_track_c_00424,0,0,0,0,1,0
ptbr_test_track_c_00425,0,0,0,0,0,0
ptbr_test_track_c_00426,1,0,0,0,0,0
ptbr_test_track_c_00427,0,0,0,0,1,0
ptbr_test_track_c_00428,1,0,0,0,0,0
ptbr_test_track_c_00429,1,0,0,0,0,0
ptbr_test_track_c_00430,1,0,0,0,0,0
ptbr_test_track_c_00431,0,0,0,1,0,0
ptbr_test_track_c_00432,0,0,0,1,0,0
ptbr_test_track_c_00433,1,1,0,0,0,0
ptbr_test_track_c_00434,0,0,0,0,1,0
ptbr_test_track_c_00435,0,0,0,0,0,0
ptbr_test_track_c_00436,1,0,0,0,0,0
ptbr_test_track_c_00437,0,0,0,1,0,1
ptbr_test_track_c_00438,0,0,0,1,0,0
ptbr_test_track_c_00439,1,0,0,0,1,0
ptbr_test_track_c_00440,0,0,0,0,0,0
ptbr_test_track_c_00441,0,0,0,0,0,0
ptbr_test_track_c_00442,0,0,0,0,0,0
ptbr_test_track_c_00443,1,0,0,0,0,0
ptbr_test_track_c_00444,0,0,0,0,0,0
ptbr_test_track_c_00445,0,0,0,0,0,0
ptbr_test_track_c_00446,0,0,0,0,0,0
ptbr_test_track_c_00447,1,0,0,0,0,0
ptbr_test_track_c_00448,0,0,0,0,1,0
ptbr_test_track_c_00449,0,0,0,0,0,1
ptbr_test_track_c_00450,1,0,0,0,0,0
ptbr_test_track_c_00451,0,0,0,0,1,0
ptbr_test_track_c_00452,0,0,0,0,0,0
ptbr_test_track_c_00453,0,0,0,1,0,0
ptbr_test_track_c_00454,0,0,0,1,0,0
ptbr_test_track_c_00455,0,0,0,0,0,0
ptbr_test_track_c_00456,0,0,0,0,1,0
ptbr_test_track_c_00457,1,0,0,0,0,0
ptbr_test_track_c_00458,1,0,0,0,0,0
ptbr_test_track_c_00459,0,0,0,1,0,0
ptbr_test_track_c_00460,1,0,0,0,1,0
ptbr_test_track_c_00461,0,0,0,1,0,0
ptbr_test_track_c_00462,0,0,0,0,0,0
ptbr_test_track_c_00463,1,0,0,0,0,0
ptbr_test_track_c_00464,0,0,0,1,0,0
ptbr_test_track_c_00465,0,0,0,0,0,0
ptbr_test_track_c_00466,1,0,0,0,0,0
ptbr_test_track_c_00467,1,0,0,0,0,0
ptbr_test_track_c_00468,0,0,0,0,0,0
ptbr_test_track_c_00469,0,0,0,0,0,0
ptbr_test_track_c_00470,1,0,0,0,0,0
ptbr_test_track_c_00471,0,0,0,1,0,0
ptbr_test_track_c_00472,0,0,0,1,0,0
ptbr_test_track_c_00473,1,0,0,0,0,0
ptbr_test_track_c_00474,1,0,0,0,0,0
ptbr_test_track_c_00475,1,0,0,0,1,0
ptbr_test_track_c_00476,0,0,0,0,0,0
ptbr_test_track_c_00477,0,0,0,1,0,0
ptbr_test_track_c_00478,0,0,0,1,0,0
ptbr_test_track_c_00479,0,0,0,1,0,0
ptbr_test_track_c_00480,0,0,0,0,1,0
ptbr_test_track_c_00481,0,0,0,0,0,0
ptbr_test_track_c_00482,0,0,0,0,1,0
ptbr_test_track_c_00483,0,0,0,0,0,0
ptbr_test_track_c_00484,0,0,0,0,0,0
ptbr_test_track_c_00485,1,0,0,0,0,0
ptbr_test_track_c_00486,0,0,0,1,0,0
ptbr_test_track_c_00487,1,0,0,0,0,0
ptbr_test_track_c_00488,0,0,0,1,0,0
ptbr_test_track_c_00489,0,0,0,1,0,0
ptbr_test_track_c_00490,0,0,0,0,0,0
ptbr_test_track_c_00491,0,0,0,1,0,0
ptbr_test_track_c_00492,1,0,0,0,0,0
ptbr_test_track_c_00493,0,0,1,0,0,0
ptbr_test_track_c_00494,0,0,0,0,1,0
ptbr_test_track_c_00495,0,0,0,0,0,0
ptbr_test_track_c_00496,0,0,0,0,1,0
ptbr_test_track_c_00497,0,0,0,0,0,0
ptbr_test_track_c_00498,1,0,0,0,0,0
ptbr_test_track_c_00499,0,0,0,1,0,0
ptbr_test_track_c_00500,0,0,0,0,1,0
ptbr_test_track_c_00501,0,0,0,0,0,0
ptbr_test_track_c_00502,1,0,0,0,0,0
ptbr_test_track_c_00503,0,0,1,0,0,0
ptbr_test_track_c_00504,1,0,0,0,0,0
ptbr_test_track_c_00505,0,0,0,1,0,0
ptbr_test_track_c_00506,1,0,0,0,0,0
ptbr_test_track_c_00507,1,0,0,0,0,0
ptbr_test_track_c_00508,0,0,0,1,0,0
ptbr_test_track_c_00509,0,0,0,1,0,0
ptbr_test_track_c_00510,0,0,0,1,0,0
ptbr_test_track_c_00511,1,0,0,0,0,0
ptbr_test_track_c_00512,0,0,0,0,0,0
ptbr_test_track_c_00513,0,0,0,0,0,0
ptbr_test_track_c_00514,0,0,0,0,1,0
ptbr_test_track_c_00515,0,0,0,1,0,0
ptbr_test_track_c_00516,0,0,0,1,0,0
ptbr_test_track_c_00517,0,0,0,1,0,0
ptbr_test_track_c_00518,1,0,0,0,0,0
ptbr_test_track_c_00519,1,1,0,0,0,0
ptbr_test_track_c_00520,0,0,0,1,0,0
ptbr_test_track_c_00521,0,0,0,1,0,0
ptbr_test_track_c_00522,1,0,0,0,0,0
ptbr_test_track_c_00523,1,0,0,0,0,0
ptbr_test_track_c_00524,1,0,0,0,1,0
ptbr_test_track_c_00525,0,0,0,0,0,0
ptbr_test_track_c_00526,0,0,0,1,0,0
ptbr_test_track_c_00527,0,0,0,0,0,0
ptbr_test_track_c_00528,1,0,0,0,0,0
ptbr_test_track_c_00529,0,0,0,0,1,0
ptbr_test_track_c_00530,1,0,0,0,0,0
ptbr_test_track_c_00531,0,0,0,0,0,0
ptbr_test_track_c_00532,0,0,0,1,0,0
ptbr_test_track_c_00533,1,0,0,0,0,0
ptbr_test_track_c_00534,0,0,0,0,0,0
ptbr_test_track_c_00535,0,0,0,0,0,1
ptbr_test_track_c_00536,0,0,1,0,0,0
ptbr_test_track_c_00537,1,0,0,0,0,0
ptbr_test_track_c_00538,0,0,0,1,0,0
ptbr_test_track_c_00539,0,0,0,0,0,1
ptbr_test_track_c_00540,0,0,0,0,0,0
ptbr_test_track_c_00541,0,0,0,0,0,0
ptbr_test_track_c_00542,1,0,0,0,0,0
ptbr_test_track_c_00543,0,0,0,0,0,0
ptbr_test_track_c_00544,0,0,0,0,0,0
ptbr_test_track_c_00545,1,0,0,0,0,0
ptbr_test_track_c_00546,1,0,0,0,0,0
ptbr_test_track_c_00547,1,0,0,0,0,0
ptbr_test_track_c_00548,1,0,0,0,0,0
ptbr_test_track_c_00549,0,0,0,0,0,0
ptbr_test_track_c_00550,0,0,0,0,0,0
ptbr_test_track_c_00551,0,0,1,0,1,0
ptbr_test_track_c_00552,1,0,0,0,0,0
ptbr_test_track_c_00553,0,0,0,0,0,0
ptbr_test_track_c_00554,0,0,0,0,0,0
ptbr_test_track_c_00555,0,0,0,0,0,0
ptbr_test_track_c_00556,0,0,0,0,1,0
ptbr_test_track_c_00557,0,0,0,0,0,0
ptbr_test_track_c_00558,0,0,1,0,0,0
ptbr_test_track_c_00559,0,0,0,1,0,0
ptbr_test_track_c_00560,0,0,0,0,0,0
ptbr_test_track_c_00561,0,0,0,0,0,0
ptbr_test_track_c_00562,0,0,0,0,0,0
ptbr_test_track_c_00563,1,0,0,0,0,0
ptbr_test_track_c_00564,0,0,1,0,0,0
ptbr_test_track_c_00565,0,0,0,0,0,0
ptbr_test_track_c_00566,0,0,0,0,0,0
ptbr_test_track_c_00567,1,0,0,0,0,0
ptbr_test_track_c_00568,0,0,0,0,0,0
ptbr_test_track_c_00569,0,0,0,0,0,0
ptbr_test_track_c_00570,0,0,0,0,0,0
ptbr_test_track_c_00571,0,0,0,1,0,0
ptbr_test_track_c_00572,0,0,0,1,0,0
ptbr_test_track_c_00573,1,0,0,0,1,0
ptbr_test_track_c_00574,0,0,0,0,0,0
ptbr_test_track_c_00575,0,0,0,0,0,0
ptbr_test_track_c_00576,0,0,0,1,0,0
ptbr_test_track_c_00577,0,0,0,0,1,0
ptbr_test_track_c_00578,0,0,0,0,0,0
ptbr_test_track_c_00579,0,0,0,1,0,0
ptbr_test_track_c_00580,1,0,0,0,0,0
ptbr_test_track_c_00581,1,0,0,0,0,0
ptbr_test_track_c_00582,0,0,0,0,0,0
ptbr_test_track_c_00583,1,1,0,0,0,0
ptbr_test_track_c_00584,0,0,0,0,1,0
ptbr_test_track_c_00585,1,0,0,0,1,0
ptbr_test_track_c_00586,0,0,0,1,0,0
ptbr_test_track_c_00587,1,0,0,0,0,0
ptbr_test_track_c_00588,0,0,0,0,0,0
ptbr_test_track_c_00589,0,0,0,0,0,0
ptbr_test_track_c_00590,0,0,0,1,0,0
ptbr_test_track_c_00591,0,0,0,0,0,0
ptbr_test_track_c_00592,0,0,0,0,0,0
ptbr_test_track_c_00593,0,0,0,0,1,0
ptbr_test_track_c_00594,1,0,0,0,0,0
ptbr_test_track_c_00595,1,0,0,0,0,0
ptbr_test_track_c_00596,0,0,0,0,0,0
ptbr_test_track_c_00597,0,0,0,0,0,0
ptbr_test_track_c_00598,1,0,0,0,0,0
ptbr_test_track_c_00599,0,0,0,0,0,0
ptbr_test_track_c_00600,0,0,0,0,0,0
ptbr_test_track_c_00601,0,0,0,0,0,0
ptbr_test_track_c_00602,0,0,0,0,0,0
ptbr_test_track_c_00603,0,0,0,0,0,0
ptbr_test_track_c_00604,0,0,0,0,0,0
ptbr_test_track_c_00605,0,0,0,0,0,0
ptbr_test_track_c_00606,0,0,0,1,0,0
ptbr_test_track_c_00607,0,0,0,1,0,0
ptbr_test_track_c_00608,0,0,0,0,0,0
ptbr_test_track_c_00609,1,0,0,0,0,0
ptbr_test_track_c_00610,1,0,0,0,0,0
ptbr_test_track_c_00611,0,0,0,1,0,0
ptbr_test_track_c_00612,0,0,0,0,1,0
ptbr_test_track_c_00613,0,0,0,0,0,0
ptbr_test_track_c_00614,0,0,0,0,0,0
ptbr_test_track_c_00615,0,0,0,0,1,0
ptbr_test_track_c_00616,0,0,0,1,0,0
ptbr_test_track_c_00617,0,0,0,0,0,0
ptbr_test_track_c_00618,0,0,0,1,0,0
ptbr_test_track_c_00619,0,0,0,0,0,1
ptbr_test_track_c_00620,0,0,0,0,0,0
ptbr_test_track_c_00621,1,0,0,0,0,0
ptbr_test_track_c_00622,1,0,0,0,0,0
ptbr_test_track_c_00623,0,0,0,0,0,0
ptbr_test_track_c_00624,0,0,0,1,1,0
ptbr_test_track_c_00625,0,0,0,0,0,0
ptbr_test_track_c_00626,0,0,1,0,1,0
ptbr_test_track_c_00627,1,0,0,0,0,1
ptbr_test_track_c_00628,0,0,0,0,0,0
ptbr_test_track_c_00629,1,0,0,0,0,0
ptbr_test_track_c_00630,0,0,0,1,0,0
ptbr_test_track_c_00631,1,0,0,0,0,0
ptbr_test_track_c_00632,0,0,0,0,0,0
ptbr_test_track_c_00633,0,0,0,1,0,0
ptbr_test_track_c_00634,0,0,0,0,0,0
ptbr_test_track_c_00635,1,0,0,0,1,0
ptbr_test_track_c_00636,0,0,0,1,1,0
ptbr_test_track_c_00637,1,0,0,0,0,1
ptbr_test_track_c_00638,0,0,0,0,1,0
ptbr_test_track_c_00639,1,0,0,0,0,0
ptbr_test_track_c_00640,0,0,0,0,0,0
ptbr_test_track_c_00641,1,0,0,0,0,0
ptbr_test_track_c_00642,1,0,0,0,0,0
ptbr_test_track_c_00643,1,0,0,0,0,1
ptbr_test_track_c_00644,0,0,0,0,1,0
ptbr_test_track_c_00645,1,0,0,0,0,0
ptbr_test_track_c_00646,1,0,0,0,0,0
ptbr_test_track_c_00647,1,0,0,0,0,0
ptbr_test_track_c_00648,1,0,0,0,0,0
ptbr_test_track_c_00649,0,0,0,0,0,0
ptbr_test_track_c_00650,1,0,0,0,0,0
ptbr_test_track_c_00651,0,0,0,0,0,0
ptbr_test_track_c_00652,0,0,0,0,0,0
ptbr_test_track_c_00653,1,1,0,0,0,0
ptbr_test_track_c_00654,0,0,0,1,0,0
ptbr_test_track_c_00655,0,0,0,0,1,0
ptbr_test_track_c_00656,1,0,0,0,0,0
ptbr_test_track_c_00657,0,0,0,0,0,0
ptbr_test_track_c_00658,0,0,0,1,1,0
ptbr_test_track_c_00659,1,0,0,0,0,0
ptbr_test_track_c_00660,1,0,0,0,1,0
ptbr_test_track_c_00661,1,0,0,0,0,0
ptbr_test_track_c_00662,0,0,0,0,0,0
ptbr_test_track_c_00663,1,0,0,0,0,0
ptbr_test_track_c_00664,1,0,0,0,0,0
ptbr_test_track_c_00665,0,0,0,1,0,0
ptbr_test_track_c_00666,0,0,0,0,0,0
ptbr_test_track_c_00667,0,0,0,0,0,0
ptbr_test_track_c_00668,0,0,1,0,0,0
ptbr_test_track_c_00669,0,0,0,0,0,0
ptbr_test_track_c_00670,1,0,0,0,0,0
ptbr_test_track_c_00671,0,0,0,0,0,0
ptbr_test_track_c_00672,0,0,0,0,0,0
ptbr_test_track_c_00673,0,0,0,0,0,0
ptbr_test_track_c_00674,0,0,0,1,0,0
ptbr_test_track_c_00675,0,0,0,1,0,0
ptbr_test_track_c_00676,1,0,0,0,1,0
ptbr_test_track_c_00677,0,0,0,0,0,0
ptbr_test_track_c_00678,0,0,0,0,0,0
ptbr_test_track_c_00679,0,0,0,0,0,0
ptbr_test_track_c_00680,0,0,0,0,0,0
ptbr_test_track_c_00681,0,0,0,0,0,0
ptbr_test_track_c_00682,0,0,0,0,0,0
ptbr_test_track_c_00683,0,0,0,0,0,0
ptbr_test_track_c_00684,0,0,0,1,0,0
ptbr_test_track_c_00685,0,0,0,0,0,0
ptbr_test_track_c_00686,1,0,0,0,0,0
ptbr_test_track_c_00687,1,0,0,0,0,0
ptbr_test_track_c_00688,0,0,0,0,0,0
ptbr_test_track_c_00689,0,0,0,0,0,0
ptbr_test_track_c_00690,0,0,0,1,0,0
ptbr_test_track_c_00691,0,0,0,1,0,0
ptbr_test_track_c_00692,1,0,0,0,0,1
ptbr_test_track_c_00693,0,0,0,1,0,0
ptbr_test_track_c_00694,0,0,0,0,0,0
ptbr_test_track_c_00695,1,0,0,0,0,0
ptbr_test_track_c_00696,0,0,0,0,0,0
ptbr_test_track_c_00697,0,0,0,0,0,0
ptbr_test_track_c_00698,1,1,0,0,0,0
ptbr_test_track_c_00699,1,0,0,1,0,0
ptbr_test_track_c_00700,0,0,0,0,0,0
ptbr_test_track_c_00701,0,0,0,1,1,0
ptbr_test_track_c_00702,1,0,0,0,0,0
ptbr_test_track_c_00703,0,0,0,0,0,0
ptbr_test_track_c_00704,0,0,0,1,0,0
ptbr_test_track_c_00705,0,0,0,0,1,0
ptbr_test_track_c_00706,0,0,0,1,0,0
ptbr_test_track_c_00707,0,0,0,1,0,0
ptbr_test_track_c_00708,0,0,0,0,0,0
ptbr_test_track_c_00709,0,0,0,1,0,0
ptbr_test_track_c_00710,1,0,0,0,0,0
ptbr_test_track_c_00711,0,0,0,0,1,0
ptbr_test_track_c_00712,0,0,0,1,0,0
ptbr_test_track_c_00713,1,0,0,0,0,0
ptbr_test_track_c_00714,0,0,0,0,0,0
ptbr_test_track_c_00715,0,0,0,0,0,0
ptbr_test_track_c_00716,0,0,0,1,0,0
ptbr_test_track_c_00717,0,0,0,1,0,0
ptbr_test_track_c_00718,0,0,0,0,0,1
ptbr_test_track_c_00719,0,0,0,0,1,0
ptbr_test_track_c_00720,0,0,1,0,0,0
ptbr_test_track_c_00721,1,0,0,0,0,0
ptbr_test_track_c_00722,0,0,0,1,0,0
ptbr_test_track_c_00723,0,0,0,0,0,0
ptbr_test_track_c_00724,0,0,0,1,0,0
ptbr_test_track_c_00725,1,0,0,0,1,0
ptbr_test_track_c_00726,0,0,0,0,0,0
ptbr_test_track_c_00727,1,0,0,0,0,0
ptbr_test_track_c_00728,1,0,0,0,0,0
ptbr_test_track_c_00729,1,0,0,0,0,0
ptbr_test_track_c_00730,0,0,0,0,0,0
ptbr_test_track_c_00731,0,0,0,0,0,0
ptbr_test_track_c_00732,0,0,0,0,1,0
ptbr_test_track_c_00733,1,0,0,0,0,0
ptbr_test_track_c_00734,0,0,0,0,0,0
ptbr_test_track_c_00735,0,0,0,0,0,0
ptbr_test_track_c_00736,0,0,0,0,0,0
ptbr_test_track_c_00737,0,0,0,1,1,0
ptbr_test_track_c_00738,0,0,0,0,0,0
ptbr_test_track_c_00739,0,0,0,0,0,0
ptbr_test_track_c_00740,0,0,0,0,0,0
ptbr_test_track_c_00741,0,0,0,0,1,0
ptbr_test_track_c_00742,1,0,0,0,0,0
ptbr_test_track_c_00743,1,0,0,0,0,0
ptbr_test_track_c_00744,1,1,0,0,0,1
ptbr_test_track_c_00745,0,0,0,1,0,0
ptbr_test_track_c_00746,0,0,0,0,0,0
ptbr_test_track_c_00747,0,0,0,1,0,0
ptbr_test_track_c_00748,0,0,0,0,0,0
ptbr_test_track_c_00749,0,0,0,0,0,0
ptbr_test_track_c_00750,0,0,0,1,0,0
ptbr_test_track_c_00751,1,0,0,0,0,0
ptbr_test_track_c_00752,1,0,0,0,1,0
ptbr_test_track_c_00753,0,0,0,1,0,0
ptbr_test_track_c_00754,0,0,0,0,0,0
ptbr_test_track_c_00755,0,0,0,0,0,0
ptbr_test_track_c_00756,1,0,0,0,0,0
ptbr_test_track_c_00757,0,0,0,0,0,0
ptbr_test_track_c_00758,1,0,0,0,0,0
ptbr_test_track_c_00759,1,0,0,0,0,0
ptbr_test_track_c_00760,0,0,0,1,0,0
ptbr_test_track_c_00761,0,0,0,0,0,0
ptbr_test_track_c_00762,0,0,0,0,0,0
ptbr_test_track_c_00763,0,0,0,0,0,0
ptbr_test_track_c_00764,0,0,0,0,0,0
ptbr_test_track_c_00765,0,0,0,0,0,1
ptbr_test_track_c_00766,0,0,0,1,0,0
ptbr_test_track_c_00767,0,0,0,1,0,0
ptbr_test_track_c_00768,1,0,0,0,0,0
ptbr_test_track_c_00769,0,0,0,0,0,0
ptbr_test_track_c_00770,0,0,0,0,0,0
ptbr_test_track_c_00771,0,0,0,0,0,0
ptbr_test_track_c_00772,1,0,0,0,0,0
ptbr_test_track_c_00773,0,0,0,1,0,0
ptbr_test_track_c_00774,0,0,0,1,0,0
ptbr_test_track_c_00775,1,0,0,0,0,0
ptbr_test_track_c_00776,1,0,0,0,0,0
ptbr_test_track_c_00777,0,0,0,1,0,0
ptbr_test_track_c_00778,0,0,0,0,1,0
ptbr_test_track_c_00779,0,0,0,0,0,0
ptbr_test_track_c_00780,0,0,0,1,0,0
ptbr_test_track_c_00781,0,0,0,0,0,0
ptbr_test_track_c_00782,0,0,0,0,0,0
ptbr_test_track_c_00783,0,0,0,0,1,0
ptbr_test_track_c_00784,0,0,0,0,0,0
ptbr_test_track_c_00785,1,0,0,0,0,0
ptbr_test_track_c_00786,0,0,0,1,0,0
ptbr_test_track_c_00787,1,0,0,0,0,0
ptbr_test_track_c_00788,1,0,0,0,0,0
ptbr_test_track_c_00789,0,0,0,1,0,0
ptbr_test_track_c_00790,0,0,0,0,0,0
ptbr_test_track_c_00791,0,0,0,0,1,0
ptbr_test_track_c_00792,0,0,0,0,0,0
ptbr_test_track_c_00793,0,0,0,1,0,0
ptbr_test_track_c_00794,1,0,0,0,0,0
ptbr_test_track_c_00795,0,0,0,1,0,0
ptbr_test_track_c_00796,0,0,0,0,0,0
ptbr_test_track_c_00797,0,0,0,1,0,0
ptbr_test_track_c_00798,0,0,0,0,0,1
ptbr_test_track_c_00799,0,0,0,1,0,0
ptbr_test_track_c_00800,0,0,0,0,0,0
ptbr_test_track_c_00801,1,0,0,0,1,0
ptbr_test_track_c_00802,1,0,0,0,0,0
ptbr_test_track_c_00803,0,0,1,0,0,0
ptbr_test_track_c_00804,0,0,0,0,0,0
ptbr_test_track_c_00805,1,1,0,0,0,0
ptbr_test_track_c_00806,0,0,0,1,0,0
ptbr_test_track_c_00807,0,0,0,1,0,0
ptbr_test_track_c_00808,1,0,0,0,1,0
ptbr_test_track_c_00809,1,0,0,0,0,0
ptbr_test_track_c_00810,0,0,0,1,0,0
ptbr_test_track_c_00811,0,0,0,0,0,0
ptbr_test_track_c_00812,0,0,0,0,0,0
ptbr_test_track_c_00813,0,0,0,0,0,0
ptbr_test_track_c_00814,0,0,0,1,0,0
ptbr_test_track_c_00815,0,0,0,1,0,0
ptbr_test_track_c_00816,1,0,0,0,0,0
ptbr_test_track_c_00817,0,0,0,0,1,0
ptbr_test_track_c_00818,1,1,0,0,1,0
ptbr_test_track_c_00819,0,0,0,0,0,0
ptbr_test_track_c_00820,0,0,0,1,0,0
ptbr_test_track_c_00821,1,0,0,0,0,0
ptbr_test_track_c_00822,0,1,0,0,0,0
ptbr_test_track_c_00823,1,0,0,0,0,0
ptbr_test_track_c_00824,0,0,0,0,0,0
ptbr_test_track_c_00825,0,0,0,0,0,0
ptbr_test_track_c_00826,1,0,0,0,0,0
ptbr_test_track_c_00827,0,0,0,1,0,0
ptbr_test_track_c_00828,0,0,0,0,0,0
ptbr_test_track_c_00829,0,0,0,0,1,0
ptbr_test_track_c_00830,0,0,0,0,0,0
ptbr_test_track_c_00831,0,0,0,0,0,0
ptbr_test_track_c_00832,0,0,0,0,0,0
ptbr_test_track_c_00833,0,0,0,0,1,0
ptbr_test_track_c_00834,0,0,0,0,0,0
ptbr_test_track_c_00835,0,0,0,1,0,0
ptbr_test_track_c_00836,1,0,0,0,0,1
ptbr_test_track_c_00837,0,0,0,0,0,0
ptbr_test_track_c_00838,0,0,0,0,0,0
ptbr_test_track_c_00839,0,0,0,1,0,0
ptbr_test_track_c_00840,0,0,1,0,0,0
ptbr_test_track_c_00841,0,0,0,0,0,0
ptbr_test_track_c_00842,0,0,0,1,0,0
ptbr_test_track_c_00843,0,0,1,0,0,0
ptbr_test_track_c_00844,0,0,0,0,0,0
ptbr_test_track_c_00845,1,0,0,0,1,0
ptbr_test_track_c_00846,1,0,0,0,0,0
ptbr_test_track_c_00847,0,0,0,0,0,1
ptbr_test_track_c_00848,0,0,0,0,1,0
ptbr_test_track_c_00849,0,0,0,0,0,0
ptbr_test_track_c_00850,1,0,0,0,0,1
ptbr_test_track_c_00851,1,0,0,0,0,0
ptbr_test_track_c_00852,0,0,0,0,0,0
ptbr_test_track_c_00853,1,0,0,0,0,0
ptbr_test_track_c_00854,1,0,0,0,0,0
ptbr_test_track_c_00855,0,0,0,0,0,1
ptbr_test_track_c_00856,0,0,0,1,0,0
ptbr_test_track_c_00857,0,0,0,1,0,0
ptbr_test_track_c_00858,0,0,0,0,0,0
ptbr_test_track_c_00859,0,0,0,0,1,0
ptbr_test_track_c_00860,0,0,0,0,0,0
ptbr_test_track_c_00861,0,0,1,0,0,0
ptbr_test_track_c_00862,0,0,0,0,0,0
ptbr_test_track_c_00863,0,0,0,0,0,0
ptbr_test_track_c_00864,1,0,0,0,0,0
ptbr_test_track_c_00865,1,0,0,0,0,0
ptbr_test_track_c_00866,1,0,0,0,0,0
ptbr_test_track_c_00867,0,0,0,1,0,0
ptbr_test_track_c_00868,0,0,0,0,0,0
ptbr_test_track_c_00869,1,0,0,0,1,0
ptbr_test_track_c_00870,1,0,0,0,0,0
ptbr_test_track_c_00871,0,0,0,1,0,0
ptbr_test_track_c_00872,0,0,0,0,0,0
ptbr_test_track_c_00873,1,0,0,1,0,0
ptbr_test_track_c_00874,0,0,0,0,0,0
ptbr_test_track_c_00875,1,0,0,0,0,0
ptbr_test_track_c_00876,1,0,0,0,0,0
ptbr_test_track_c_00877,0,0,0,0,0,0
ptbr_test_track_c_00878,0,0,0,1,0,0
ptbr_test_track_c_00879,0,0,0,0,1,0
ptbr_test_track_c_00880,0,0,0,1,0,0
ptbr_test_track_c_00881,1,0,0,0,0,0
ptbr_test_track_c_00882,1,0,0,0,0,0
ptbr_test_track_c_00883,0,0,0,0,0,0
ptbr_test_track_c_00884,0,0,0,0,0,0
ptbr_test_track_c_00885,1,0,0,0,0,0
ptbr_test_track_c_00886,0,0,1,0,0,1
ptbr_test_track_c_00887,0,0,0,0,0,1
ptbr_test_track_c_00888,0,0,0,0,0,0
ptbr_test_track_c_00889,0,0,0,1,0,0
ptbr_test_track_c_00890,0,0,0,1,1,0
ptbr_test_track_c_00891,0,0,0,0,0,0
ptbr_test_track_c_00892,0,0,0,0,0,0
ptbr_test_track_c_00893,0,0,0,0,1,0
ptbr_test_track_c_00894,1,0,0,0,0,0
ptbr_test_track_c_00895,1,0,0,0,1,0
ptbr_test_track_c_00896,0,0,0,0,0,0
ptbr_test_track_c_00897,1,0,0,0,0,0
ptbr_test_track_c_00898,0,0,0,0,1,0
ptbr_test_track_c_00899,1,0,0,0,0,0
ptbr_test_track_c_00900,0,0,0,1,0,0
ptbr_test_track_c_00901,0,0,0,0,0,0
ptbr_test_track_c_00902,0,0,0,1,0,0
ptbr_test_track_c_00903,0,0,0,1,0,0
ptbr_test_track_c_00904,0,0,0,1,0,0
ptbr_test_track_c_00905,1,0,0,0,0,0
ptbr_test_track_c_00906,0,0,0,0,0,1
ptbr_test_track_c_00907,0,0,0,0,0,0
ptbr_test_track_c_00908,0,0,0,0,0,0
ptbr_test_track_c_00909,0,0,0,0,0,0
ptbr_test_track_c_00910,1,0,0,0,0,0
ptbr_test_track_c_00911,0,0,0,0,0,0
ptbr_test_track_c_00912,0,0,0,1,1,0
ptbr_test_track_c_00913,0,0,0,0,0,0
ptbr_test_track_c_00914,1,0,0,0,0,0
ptbr_test_track_c_00915,0,0,0,0,0,0
ptbr_test_track_c_00916,0,0,0,0,1,0
ptbr_test_track_c_00917,1,0,0,0,0,0
ptbr_test_track_c_00918,0,0,0,0,0,0
ptbr_test_track_c_00919,1,0,0,0,0,0
ptbr_test_track_c_00920,0,0,0,0,0,0
ptbr_test_track_c_00921,0,0,0,0,0,0
ptbr_test_track_c_00922,1,0,0,0,1,0
ptbr_test_track_c_00923,0,0,0,0,0,0
ptbr_test_track_c_00924,0,0,0,1,0,0
ptbr_test_track_c_00925,0,0,0,0,0,0
ptbr_test_track_c_00926,0,0,0,1,0,0
ptbr_test_track_c_00927,1,0,0,0,1,0
ptbr_test_track_c_00928,0,0,0,0,0,0
ptbr_test_track_c_00929,0,0,0,1,0,0
ptbr_test_track_c_00930,0,0,0,0,0,0
ptbr_test_track_c_00931,1,0,0,0,0,0
ptbr_test_track_c_00932,0,0,0,0,0,0
ptbr_test_track_c_00933,0,0,0,1,0,0
ptbr_test_track_c_00934,0,0,0,0,0,0
ptbr_test_track_c_00935,1,0,0,0,0,0
ptbr_test_track_c_00936,0,0,0,0,0,0
ptbr_test_track_c_00937,1,0,0,0,0,0
ptbr_test_track_c_00938,1,0,0,0,0,0
ptbr_test_track_c_00939,0,0,0,0,0,0
ptbr_test_track_c_00940,1,0,0,0,0,0
ptbr_test_track_c_00941,0,0,0,0,0,0
ptbr_test_track_c_00942,0,0,0,0,1,0
ptbr_test_track_c_00943,0,0,0,1,1,0
ptbr_test_track_c_00944,0,0,1,0,1,0
ptbr_test_track_c_00945,0,0,0,0,0,0
ptbr_test_track_c_00946,0,0,0,0,0,1
ptbr_test_track_c_00947,1,0,0,0,0,0
ptbr_test_track_c_00948,1,0,0,0,0,0
ptbr_test_track_c_00949,0,0,0,0,0,0
ptbr_test_track_c_00950,1,0,0,0,0,0
ptbr_test_track_c_00951,0,0,0,0,1,0
ptbr_test_track_c_00952,0,0,0,0,0,0
ptbr_test_track_c_00953,0,0,0,1,0,0
ptbr_test_track_c_00954,0,0,0,1,0,0
ptbr_test_track_c_00955,0,0,0,1,0,0
ptbr_test_track_c_00956,0,0,0,1,0,0
ptbr_test_track_c_00957,0,0,0,0,0,0
ptbr_test_track_c_00958,0,0,0,0,0,0
ptbr_test_track_c_00959,0,0,0,0,0,0
ptbr_test_track_c_00960,0,0,0,0,1,0
ptbr_test_track_c_00961,0,0,0,1,0,0
ptbr_test_track_c_00962,0,0,1,0,0,0
ptbr_test_track_c_00963,1,0,0,0,0,0
ptbr_test_track_c_00964,1,0,0,0,0,0
ptbr_test_track_c_00965,1,0,0,0,0,0
ptbr_test_track_c_00966,0,0,0,0,1,0
ptbr_test_track_c_00967,0,0,0,0,0,1
ptbr_test_track_c_00968,0,0,0,0,0,0
ptbr_test_track_c_00969,0,0,0,0,1,0
ptbr_test_track_c_00970,0,0,0,1,0,0
ptbr_test_track_c_00971,0,0,0,0,0,0
ptbr_test_track_c_00972,0,0,0,0,0,0
ptbr_test_track_c_00973,1,0,0,0,1,0
ptbr_test_track_c_00974,0,0,0,0,0,0
ptbr_test_track_c_00975,1,0,0,0,1,0
ptbr_test_track_c_00976,0,0,0,1,0,0
ptbr_test_track_c_00977,1,0,0,1,0,0
ptbr_test_track_c_00978,1,0,0,0,0,0
ptbr_test_track_c_00979,0,0,0,0,0,0
ptbr_test_track_c_00980,0,0,0,0,0,0
ptbr_test_track_c_00981,1,0,0,0,0,1
ptbr_test_track_c_00982,0,0,0,0,0,0
ptbr_test_track_c_00983,0,0,0,0,0,0
ptbr_test_track_c_00984,0,0,0,1,0,0
ptbr_test_track_c_00985,0,0,0,1,0,0
ptbr_test_track_c_00986,0,0,0,0,0,0
ptbr_test_track_c_00987,0,0,0,1,0,0
ptbr_test_track_c_00988,1,0,0,0,0,0
ptbr_test_track_c_00989,0,0,0,0,0,0
ptbr_test_track_c_00990,0,0,1,0,1,0
ptbr_test_track_c_00991,0,0,0,1,0,0
ptbr_test_track_c_00992,0,0,0,1,0,0
ptbr_test_track_c_00993,0,0,0,0,1,0
ptbr_test_track_c_00994,0,0,0,0,0,0
ptbr_test_track_c_00995,0,0,0,0,0,0
ptbr_test_track_c_00996,0,1,0,0,0,0
ptbr_test_track_c_00997,0,0,0,0,0,0
ptbr_test_track_c_00998,0,0,1,0,1,0
ptbr_test_track_c_00999,1,0,0,0,0,0
ptbr_test_track_c_01000,0,0,0,0,0,0
ptbr_test_track_c_01001,1,0,0,0,0,0
ptbr_test_track_c_01002,0,0,0,0,0,0
ptbr_test_track_c_01003,0,0,0,0,0,0
ptbr_test_track_c_01004,0,0,0,0,0,0
ptbr_test_track_c_01005,1,0,0,1,0,1
ptbr_test_track_c_01006,0,0,0,0,0,0
ptbr_test_track_c_01007,1,0,0,0,0,1
ptbr_test_track_c_01008,1,0,0,0,0,0
ptbr_test_track_c_01009,0,0,0,0,0,0
ptbr_test_track_c_01010,0,0,0,0,0,0
ptbr_test_track_c_01011,0,0,0,0,0,0
ptbr_test_track_c_01012,0,0,0,0,0,0
ptbr_test_track_c_01013,1,0,0,0,0,0
ptbr_test_track_c_01014,1,0,0,0,0,0
ptbr_test_track_c_01015,0,0,0,0,1,0
ptbr_test_track_c_01016,1,0,0,0,0,0
ptbr_test_track_c_01017,0,0,0,0,0,0
ptbr_test_track_c_01018,0,0,0,0,0,0
ptbr_test_track_c_01019,0,0,0,1,0,0
ptbr_test_track_c_01020,1,0,0,0,0,0
ptbr_test_track_c_01021,0,0,0,1,0,0
ptbr_test_track_c_01022,0,0,0,0,0,0
ptbr_test_track_c_01023,0,0,0,0,0,0
ptbr_test_track_c_01024,0,0,0,1,0,0
ptbr_test_track_c_01025,0,0,0,0,0,0
ptbr_test_track_c_01026,0,0,0,0,0,0
ptbr_test_track_c_01027,0,0,0,0,0,0
ptbr_test_track_c_01028,1,0,0,0,0,0
ptbr_test_track_c_01029,1,1,0,0,1,0
ptbr_test_track_c_01030,0,0,0,0,0,0
ptbr_test_track_c_01031,0,1,0,0,0,0
ptbr_test_track_c_01032,0,0,0,0,0,0
ptbr_test_track_c_01033,0,0,0,0,1,0
ptbr_test_track_c_01034,0,0,0,0,1,0
ptbr_test_track_c_01035,1,0,0,0,0,0
ptbr_test_track_c_01036,0,0,0,0,0,0
ptbr_test_track_c_01037,0,0,0,0,0,0
ptbr_test_track_c_01038,0,0,0,1,0,0
ptbr_test_track_c_01039,0,0,0,0,1,0
ptbr_test_track_c_01040,1,0,0,0,0,0
ptbr_test_track_c_01041,0,0,0,0,0,0
ptbr_test_track_c_01042,0,0,0,1,0,0
ptbr_test_track_c_01043,0,0,0,0,0,0
ptbr_test_track_c_01044,1,0,0,0,0,0
ptbr_test_track_c_01045,0,0,0,0,1,0
ptbr_test_track_c_01046,0,0,0,0,0,0
ptbr_test_track_c_01047,0,0,0,0,1,0
ptbr_test_track_c_01048,0,0,0,1,0,1
ptbr_test_track_c_01049,1,0,0,0,0,0
ptbr_test_track_c_01050,0,0,0,0,0,0
ptbr_test_track_c_01051,0,0,0,0,0,0
ptbr_test_track_c_01052,1,0,0,0,0,1
ptbr_test_track_c_01053,1,0,0,0,0,0
ptbr_test_track_c_01054,0,0,0,0,0,0
ptbr_test_track_c_01055,1,0,0,0,0,0
ptbr_test_track_c_01056,0,0,0,1,0,0
ptbr_test_track_c_01057,1,0,0,0,0,0
ptbr_test_track_c_01058,1,0,0,0,0,0
ptbr_test_track_c_01059,0,0,0,1,0,0
ptbr_test_track_c_01060,0,0,0,0,0,0
ptbr_test_track_c_01061,0,0,0,0,1,0
ptbr_test_track_c_01062,1,0,0,0,0,0
ptbr_test_track_c_01063,0,0,0,1,0,0
ptbr_test_track_c_01064,1,0,0,0,0,0
ptbr_test_track_c_01065,0,0,0,1,0,0
ptbr_test_track_c_01066,1,0,0,0,0,0
ptbr_test_track_c_01067,1,0,0,0,0,0
ptbr_test_track_c_01068,0,0,0,1,0,0
ptbr_test_track_c_01069,0,0,0,0,0,0
ptbr_test_track_c_01070,0,0,0,1,0,0
ptbr_test_track_c_01071,0,0,0,0,0,0
ptbr_test_track_c_01072,0,0,0,0,1,0
ptbr_test_track_c_01073,1,0,0,0,0,0
ptbr_test_track_c_01074,0,0,0,0,1,0
ptbr_test_track_c_01075,1,0,0,0,0,0
ptbr_test_track_c_01076,0,0,0,1,0,0
ptbr_test_track_c_01077,0,0,0,0,0,0
ptbr_test_track_c_01078,0,0,0,1,0,0
ptbr_test_track_c_01079,0,0,0,0,0,0
ptbr_test_track_c_01080,1,0,0,0,0,0
ptbr_test_track_c_01081,0,0,0,0,0,0
ptbr_test_track_c_01082,1,0,0,1,0,0
ptbr_test_track_c_01083,0,0,0,0,0,0
ptbr_test_track_c_01084,0,0,0,0,1,0
ptbr_test_track_c_01085,0,0,0,0,0,0
ptbr_test_track_c_01086,0,0,0,0,0,0
ptbr_test_track_c_01087,0,0,0,0,0,0
ptbr_test_track_c_01088,1,0,0,0,1,0
ptbr_test_track_c_01089,0,0,0,0,0,1
ptbr_test_track_c_01090,0,0,0,0,0,0
ptbr_test_track_c_01091,0,0,0,0,0,0
ptbr_test_track_c_01092,0,0,0,1,0,0
ptbr_test_track_c_01093,1,0,0,0,0,0
ptbr_test_track_c_01094,1,0,0,0,1,0
ptbr_test_track_c_01095,0,0,0,0,0,0
ptbr_test_track_c_01096,0,0,0,0,1,0
ptbr_test_track_c_01097,1,0,0,0,0,0
ptbr_test_track_c_01098,0,0,0,0,0,0
ptbr_test_track_c_01099,1,0,0,0,1,0
ptbr_test_track_c_01100,0,0,0,0,0,0
ptbr_test_track_c_01101,0,0,0,0,0,0
ptbr_test_track_c_01102,1,0,0,0,0,0
ptbr_test_track_c_01103,1,0,0,0,0,0
ptbr_test_track_c_01104,0,0,0,0,0,0
ptbr_test_track_c_01105,1,0,0,0,0,0
ptbr_test_track_c_01106,0,0,0,0,0,0
ptbr_test_track_c_01107,0,0,0,0,0,0
ptbr_test_track_c_01108,0,0,0,0,0,0
ptbr_test_track_c_01109,0,0,0,1,0,0
ptbr_test_track_c_01110,1,0,0,0,0,0
ptbr_test_track_c_01111,0,0,0,0,0,0
ptbr_test_track_c_01112,1,0,0,0,0,0
ptbr_test_track_c_01113,0,0,0,0,0,0
ptbr_test_track_c_01114,0,0,1,0,0,0
ptbr_test_track_c_01115,0,0,0,0,0,0
ptbr_test_track_c_01116,1,0,0,0,0,0
ptbr_test_track_c_01117,0,0,0,0,0,0
ptbr_test_track_c_01118,1,0,0,0,0,0
ptbr_test_track_c_01119,0,0,0,1,0,0
ptbr_test_track_c_01120,0,0,0,1,0,1
ptbr_test_track_c_01121,0,0,0,1,0,0
ptbr_test_track_c_01122,0,0,0,1,0,0
ptbr_test_track_c_01123,0,0,0,0,0,0
ptbr_test_track_c_01124,0,0,0,0,0,0
ptbr_test_track_c_01125,0,0,0,0,1,0
ptbr_test_track_c_01126,0,0,0,1,0,0
ptbr_test_track_c_01127,0,0,0,1,0,0
ptbr_test_track_c_01128,0,0,0,1,0,0
ptbr_test_track_c_01129,0,0,0,0,0,1
ptbr_test_track_c_01130,1,0,0,0,0,0
ptbr_test_track_c_01131,0,0,0,0,0,0
ptbr_test_track_c_01132,1,0,0,0,1,0
ptbr_test_track_c_01133,0,0,0,1,0,0
ptbr_test_track_c_01134,0,0,0,0,0,0
ptbr_test_track_c_01135,0,0,0,1,0,0
ptbr_test_track_c_01136,0,0,0,0,0,0
ptbr_test_track_c_01137,0,0,0,0,1,0
ptbr_test_track_c_01138,0,0,0,1,0,0
ptbr_test_track_c_01139,0,0,0,0,0,0
ptbr_test_track_c_01140,1,0,0,0,0,0
ptbr_test_track_c_01141,0,0,0,0,0,0
ptbr_test_track_c_01142,0,0,0,0,1,0
ptbr_test_track_c_01143,1,0,0,1,0,0
ptbr_test_track_c_01144,0,0,0,1,0,0
ptbr_test_track_c_01145,0,0,0,0,1,0
ptbr_test_track_c_01146,0,0,0,0,0,0
ptbr_test_track_c_01147,0,0,0,0,1,0
ptbr_test_track_c_01148,0,0,0,0,0,0
ptbr_test_track_c_01149,0,0,0,0,0,0
ptbr_test_track_c_01150,1,0,0,0,0,0
ptbr_test_track_c_01151,0,0,0,1,0,0
ptbr_test_track_c_01152,0,0,0,1,0,0
ptbr_test_track_c_01153,0,0,0,0,0,0
ptbr_test_track_c_01154,0,0,0,0,1,0
ptbr_test_track_c_01155,1,0,0,0,0,0
ptbr_test_track_c_01156,1,0,0,0,0,0
ptbr_test_track_c_01157,0,0,0,0,0,0
ptbr_test_track_c_01158,0,0,0,0,0,0
ptbr_test_track_c_01159,1,0,0,0,0,0
ptbr_test_track_c_01160,0,0,0,0,0,0
ptbr_test_track_c_01161,0,0,0,0,0,0
ptbr_test_track_c_01162,1,0,0,0,0,0
ptbr_test_track_c_01163,0,0,0,1,0,0
ptbr_test_track_c_01164,0,0,0,0,0,0
ptbr_test_track_c_01165,0,0,0,0,0,0
ptbr_test_track_c_01166,0,0,0,0,0,0
ptbr_test_track_c_01167,0,0,0,0,0,1
ptbr_test_track_c_01168,1,0,0,0,0,0
ptbr_test_track_c_01169,0,0,0,0,0,0
ptbr_test_track_c_01170,0,0,0,0,0,0
ptbr_test_track_c_01171,1,0,0,0,0,0
ptbr_test_track_c_01172,0,0,0,1,0,0
ptbr_test_track_c_01173,0,0,0,1,0,0
ptbr_test_track_c_01174,0,0,0,0,0,0
ptbr_test_track_c_01175,1,0,0,0,0,0
ptbr_test_track_c_01176,0,0,0,1,0,0
ptbr_test_track_c_01177,1,0,0,0,0,0
ptbr_test_track_c_01178,0,0,0,0,1,0
ptbr_test_track_c_01179,1,0,0,0,0,0
ptbr_test_track_c_01180,0,0,0,0,0,0
ptbr_test_track_c_01181,0,0,0,1,0,0
ptbr_test_track_c_01182,0,0,0,0,0,0
ptbr_test_track_c_01183,0,0,0,0,0,0
ptbr_test_track_c_01184,0,0,0,1,0,0
ptbr_test_track_c_01185,0,0,0,0,0,0
ptbr_test_track_c_01186,1,0,0,0,0,0
ptbr_test_track_c_01187,1,0,0,0,0,0
ptbr_test_track_c_01188,1,0,0,0,0,0
ptbr_test_track_c_01189,1,0,0,0,0,0
ptbr_test_track_c_01190,0,0,0,1,0,0
ptbr_test_track_c_01191,0,0,0,0,0,0
ptbr_test_track_c_01192,0,0,0,0,0,0
ptbr_test_track_c_01193,0,0,0,0,0,0
ptbr_test_track_c_01194,0,0,0,1,0,0
ptbr_test_track_c_01195,1,0,0,0,0,0
ptbr_test_track_c_01196,0,0,0,1,0,0
ptbr_test_track_c_01197,1,0,0,0,0,0
ptbr_test_track_c_01198,0,0,0,0,1,0
ptbr_test_track_c_01199,0,0,0,1,0,0
ptbr_test_track_c_01200,1,0,0,0,0,0
ptbr_test_track_c_01201,0,0,0,0,0,0
ptbr_test_track_c_01202,1,0,0,0,0,0
ptbr_test_track_c_01203,0,0,0,0,0,0
ptbr_test_track_c_01204,0,0,1,0,0,0
ptbr_test_track_c_01205,0,0,0,0,1,0
ptbr_test_track_c_01206,0,0,1,0,0,0
ptbr_test_track_c_01207,0,0,0,1,0,1
ptbr_test_track_c_01208,0,0,0,0,0,0
ptbr_test_track_c_01209,0,0,0,0,1,0
ptbr_test_track_c_01210,0,0,0,0,1,0
ptbr_test_track_c_01211,0,0,0,0,0,0
ptbr_test_track_c_01212,0,0,0,1,0,0
ptbr_test_track_c_01213,0,0,0,1,0,0
ptbr_test_track_c_01214,1,0,0,0,0,0
ptbr_test_track_c_01215,1,0,0,0,0,0
ptbr_test_track_c_01216,0,0,0,0,1,0
ptbr_test_track_c_01217,0,0,1,0,0,0
ptbr_test_track_c_01218,1,0,0,0,0,1
ptbr_test_track_c_01219,0,0,0,0,1,0
ptbr_test_track_c_01220,1,0,0,0,0,0
ptbr_test_track_c_01221,0,0,0,0,0,0
ptbr_test_track_c_01222,0,0,0,0,0,0
ptbr_test_track_c_01223,0,0,0,1,0,0
ptbr_test_track_c_01224,0,0,0,1,0,0
ptbr_test_track_c_01225,1,0,0,0,0,1
ptbr_test_track_c_01226,1,0,1,0,1,0
ptbr_test_track_c_01227,1,0,0,0,0,0
ptbr_test_track_c_01228,0,0,0,0,1,0
ptbr_test_track_c_01229,0,0,0,0,0,0
ptbr_test_track_c_01230,0,0,0,1,0,0
ptbr_test_track_c_01231,0,0,0,0,1,0
ptbr_test_track_c_01232,0,0,0,0,0,0
ptbr_test_track_c_01233,0,0,0,0,0,0
ptbr_test_track_c_01234,0,0,0,0,0,0
ptbr_test_track_c_01235,0,0,0,0,0,0
ptbr_test_track_c_01236,1,0,0,0,0,1
ptbr_test_track_c_01237,1,0,0,0,0,0
ptbr_test_track_c_01238,0,0,0,1,0,0
ptbr_test_track_c_01239,1,0,0,0,0,0
ptbr_test_track_c_01240,0,0,0,0,1,0
ptbr_test_track_c_01241,1,0,0,0,0,0
ptbr_test_track_c_01242,0,0,0,0,0,0
ptbr_test_track_c_01243,0,0,0,0,0,0
ptbr_test_track_c_01244,0,0,0,0,1,0
ptbr_test_track_c_01245,0,0,0,0,0,0
ptbr_test_track_c_01246,0,0,0,0,0,0
ptbr_test_track_c_01247,0,0,0,0,1,0
ptbr_test_track_c_01248,0,0,0,0,0,1
ptbr_test_track_c_01249,1,0,0,0,0,0
ptbr_test_track_c_01250,0,0,0,1,0,0
ptbr_test_track_c_01251,0,0,0,0,0,0
ptbr_test_track_c_01252,0,0,0,0,0,0
ptbr_test_track_c_01253,1,0,0,0,0,0
ptbr_test_track_c_01254,0,0,0,1,0,0
ptbr_test_track_c_01255,1,0,0,0,0,0
ptbr_test_track_c_01256,0,0,0,0,0,0
ptbr_test_track_c_01257,0,0,0,1,0,0
ptbr_test_track_c_01258,1,0,0,0,0,0
ptbr_test_track_c_01259,0,0,0,0,0,0
ptbr_test_track_c_01260,0,0,0,1,0,0
ptbr_test_track_c_01261,0,0,0,0,0,0
ptbr_test_track_c_01262,0,0,0,0,0,0
ptbr_test_track_c_01263,0,0,0,0,0,0
ptbr_test_track_c_01264,0,0,0,0,0,0
ptbr_test_track_c_01265,0,0,0,0,0,0
ptbr_test_track_c_01266,0,0,0,0,1,0
ptbr_test_track_c_01267,0,0,0,0,0,0
ptbr_test_track_c_01268,1,0,0,0,1,0
ptbr_test_track_c_01269,0,0,0,0,0,0
ptbr_test_track_c_01270,1,0,0,0,0,0
ptbr_test_track_c_01271,1,0,0,0,0,0
ptbr_test_track_c_01272,0,0,0,0,0,0
ptbr_test_track_c_01273,0,0,0,0,0,0
ptbr_test_track_c_01274,1,0,0,0,0,0
ptbr_test_track_c_01275,0,0,0,1,0,0
ptbr_test_track_c_01276,0,0,0,0,0,1
ptbr_test_track_c_01277,0,0,0,0,0,0
ptbr_test_track_c_01278,0,0,0,0,1,0
ptbr_test_track_c_01279,0,0,0,1,0,0
ptbr_test_track_c_01280,0,0,0,1,0,0
ptbr_test_track_c_01281,0,0,0,0,0,0
ptbr_test_track_c_01282,1,0,0,0,0,0
ptbr_test_track_c_01283,0,0,1,0,0,0
ptbr_test_track_c_01284,0,0,0,0,0,0
ptbr_test_track_c_01285,1,0,0,0,0,0
ptbr_test_track_c_01286,0,0,0,0,0,0
ptbr_test_track_c_01287,0,0,0,1,0,0
ptbr_test_track_c_01288,0,0,0,0,0,1
ptbr_test_track_c_01289,0,0,0,0,0,0
ptbr_test_track_c_01290,0,0,0,0,0,0
ptbr_test_track_c_01291,0,0,0,0,0,0
ptbr_test_track_c_01292,0,0,0,1,0,0
ptbr_test_track_c_01293,1,0,0,0,0,0
ptbr_test_track_c_01294,1,0,0,0,0,1
ptbr_test_track_c_01295,1,0,0,0,0,0
ptbr_test_track_c_01296,0,0,0,0,0,0
ptbr_test_track_c_01297,0,0,0,0,1,0
ptbr_test_track_c_01298,1,0,0,0,0,0
ptbr_test_track_c_01299,0,0,0,0,1,0
ptbr_test_track_c_01300,0,0,0,0,0,0
ptbr_test_track_c_01301,1,0,0,0,0,0
ptbr_test_track_c_01302,0,0,1,0,1,0
ptbr_test_track_c_01303,1,0,0,0,1,0
ptbr_test_track_c_01304,0,0,0,1,0,0
ptbr_test_track_c_01305,0,0,0,1,0,0
ptbr_test_track_c_01306,0,0,1,0,0,0
ptbr_test_track_c_01307,0,0,0,0,0,0
ptbr_test_track_c_01308,0,0,0,0,0,0
ptbr_test_track_c_01309,0,0,1,0,0,0
ptbr_test_track_c_01310,0,0,1,0,0,0
ptbr_test_track_c_01311,0,0,0,1,0,0
ptbr_test_track_c_01312,0,0,0,0,0,0
ptbr_test_track_c_01313,0,0,0,1,0,1
ptbr_test_track_c_01314,0,0,0,0,0,0
ptbr_test_track_c_01315,0,0,0,1,0,0
ptbr_test_track_c_01316,1,1,0,0,0,0
ptbr_test_track_c_01317,0,0,0,0,0,0
ptbr_test_track_c_01318,1,0,0,0,0,0
ptbr_test_track_c_01319,1,0,0,0,0,0
ptbr_test_track_c_01320,0,0,1,0,1,0
ptbr_test_track_c_01321,1,0,0,0,0,0
ptbr_test_track_c_01322,1,0,0,0,1,0
ptbr_test_track_c_01323,0,0,0,0,1,0
ptbr_test_track_c_01324,0,0,1,0,0,0
ptbr_test_track_c_01325,1,0,0,0,0,0
ptbr_test_track_c_01326,0,0,0,0,1,0
ptbr_test_track_c_01327,0,0,0,0,0,0
ptbr_test_track_c_01328,0,0,0,0,0,0
ptbr_test_track_c_01329,0,0,0,1,0,0
ptbr_test_track_c_01330,1,0,0,0,1,0
ptbr_test_track_c_01331,1,0,0,0,0,0
ptbr_test_track_c_01332,0,0,0,1,0,0
ptbr_test_track_c_01333,0,0,0,0,1,0
ptbr_test_track_c_01334,1,0,0,0,0,0
ptbr_test_track_c_01335,1,0,0,0,0,0
ptbr_test_track_c_01336,0,0,0,0,0,0
ptbr_test_track_c_01337,1,0,0,0,0,0
ptbr_test_track_c_01338,0,0,0,0,0,0
ptbr_test_track_c_01339,0,0,0,0,0,0
ptbr_test_track_c_01340,0,0,0,0,0,0
ptbr_test_track_c_01341,1,0,0,0,0,0
ptbr_test_track_c_01342,0,0,0,0,0,0
ptbr_test_track_c_01343,1,0,0,0,0,0
ptbr_test_track_c_01344,0,0,0,1,1,0
ptbr_test_track_c_01345,1,0,0,0,0,0
ptbr_test_track_c_01346,0,0,0,0,0,0
ptbr_test_track_c_01347,1,0,0,0,1,0
ptbr_test_track_c_01348,1,0,0,0,0,0
ptbr_test_track_c_01349,1,0,0,0,0,0
ptbr_test_track_c_01350,0,0,0,1,0,0
ptbr_test_track_c_01351,1,0,0,0,0,0
ptbr_test_track_c_01352,1,0,0,0,0,0
ptbr_test_track_c_01353,0,0,0,0,1,0
ptbr_test_track_c_01354,0,0,0,0,1,0
ptbr_test_track_c_01355,1,0,0,0,0,0
ptbr_test_track_c_01356,1,0,0,0,0,0
ptbr_test_track_c_01357,1,0,0,0,0,0
ptbr_test_track_c_01358,0,0,0,0,0,0
ptbr_test_track_c_01359,0,0,0,0,0,0
ptbr_test_track_c_01360,0,0,0,1,0,0
ptbr_test_track_c_01361,0,0,0,0,0,0
ptbr_test_track_c_01362,0,0,0,0,0,0
ptbr_test_track_c_01363,0,0,0,1,0,0
ptbr_test_track_c_01364,0,0,0,0,0,0
ptbr_test_track_c_01365,0,0,0,0,0,0
ptbr_test_track_c_01366,0,0,1,0,0,0
ptbr_test_track_c_01367,1,0,0,0,0,0
ptbr_test_track_c_01368,0,0,0,1,0,0
ptbr_test_track_c_01369,1,0,0,0,0,0
ptbr_test_track_c_01370,1,0,0,0,0,0
ptbr_test_track_c_01371,0,0,0,1,0,0
ptbr_test_track_c_01372,1,0,0,0,1,0
ptbr_test_track_c_01373,1,0,0,0,1,0
ptbr_test_track_c_01374,0,0,0,1,0,1
ptbr_test_track_c_01375,0,0,0,0,0,0
ptbr_test_track_c_01376,0,0,0,1,0,0
ptbr_test_track_c_01377,0,0,0,1,0,0
ptbr_test_track_c_01378,1,0,0,0,0,0
ptbr_test_track_c_01379,0,0,0,0,0,0
ptbr_test_track_c_01380,0,0,0,1,0,0
ptbr_test_track_c_01381,0,0,0,1,0,0
ptbr_test_track_c_01382,0,0,0,0,0,0
ptbr_test_track_c_01383,1,0,0,0,0,0
ptbr_test_track_c_01384,0,0,0,0,0,0
ptbr_test_track_c_01385,0,0,0,0,1,0
ptbr_test_track_c_01386,0,0,0,0,0,0
ptbr_test_track_c_01387,0,0,0,0,0,0
ptbr_test_track_c_01388,0,0,0,0,0,0
ptbr_test_track_c_01389,0,0,0,0,1,0
ptbr_test_track_c_01390,1,0,0,0,0,1
ptbr_test_track_c_01391,1,0,0,0,0,0
ptbr_test_track_c_01392,0,0,0,0,1,0
ptbr_test_track_c_01393,1,0,0,0,0,0
ptbr_test_track_c_01394,0,0,0,0,0,0
ptbr_test_track_c_01395,1,0,0,0,0,0
ptbr_test_track_c_01396,0,0,0,0,0,0
ptbr_test_track_c_01397,1,0,0,0,0,0
ptbr_test_track_c_01398,0,0,0,0,0,0
ptbr_test_track_c_01399,1,0,0,0,0,1
ptbr_test_track_c_01400,1,0,0,0,0,0
ptbr_test_track_c_01401,0,0,0,1,0,0
ptbr_test_track_c_01402,1,0,0,0,0,0
ptbr_test_track_c_01403,0,0,0,1,0,0
ptbr_test_track_c_01404,0,0,0,0,0,0
ptbr_test_track_c_01405,1,0,0,0,0,0
ptbr_test_track_c_01406,1,0,0,0,0,0
ptbr_test_track_c_01407,1,0,0,0,0,0
ptbr_test_track_c_01408,0,0,0,1,0,0
ptbr_test_track_c_01409,0,0,0,1,0,0
ptbr_test_track_c_01410,0,0,0,0,0,0
ptbr_test_track_c_01411,1,0,0,0,0,0
ptbr_test_track_c_01412,0,0,0,1,0,0
ptbr_test_track_c_01413,0,0,0,0,0,0
ptbr_test_track_c_01414,0,0,0,1,0,0
ptbr_test_track_c_01415,1,0,0,0,0,0
ptbr_test_track_c_01416,0,0,0,0,0,0
ptbr_test_track_c_01417,0,0,0,0,1,0
ptbr_test_track_c_01418,0,0,0,1,0,1
ptbr_test_track_c_01419,0,0,0,0,0,0
ptbr_test_track_c_01420,1,0,0,0,0,0
ptbr_test_track_c_01421,1,0,0,0,1,0
ptbr_test_track_c_01422,0,0,0,0,0,0
ptbr_test_track_c_01423,1,0,0,0,0,0
ptbr_test_track_c_01424,0,0,0,0,1,0
ptbr_test_track_c_01425,1,0,0,0,0,0
ptbr_test_track_c_01426,0,0,0,0,0,0
ptbr_test_track_c_01427,0,0,0,0,0,0
ptbr_test_track_c_01428,0,0,0,1,0,0
ptbr_test_track_c_01429,1,0,0,0,0,0
ptbr_test_track_c_01430,0,0,0,0,1,0
ptbr_test_track_c_01431,0,0,0,1,0,0
ptbr_test_track_c_01432,1,0,0,0,0,0
ptbr_test_track_c_01433,0,0,0,1,0,0
ptbr_test_track_c_01434,0,0,0,0,0,0
ptbr_test_track_c_01435,1,0,0,0,1,0
ptbr_test_track_c_01436,0,0,0,0,1,0
ptbr_test_track_c_01437,0,0,0,0,0,0
ptbr_test_track_c_01438,0,0,0,0,1,0
ptbr_test_track_c_01439,0,0,0,0,0,0
ptbr_test_track_c_01440,0,0,0,0,0,0
ptbr_test_track_c_01441,0,0,1,0,0,0
ptbr_test_track_c_01442,0,0,0,1,0,0
ptbr_test_track_c_01443,0,0,0,0,0,0
ptbr_test_track_c_01444,0,0,0,1,0,0
ptbr_test_track_c_01445,0,0,0,0,0,0
ptbr_test_track_c_01446,0,0,0,1,0,0
ptbr_test_track_c_01447,0,0,0,0,0,0
ptbr_test_track_c_01448,1,0,0,0,0,0
ptbr_test_track_c_01449,1,0,0,0,0,0
ptbr_test_track_c_01450,0,0,0,0,1,0
ptbr_test_track_c_01451,0,0,0,1,0,0
ptbr_test_track_c_01452,1,0,0,0,0,1
ptbr_test_track_c_01453,0,0,0,0,1,0
ptbr_test_track_c_01454,0,0,1,0,0,0
ptbr_test_track_c_01455,0,0,0,1,0,0
ptbr_test_track_c_01456,0,0,0,0,0,0
ptbr_test_track_c_01457,0,0,0,0,0,0
ptbr_test_track_c_01458,0,0,0,0,0,0
ptbr_test_track_c_01459,1,0,0,0,0,0
ptbr_test_track_c_01460,1,0,0,0,0,0
ptbr_test_track_c_01461,0,0,0,0,0,1
ptbr_test_track_c_01462,0,0,0,1,0,0
ptbr_test_track_c_01463,0,0,0,0,0,0
ptbr_test_track_c_01464,0,0,0,0,0,0
ptbr_test_track_c_01465,1,0,0,0,0,0
ptbr_test_track_c_01466,0,0,1,0,0,0
ptbr_test_track_c_01467,1,0,0,0,0,0
ptbr_test_track_c_01468,1,0,0,0,0,0
ptbr_test_track_c_01469,0,0,0,0,0,0
ptbr_test_track_c_01470,0,0,0,0,0,0
ptbr_test_track_c_01471,0,0,1,0,0,0
ptbr_test_track_c_01472,0,0,0,0,0,0
ptbr_test_track_c_01473,1,0,0,0,0,0
ptbr_test_track_c_01474,0,0,0,0,0,0
ptbr_test_track_c_01475,0,0,0,0,0,0
ptbr_test_track_c_01476,0,1,0,0,0,0
ptbr_test_track_c_01477,0,0,0,0,0,0
ptbr_test_track_c_01478,0,0,0,0,1,0
ptbr_test_track_c_01479,0,0,0,1,0,0
ptbr_test_track_c_01480,0,0,0,1,1,0
ptbr_test_track_c_01481,0,0,0,1,0,0
ptbr_test_track_c_01482,1,0,0,0,0,0
ptbr_test_track_c_01483,0,0,0,0,0,0
ptbr_test_track_c_01484,0,0,0,0,0,0
ptbr_test_track_c_01485,0,0,0,0,0,0
ptbr_test_track_c_01486,0,0,0,0,0,0
ptbr_test_track_c_01487,0,0,0,0,0,0
ptbr_test_track_c_01488,0,0,0,1,0,0
ptbr_test_track_c_01489,0,0,0,0,0,0
ptbr_test_track_c_01490,1,0,0,0,1,0
ptbr_test_track_c_01491,0,0,0,0,0,0
ptbr_test_track_c_01492,0,0,0,0,0,0
ptbr_test_track_c_01493,0,0,0,0,0,0
ptbr_test_track_c_01494,0,0,0,0,0,0
ptbr_test_track_c_01495,0,0,1,0,0,0
ptbr_test_track_c_01496,0,0,0,0,1,0
ptbr_test_track_c_01497,0,0,0,1,0,0
ptbr_test_track_c_01498,0,0,0,0,1,0
ptbr_test_track_c_01499,0,0,0,1,0,0
ptbr_test_track_c_01500,1,0,0,0,0,0
ptbr_test_track_c_01501,1,0,0,0,0,1
ptbr_test_track_c_01502,0,0,0,0,0,0
ptbr_test_track_c_01503,0,0,0,0,0,0
ptbr_test_track_c_01504,0,0,0,0,0,0
ptbr_test_track_c_01505,0,0,0,0,0,0
ptbr_test_track_c_01506,1,0,0,0,0,0
ptbr_test_track_c_01507,0,0,0,0,0,0
ptbr_test_track_c_01508,0,0,1,0,1,0
ptbr_test_track_c_01509,0,0,0,1,0,0
ptbr_test_track_c_01510,0,0,0,1,0,0
ptbr_test_track_c_01511,0,0,0,1,0,0
ptbr_test_track_c_01512,0,0,0,0,1,0
ptbr_test_track_c_01513,0,0,0,1,0,0
ptbr_test_track_c_01514,0,0,0,0,0,0
ptbr_test_track_c_01515,0,0,0,1,0,0
ptbr_test_track_c_01516,1,0,0,0,0,0
ptbr_test_track_c_01517,0,0,0,0,0,0
ptbr_test_track_c_01518,0,0,0,1,0,0
ptbr_test_track_c_01519,0,0,0,1,0,0
ptbr_test_track_c_01520,0,0,0,0,0,0
ptbr_test_track_c_01521,1,0,0,0,0,0
ptbr_test_track_c_01522,0,0,0,1,0,0
ptbr_test_track_c_01523,0,0,0,0,0,0
ptbr_test_track_c_01524,0,0,0,1,0,0
ptbr_test_track_c_01525,0,0,0,1,0,0
ptbr_test_track_c_01526,0,0,0,0,0,0
ptbr_test_track_c_01527,0,0,0,0,0,0
ptbr_test_track_c_01528,0,0,0,0,0,1
ptbr_test_track_c_01529,1,0,0,0,0,0
ptbr_test_track_c_01530,0,0,0,0,1,0
ptbr_test_track_c_01531,0,0,0,0,0,0
ptbr_test_track_c_01532,0,0,0,1,0,0
ptbr_test_track_c_01533,1,0,0,0,0,0
ptbr_test_track_c_01534,0,0,0,0,0,0
ptbr_test_track_c_01535,0,0,0,0,0,0
ptbr_test_track_c_01536,0,0,0,1,0,0
ptbr_test_track_c_01537,0,0,0,0,0,0
ptbr_test_track_c_01538,0,0,0,0,0,0
ptbr_test_track_c_01539,0,0,0,0,0,0
ptbr_test_track_c_01540,0,0,0,0,0,0
ptbr_test_track_c_01541,1,0,0,0,0,0
ptbr_test_track_c_01542,0,0,0,0,0,0
ptbr_test_track_c_01543,0,0,0,0,0,0
ptbr_test_track_c_01544,0,0,1,0,1,0
ptbr_test_track_c_01545,1,0,0,0,0,0
ptbr_test_track_c_01546,0,0,0,0,0,0
ptbr_test_track_c_01547,1,0,0,0,0,0
ptbr_test_track_c_01548,1,0,0,0,0,0
ptbr_test_track_c_01549,0,1,0,0,1,0
ptbr_test_track_c_01550,1,0,0,0,0,0
ptbr_test_track_c_01551,0,0,0,1,0,0
ptbr_test_track_c_01552,0,0,0,0,0,0
ptbr_test_track_c_01553,1,0,0,0,0,0
ptbr_test_track_c_01554,0,0,0,0,0,0
ptbr_test_track_c_01555,0,0,0,0,0,1
ptbr_test_track_c_01556,0,0,0,0,0,0
ptbr_test_track_c_01557,0,0,0,1,0,0
ptbr_test_track_c_01558,0,0,0,0,0,0
ptbr_test_track_c_01559,0,0,0,0,0,0
ptbr_test_track_c_01560,1,0,0,0,0,0
ptbr_test_track_c_01561,0,0,0,0,0,0
ptbr_test_track_c_01562,1,0,0,1,0,0
ptbr_test_track_c_01563,0,0,0,1,0,0
ptbr_test_track_c_01564,0,0,0,0,1,0
ptbr_test_track_c_01565,0,0,0,0,0,0
ptbr_test_track_c_01566,0,0,0,1,0,0
ptbr_test_track_c_01567,0,0,0,0,0,0
ptbr_test_track_c_01568,0,0,0,0,0,0
ptbr_test_track_c_01569,1,0,0,0,0,0
ptbr_test_track_c_01570,1,0,0,0,0,0
ptbr_test_track_c_01571,0,0,0,0,0,0
ptbr_test_track_c_01572,1,0,0,0,0,0
ptbr_test_track_c_01573,1,0,0,0,0,0
ptbr_test_track_c_01574,1,0,0,0,0,0
ptbr_test_track_c_01575,1,0,0,0,0,0
ptbr_test_track_c_01576,0,0,0,1,0,0
ptbr_test_track_c_01577,1,0,0,0,0,0
ptbr_test_track_c_01578,1,0,0,1,0,0
ptbr_test_track_c_01579,0,0,0,1,0,0
ptbr_test_track_c_01580,0,0,0,1,0,1
ptbr_test_track_c_01581,0,0,0,0,0,0
ptbr_test_track_c_01582,0,0,0,1,0,0
ptbr_test_track_c_01583,0,0,0,0,0,0
ptbr_test_track_c_01584,0,0,0,0,0,0
ptbr_test_track_c_01585,0,0,0,0,0,0
ptbr_test_track_c_01586,0,0,0,1,0,0
ptbr_test_track_c_01587,0,0,0,1,0,0
ptbr_test_track_c_01588,1,0,0,0,1,0
ptbr_test_track_c_01589,1,1,0,0,0,0
ptbr_test_track_c_01590,0,0,0,0,0,0
ptbr_test_track_c_01591,1,0,0,0,0,0
ptbr_test_track_c_01592,0,0,0,1,0,0
ptbr_test_track_c_01593,0,0,0,0,1,0
ptbr_test_track_c_01594,0,0,0,0,0,0
ptbr_test_track_c_01595,0,0,1,0,1,0
ptbr_test_track_c_01596,1,0,0,0,0,0
ptbr_test_track_c_01597,0,0,0,0,1,0
ptbr_test_track_c_01598,0,0,0,0,1,0
ptbr_test_track_c_01599,0,0,0,1,0,0
ptbr_test_track_c_01600,1,0,0,0,1,0
ptbr_test_track_c_01601,1,0,0,0,0,0
ptbr_test_track_c_01602,1,0,0,0,0,0
ptbr_test_track_c_01603,1,0,0,0,0,0
ptbr_test_track_c_01604,0,0,1,0,0,0
ptbr_test_track_c_01605,0,0,0,1,0,0
ptbr_test_track_c_01606,0,0,0,0,0,0
ptbr_test_track_c_01607,0,0,0,0,0,0
ptbr_test_track_c_01608,0,0,0,0,0,0
ptbr_test_track_c_01609,0,0,0,1,0,0
ptbr_test_track_c_01610,0,0,1,0,0,0
ptbr_test_track_c_01611,0,0,0,1,0,0
ptbr_test_track_c_01612,1,0,0,0,0,0
ptbr_test_track_c_01613,0,0,0,1,0,0
ptbr_test_track_c_01614,0,0,0,0,0,0
ptbr_test_track_c_01615,0,0,0,0,0,0
ptbr_test_track_c_01616,1,0,0,0,1,0
ptbr_test_track_c_01617,0,0,0,0,0,0
ptbr_test_track_c_01618,0,0,0,0,0,0
ptbr_test_track_c_01619,1,0,0,0,0,0
ptbr_test_track_c_01620,1,0,0,0,0,0
ptbr_test_track_c_01621,1,0,0,0,0,0
ptbr_test_track_c_01622,1,0,0,0,0,0
ptbr_test_track_c_01623,0,0,0,0,0,0
ptbr_test_track_c_01624,0,0,0,1,0,0
ptbr_test_track_c_01625,0,0,0,0,1,0
ptbr_test_track_c_01626,1,0,0,0,0,0
ptbr_test_track_c_01627,1,0,0,0,0,0
ptbr_test_track_c_01628,1,0,0,0,0,0
ptbr_test_track_c_01629,1,0,0,0,0,0
ptbr_test_track_c_01630,0,0,0,0,0,0
ptbr_test_track_c_01631,0,0,0,1,0,0
ptbr_test_track_c_01632,0,0,0,1,0,0
ptbr_test_track_c_01633,0,0,0,0,1,0
ptbr_test_track_c_01634,0,0,0,1,0,0
ptbr_test_track_c_01635,0,0,0,0,0,0
ptbr_test_track_c_01636,0,0,0,0,0,0
ptbr_test_track_c_01637,0,0,0,0,0,0
ptbr_test_track_c_01638,0,0,0,0,0,0
ptbr_test_track_c_01639,1,0,0,0,0,0
ptbr_test_track_c_01640,1,0,0,1,0,0
ptbr_test_track_c_01641,0,0,0,1,0,0
ptbr_test_track_c_01642,0,0,0,0,0,0
ptbr_test_track_c_01643,1,0,0,0,0,0
ptbr_test_track_c_01644,0,0,0,0,1,0
ptbr_test_track_c_01645,1,0,0,0,0,0
ptbr_test_track_c_01646,0,0,0,0,0,1
ptbr_test_track_c_01647,0,0,0,0,0,0
ptbr_test_track_c_01648,0,0,0,1,0,0
ptbr_test_track_c_01649,0,0,0,0,1,0
ptbr_test_track_c_01650,1,0,0,0,0,0
ptbr_test_track_c_01651,1,0,0,1,0,0
ptbr_test_track_c_01652,1,0,0,0,0,0
ptbr_test_track_c_01653,0,0,0,1,0,0
ptbr_test_track_c_01654,1,0,0,0,0,0
ptbr_test_track_c_01655,0,0,0,0,0,0
ptbr_test_track_c_01656,1,0,0,0,0,0
ptbr_test_track_c_01657,1,0,0,0,0,0
ptbr_test_track_c_01658,0,0,0,1,0,0
ptbr_test_track_c_01659,0,0,0,0,0,0
ptbr_test_track_c_01660,1,0,0,0,0,0
ptbr_test_track_c_01661,0,0,0,1,0,0
ptbr_test_track_c_01662,0,0,1,0,0,0
ptbr_test_track_c_01663,1,0,0,0,0,0
ptbr_test_track_c_01664,0,0,0,1,0,0
ptbr_test_track_c_01665,0,0,0,0,0,0
ptbr_test_track_c_01666,0,0,0,1,0,0
ptbr_test_track_c_01667,1,1,0,0,0,0
ptbr_test_track_c_01668,0,0,0,0,1,0
ptbr_test_track_c_01669,0,0,0,0,0,0
ptbr_test_track_c_01670,1,0,0,0,0,0
ptbr_test_track_c_01671,1,0,0,0,0,0
ptbr_test_track_c_01672,1,0,0,0,0,0
ptbr_test_track_c_01673,0,0,0,0,1,0
ptbr_test_track_c_01674,0,0,0,1,0,0
ptbr_test_track_c_01675,0,0,0,1,0,0
ptbr_test_track_c_01676,0,0,1,0,0,0
ptbr_test_track_c_01677,1,0,0,0,0,0
ptbr_test_track_c_01678,0,0,0,0,0,0
ptbr_test_track_c_01679,0,0,0,1,0,0
ptbr_test_track_c_01680,1,0,0,0,0,0
ptbr_test_track_c_01681,0,0,0,0,0,0
ptbr_test_track_c_01682,0,0,0,0,0,0
ptbr_test_track_c_01683,0,0,0,0,0,0
ptbr_test_track_c_01684,1,0,0,0,0,0
ptbr_test_track_c_01685,0,0,0,0,0,0
ptbr_test_track_c_01686,1,0,0,1,0,0
ptbr_test_track_c_01687,0,0,0,0,0,0
ptbr_test_track_c_01688,0,0,1,0,0,0
ptbr_test_track_c_01689,0,0,0,1,0,0
ptbr_test_track_c_01690,0,0,0,0,0,1
ptbr_test_track_c_01691,1,0,0,0,0,0
ptbr_test_track_c_01692,0,0,0,1,0,0
ptbr_test_track_c_01693,1,0,0,0,1,0
ptbr_test_track_c_01694,1,0,0,0,0,0
ptbr_test_track_c_01695,0,0,0,0,0,0
ptbr_test_track_c_01696,0,0,0,1,0,1
ptbr_test_track_c_01697,0,0,0,1,0,0
ptbr_test_track_c_01698,0,0,0,0,0,1
ptbr_test_track_c_01699,1,0,0,0,0,0
ptbr_test_track_c_01700,1,0,0,0,0,0
ptbr_test_track_c_01701,0,0,0,0,1,0
ptbr_test_track_c_01702,0,0,1,0,0,0
ptbr_test_track_c_01703,1,0,0,0,0,0
ptbr_test_track_c_01704,1,0,0,0,0,0
ptbr_test_track_c_01705,0,0,0,1,0,0
ptbr_test_track_c_01706,0,0,0,1,0,0
ptbr_test_track_c_01707,1,0,0,0,1,0
ptbr_test_track_c_01708,0,0,0,0,0,0
ptbr_test_track_c_01709,0,0,0,0,0,0
ptbr_test_track_c_01710,0,0,0,1,0,0
ptbr_test_track_c_01711,0,0,0,0,0,0
ptbr_test_track_c_01712,1,0,1,0,0,1
ptbr_test_track_c_01713,0,0,0,0,0,0
ptbr_test_track_c_01714,0,0,0,0,1,0
ptbr_test_track_c_01715,1,0,0,0,0,0
ptbr_test_track_c_01716,0,0,0,0,1,0
ptbr_test_track_c_01717,1,0,0,0,0,0
ptbr_test_track_c_01718,1,0,0,0,0,0
ptbr_test_track_c_01719,0,0,0,1,0,0
ptbr_test_track_c_01720,1,0,0,0,0,0
ptbr_test_track_c_01721,0,0,0,0,1,0
ptbr_test_track_c_01722,1,0,0,0,0,0
ptbr_test_track_c_01723,1,0,0,0,0,0
ptbr_test_track_c_01724,0,0,0,1,0,0
ptbr_test_track_c_01725,0,0,0,0,0,0
ptbr_test_track_c_01726,0,0,0,0,1,0
ptbr_test_track_c_01727,0,0,0,0,0,0
ptbr_test_track_c_01728,0,0,0,1,0,0
ptbr_test_track_c_01729,0,0,0,1,0,0
ptbr_test_track_c_01730,1,0,0,0,1,0
ptbr_test_track_c_01731,1,0,0,0,1,0
ptbr_test_track_c_01732,0,0,0,0,0,1
ptbr_test_track_c_01733,0,0,0,0,0,0
ptbr_test_track_c_01734,0,0,0,0,0,0
ptbr_test_track_c_01735,1,0,0,0,1,0
ptbr_test_track_c_01736,1,0,0,0,0,0
ptbr_test_track_c_01737,0,0,0,0,0,0
ptbr_test_track_c_01738,0,0,0,0,0,0
ptbr_test_track_c_01739,1,0,0,1,0,1
ptbr_test_track_c_01740,0,0,0,0,0,0
ptbr_test_track_c_01741,1,0,0,0,0,0
ptbr_test_track_c_01742,0,0,0,0,0,0
ptbr_test_track_c_01743,0,0,0,0,0,0
ptbr_test_track_c_01744,0,0,0,1,0,0
ptbr_test_track_c_01745,0,0,0,1,0,0
ptbr_test_track_c_01746,0,0,0,1,0,0
ptbr_test_track_c_01747,1,0,0,0,0,0
ptbr_test_track_c_01748,0,0,0,0,0,0
ptbr_test_track_c_01749,0,0,0,0,0,0
ptbr_test_track_c_01750,0,0,0,0,0,0
ptbr_test_track_c_01751,0,0,0,1,0,0
ptbr_test_track_c_01752,0,0,0,1,0,0
ptbr_test_track_c_01753,0,0,0,0,0,0
ptbr_test_track_c_01754,0,0,0,0,0,0
ptbr_test_track_c_01755,0,0,0,0,0,0
ptbr_test_track_c_01756,0,0,0,1,1,0
ptbr_test_track_c_01757,0,0,0,0,0,0
ptbr_test_track_c_01758,1,0,0,0,0,0
ptbr_test_track_c_01759,0,0,0,1,0,1
ptbr_test_track_c_01760,0,0,0,0,1,0
ptbr_test_track_c_01761,1,0,0,0,1,0
ptbr_test_track_c_01762,1,1,0,0,0,1
ptbr_test_track_c_01763,0,0,0,0,0,0
ptbr_test_track_c_01764,0,0,0,0,1,0
ptbr_test_track_c_01765,0,0,0,0,0,1
ptbr_test_track_c_01766,0,0,0,0,0,0
ptbr_test_track_c_01767,1,0,0,0,0,0
ptbr_test_track_c_01768,0,0,0,0,0,0
ptbr_test_track_c_01769,0,0,0,0,0,0
ptbr_test_track_c_01770,1,0,0,0,0,0
ptbr_test_track_c_01771,1,0,0,0,0,0
ptbr_test_track_c_01772,0,0,0,0,0,0
ptbr_test_track_c_01773,0,0,0,1,0,0
ptbr_test_track_c_01774,0,0,0,0,0,0
ptbr_test_track_c_01775,0,0,0,0,1,0
ptbr_test_track_c_01776,0,0,0,0,0,0
ptbr_test_track_c_01777,0,0,0,0,0,0
ptbr_test_track_c_01778,1,0,0,0,0,0
ptbr_test_track_c_01779,0,0,0,1,0,0
ptbr_test_track_c_01780,0,0,1,0,0,1
ptbr_test_track_c_01781,0,0,0,1,0,1
ptbr_test_track_c_01782,0,0,0,0,0,0
ptbr_test_track_c_01783,0,0,0,0,0,0
ptbr_test_track_c_01784,1,0,0,0,0,0
ptbr_test_track_c_01785,0,0,0,0,0,0
ptbr_test_track_c_01786,0,0,0,0,0,0
ptbr_test_track_c_01787,0,0,0,0,0,0
ptbr_test_track_c_01788,1,0,0,0,0,0
ptbr_test_track_c_01789,0,0,0,0,0,0
ptbr_test_track_c_01790,0,0,0,0,0,0
ptbr_test_track_c_01791,0,0,0,1,0,1
ptbr_test_track_c_01792,0,0,0,0,1,0
ptbr_test_track_c_01793,0,0,0,1,0,0
ptbr_test_track_c_01794,0,0,0,0,1,0
ptbr_test_track_c_01795,1,0,0,0,0,0
ptbr_test_track_c_01796,0,0,0,0,0,0
ptbr_test_track_c_01797,0,0,0,0,0,0
ptbr_test_track_c_01798,1,0,0,0,0,1
ptbr_test_track_c_01799,0,0,0,1,0,0
ptbr_test_track_c_01800,0,0,0,0,0,0
ptbr_test_track_c_01801,0,0,0,0,0,0
ptbr_test_track_c_01802,1,0,0,0,0,0
ptbr_test_track_c_01803,1,0,0,0,0,0
ptbr_test_track_c_01804,0,0,0,0,0,0
ptbr_test_track_c_01805,0,0,0,1,0,0
ptbr_test_track_c_01806,1,0,0,0,1,0
ptbr_test_track_c_01807,0,0,0,1,0,0
ptbr_test_track_c_01808,0,0,0,1,0,0
ptbr_test_track_c_01809,1,0,0,0,0,0
ptbr_test_track_c_01810,0,0,0,0,0,0
ptbr_test_track_c_01811,0,0,0,0,1,0
ptbr_test_track_c_01812,0,0,0,1,0,0
ptbr_test_track_c_01813,0,0,0,1,0,0
ptbr_test_track_c_01814,0,0,0,0,1,0
ptbr_test_track_c_01815,0,0,0,0,0,0
ptbr_test_track_c_01816,0,0,0,1,0,0
ptbr_test_track_c_01817,0,0,0,0,0,0
ptbr_test_track_c_01818,0,0,0,0,0,0
ptbr_test_track_c_01819,1,0,0,0,0,0
ptbr_test_track_c_01820,0,0,1,1,0,0
ptbr_test_track_c_01821,0,0,0,1,0,0
ptbr_test_track_c_01822,1,0,0,0,0,1
ptbr_test_track_c_01823,0,0,0,0,0,0
ptbr_test_track_c_01824,0,0,0,1,0,0
ptbr_test_track_c_01825,0,0,0,0,0,0
ptbr_test_track_c_01826,0,0,0,0,0,0
ptbr_test_track_c_01827,0,0,0,0,0,0
ptbr_test_track_c_01828,1,0,0,0,0,0
ptbr_test_track_c_01829,0,0,0,0,1,0
ptbr_test_track_c_01830,0,0,1,0,0,0
ptbr_test_track_c_01831,0,0,0,0,1,0
ptbr_test_track_c_01832,0,0,0,1,0,0
ptbr_test_track_c_01833,0,0,0,1,0,0
ptbr_test_track_c_01834,0,0,0,0,0,0
ptbr_test_track_c_01835,1,0,0,0,0,0
ptbr_test_track_c_01836,0,0,0,1,0,0
ptbr_test_track_c_01837,0,0,0,1,0,0
ptbr_test_track_c_01838,0,0,0,0,0,0
ptbr_test_track_c_01839,1,0,0,0,0,0
ptbr_test_track_c_01840,1,0,0,0,0,1
ptbr_test_track_c_01841,0,0,0,1,0,0
ptbr_test_track_c_01842,0,0,0,0,0,0
ptbr_test_track_c_01843,1,0,0,0,0,0
ptbr_test_track_c_01844,0,0,0,1,0,0
ptbr_test_track_c_01845,1,0,0,0,0,0
ptbr_test_track_c_01846,0,0,0,0,0,0
ptbr_test_track_c_01847,1,0,0,0,0,0
ptbr_test_track_c_01848,1,0,0,0,0,0
ptbr_test_track_c_01849,1,0,0,0,0,0
ptbr_test_track_c_01850,0,0,0,0,0,0
ptbr_test_track_c_01851,1,0,0,0,0,1
ptbr_test_track_c_01852,0,0,0,0,0,0
ptbr_test_track_c_01853,0,0,0,1,0,0
ptbr_test_track_c_01854,0,0,0,1,0,0
ptbr_test_track_c_01855,0,0,0,1,0,0
ptbr_test_track_c_01856,0,0,0,1,0,0
ptbr_test_track_c_01857,0,0,0,1,0,0
ptbr_test_track_c_01858,0,0,0,0,0,0
ptbr_test_track_c_01859,0,0,0,1,0,0
ptbr_test_track_c_01860,0,0,0,0,0,0
ptbr_test_track_c_01861,0,0,0,0,0,0
ptbr_test_track_c_01862,0,0,0,0,0,0
ptbr_test_track_c_01863,1,0,0,0,0,0
ptbr_test_track_c_01864,1,0,0,0,0,0
ptbr_test_track_c_01865,1,0,0,0,0,0
ptbr_test_track_c_01866,1,0,0,0,0,0
ptbr_test_track_c_01867,1,0,0,0,0,0
ptbr_test_track_c_01868,0,0,0,0,0,0
ptbr_test_track_c_01869,0,0,0,0,0,0
ptbr_test_track_c_01870,0,0,0,0,0,0
ptbr_test_track_c_01871,0,0,0,0,0,0
ptbr_test_track_c_01872,0,0,0,0,0,0
ptbr_test_track_c_01873,1,0,0,0,0,0
ptbr_test_track_c_01874,1,0,0,0,0,0
ptbr_test_track_c_01875,0,0,0,0,1,0
ptbr_test_track_c_01876,1,0,0,0,0,0
ptbr_test_track_c_01877,0,0,0,1,0,0
ptbr_test_track_c_01878,0,0,0,0,0,0
ptbr_test_track_c_01879,0,0,0,1,0,0
ptbr_test_track_c_01880,0,0,0,0,0,0
ptbr_test_track_c_01881,1,0,0,0,1,0
ptbr_test_track_c_01882,0,0,0,0,0,0
ptbr_test_track_c_01883,0,0,0,0,0,0
ptbr_test_track_c_01884,0,0,0,0,1,0
ptbr_test_track_c_01885,0,0,0,0,0,0
ptbr_test_track_c_01886,0,0,0,0,1,0
ptbr_test_track_c_01887,1,0,0,0,0,0
ptbr_test_track_c_01888,0,0,0,0,0,0
ptbr_test_track_c_01889,1,0,0,0,0,0
ptbr_test_track_c_01890,0,0,0,0,1,0
ptbr_test_track_c_01891,1,0,0,0,0,1
ptbr_test_track_c_01892,1,0,0,0,0,0
ptbr_test_track_c_01893,1,0,0,0,0,0
ptbr_test_track_c_01894,0,0,0,1,0,0
ptbr_test_track_c_01895,0,0,0,0,0,1
ptbr_test_track_c_01896,0,0,0,0,0,0
ptbr_test_track_c_01897,1,0,0,0,0,0
ptbr_test_track_c_01898,1,0,0,0,0,0
ptbr_test_track_c_01899,0,0,0,0,1,0
ptbr_test_track_c_01900,1,0,0,0,0,0
ptbr_test_track_c_01901,1,0,0,0,1,0
ptbr_test_track_c_01902,1,0,0,0,0,0
ptbr_test_track_c_01903,1,0,0,0,0,0
ptbr_test_track_c_01904,1,0,0,0,0,0
ptbr_test_track_c_01905,0,0,0,0,0,1
ptbr_test_track_c_01906,0,0,0,0,1,0
ptbr_test_track_c_01907,1,0,0,0,0,0
ptbr_test_track_c_01908,0,0,0,0,0,0
ptbr_test_track_c_01909,0,0,0,0,0,0
ptbr_test_track_c_01910,1,0,0,0,0,0
ptbr_test_track_c_01911,1,0,0,0,0,0
ptbr_test_track_c_01912,0,0,0,1,0,0
ptbr_test_track_c_01913,0,0,0,0,0,0
ptbr_test_track_c_01914,0,0,0,1,0,0
ptbr_test_track_c_01915,0,0,0,1,0,0
ptbr_test_track_c_01916,1,0,0,0,0,0
ptbr_test_track_c_01917,0,0,0,0,0,0
ptbr_test_track_c_01918,0,0,0,0,1,0
ptbr_test_track_c_01919,0,0,0,0,0,0
ptbr_test_track_c_01920,0,0,0,0,1,0
ptbr_test_track_c_01921,1,0,0,0,0,0
ptbr_test_track_c_01922,1,0,0,0,0,0
ptbr_test_track_c_01923,0,0,0,1,0,0
ptbr_test_track_c_01924,1,1,0,0,0,0
ptbr_test_track_c_01925,0,0,0,0,0,0
ptbr_test_track_c_01926,1,0,0,0,0,0
ptbr_test_track_c_01927,0,0,0,1,0,1
ptbr_test_track_c_01928,0,0,0,1,0,0
ptbr_test_track_c_01929,0,0,0,0,0,0
ptbr_test_track_c_01930,1,0,0,0,0,0
ptbr_test_track_c_01931,0,0,0,1,0,0
ptbr_test_track_c_01932,0,0,1,0,1,0
ptbr_test_track_c_01933,0,0,0,0,0,0
ptbr_test_track_c_01934,1,0,0,0,0,0
ptbr_test_track_c_01935,0,0,0,1,0,0
ptbr_test_track_c_01936,1,1,0,0,0,0
ptbr_test_track_c_01937,1,0,0,0,0,0
ptbr_test_track_c_01938,0,0,0,1,0,0
ptbr_test_track_c_01939,0,0,0,0,0,0
ptbr_test_track_c_01940,1,0,0,0,0,0
ptbr_test_track_c_01941,1,0,0,0,0,0
ptbr_test_track_c_01942,1,0,0,0,0,0
ptbr_test_track_c_01943,1,0,0,0,1,0
ptbr_test_track_c_01944,0,0,0,0,0,0
ptbr_test_track_c_01945,0,0,0,0,0,0
ptbr_test_track_c_01946,0,0,0,1,0,0
ptbr_test_track_c_01947,0,0,0,0,0,0
ptbr_test_track_c_01948,0,0,0,1,0,0
ptbr_test_track_c_01949,0,0,0,1,0,0
ptbr_test_track_c_01950,1,0,0,0,0,0
ptbr_test_track_c_01951,1,0,0,0,0,0
ptbr_test_track_c_01952,0,0,0,0,0,0
ptbr_test_track_c_01953,0,0,0,0,0,0
ptbr_test_track_c_01954,0,0,0,1,0,0
ptbr_test_track_c_01955,0,0,1,0,0,0
ptbr_test_track_c_01956,0,0,0,0,0,0
ptbr_test_track_c_01957,0,0,0,0,0,0
ptbr_test_track_c_01958,1,0,0,0,0,0
ptbr_test_track_c_01959,0,0,0,0,0,0
ptbr_test_track_c_01960,1,0,1,0,0,0
ptbr_test_track_c_01961,1,0,0,0,0,0
ptbr_test_track_c_01962,0,0,0,1,0,0
ptbr_test_track_c_01963,0,0,0,0,0,0
ptbr_test_track_c_01964,1,0,0,0,0,0
ptbr_test_track_c_01965,0,0,0,0,0,0
ptbr_test_track_c_01966,1,0,0,0,0,0
ptbr_test_track_c_01967,0,0,0,1,0,0
ptbr_test_track_c_01968,1,0,1,0,0,0
ptbr_test_track_c_01969,0,0,0,1,0,0
ptbr_test_track_c_01970,1,0,0,0,0,1
ptbr_test_track_c_01971,0,0,0,0,0,0
ptbr_test_track_c_01972,0,0,0,0,0,0
ptbr_test_track_c_01973,0,0,0,1,0,0
ptbr_test_track_c_01974,1,0,0,0,0,1
ptbr_test_track_c_01975,0,0,0,0,0,0
ptbr_test_track_c_01976,0,0,0,0,1,0
ptbr_test_track_c_01977,0,0,0,0,1,0
ptbr_test_track_c_01978,1,0,0,0,0,0
ptbr_test_track_c_01979,1,0,0,0,0,0
ptbr_test_track_c_01980,0,0,0,0,0,0
ptbr_test_track_c_01981,1,0,0,0,0,1
ptbr_test_track_c_01982,0,0,0,1,0,0
ptbr_test_track_c_01983,0,0,0,0,0,0
ptbr_test_track_c_01984,0,0,0,1,0,0
ptbr_test_track_c_01985,0,0,0,1,0,0
ptbr_test_track_c_01986,0,0,0,1,0,0
ptbr_test_track_c_01987,0,0,0,1,0,0
ptbr_test_track_c_01988,1,0,0,0,0,0
ptbr_test_track_c_01989,1,0,0,0,1,0
ptbr_test_track_c_01990,1,0,0,0,0,0
ptbr_test_track_c_01991,1,0,0,0,0,0
ptbr_test_track_c_01992,0,0,0,1,0,0
ptbr_test_track_c_01993,0,0,0,0,1,0
ptbr_test_track_c_01994,1,0,0,0,0,0
ptbr_test_track_c_01995,0,0,0,1,0,0
ptbr_test_track_c_01996,0,0,0,0,1,0
ptbr_test_track_c_01997,0,0,0,0,0,0
ptbr_test_track_c_01998,0,0,0,0,0,0
ptbr_test_track_c_01999,0,0,0,0,0,1
ptbr_test_track_c_02000,1,0,0,0,0,0
ptbr_test_track_c_02001,0,0,0,1,0,0
ptbr_test_track_c_02002,0,0,0,0,0,0
ptbr_test_track_c_02003,0,0,0,0,0,0
ptbr_test_track_c_02004,0,0,0,1,0,0
ptbr_test_track_c_02005,0,0,0,0,0,0
ptbr_test_track_c_02006,0,0,0,0,1,0
ptbr_test_track_c_02007,0,0,0,0,0,0
ptbr_test_track_c_02008,0,0,0,0,0,0
ptbr_test_track_c_02009,0,0,0,1,0,0
ptbr_test_track_c_02010,0,0,0,1,0,0
ptbr_test_track_c_02011,1,0,0,0,0,0
ptbr_test_track_c_02012,1,0,1,0,1,0
ptbr_test_track_c_02013,0,0,0,1,0,0
ptbr_test_track_c_02014,0,0,1,0,1,0
ptbr_test_track_c_02015,0,0,0,0,0,0
ptbr_test_track_c_02016,0,0,0,0,0,0
ptbr_test_track_c_02017,1,0,0,0,0,1
ptbr_test_track_c_02018,0,0,0,0,1,0
ptbr_test_track_c_02019,0,0,0,1,0,0
ptbr_test_track_c_02020,0,0,0,0,1,0
ptbr_test_track_c_02021,0,0,0,1,0,0
ptbr_test_track_c_02022,0,0,0,0,1,0
ptbr_test_track_c_02023,0,0,0,0,0,0
ptbr_test_track_c_02024,0,0,0,0,0,0
ptbr_test_track_c_02025,0,0,0,0,0,0
ptbr_test_track_c_02026,1,0,0,0,0,0
ptbr_test_track_c_02027,0,0,0,0,0,0
ptbr_test_track_c_02028,0,0,0,0,0,0
ptbr_test_track_c_02029,0,0,0,1,0,0
ptbr_test_track_c_02030,0,0,0,0,0,0
ptbr_test_track_c_02031,0,0,0,0,0,0
ptbr_test_track_c_02032,0,0,0,0,0,0
ptbr_test_track_c_02033,0,0,0,0,0,0
ptbr_test_track_c_02034,0,0,0,0,0,0
ptbr_test_track_c_02035,0,0,0,0,0,0
ptbr_test_track_c_02036,1,0,0,0,0,0
ptbr_test_track_c_02037,1,0,0,0,0,0
ptbr_test_track_c_02038,0,0,0,1,0,0
ptbr_test_track_c_02039,0,0,0,0,1,0
ptbr_test_track_c_02040,1,0,0,0,0,0
ptbr_test_track_c_02041,0,0,0,1,0,0
ptbr_test_track_c_02042,0,0,0,0,0,1
ptbr_test_track_c_02043,0,0,0,0,0,0
ptbr_test_track_c_02044,0,0,0,0,0,0
ptbr_test_track_c_02045,1,0,0,0,0,0
ptbr_test_track_c_02046,0,0,0,1,0,0
ptbr_test_track_c_02047,1,0,0,0,0,0
ptbr_test_track_c_02048,0,0,0,1,0,0
ptbr_test_track_c_02049,0,0,0,0,0,0
ptbr_test_track_c_02050,0,0,0,0,0,0
ptbr_test_track_c_02051,1,0,0,0,0,0
ptbr_test_track_c_02052,0,0,0,0,0,1
ptbr_test_track_c_02053,0,1,0,0,1,0
ptbr_test_track_c_02054,0,0,0,0,1,0
ptbr_test_track_c_02055,0,0,0,1,1,0
ptbr_test_track_c_02056,0,0,0,0,0,0
ptbr_test_track_c_02057,0,0,0,0,0,0
ptbr_test_track_c_02058,0,0,0,0,0,0
ptbr_test_track_c_02059,1,0,0,0,0,0
ptbr_test_track_c_02060,0,0,0,0,0,0
ptbr_test_track_c_02061,0,0,0,0,0,0
ptbr_test_track_c_02062,1,0,0,0,0,0
ptbr_test_track_c_02063,1,0,0,0,0,0
ptbr_test_track_c_02064,1,0,0,0,0,0
ptbr_test_track_c_02065,0,0,0,1,1,0
ptbr_test_track_c_02066,0,0,0,1,0,0
ptbr_test_track_c_02067,0,0,0,1,0,0
ptbr_test_track_c_02068,0,0,0,0,0,0
ptbr_test_track_c_02069,0,0,0,1,0,0
ptbr_test_track_c_02070,0,0,0,1,0,0
ptbr_test_track_c_02071,1,0,0,0,0,0
ptbr_test_track_c_02072,0,0,0,0,0,0
ptbr_test_track_c_02073,1,0,0,0,0,0
ptbr_test_track_c_02074,1,0,0,0,0,0
ptbr_test_track_c_02075,1,0,0,0,1,0
ptbr_test_track_c_02076,0,0,0,0,0,0
ptbr_test_track_c_02077,1,0,0,0,0,0
ptbr_test_track_c_02078,0,0,1,0,0,0
ptbr_test_track_c_02079,0,0,0,1,0,0
ptbr_test_track_c_02080,1,0,0,0,0,0
ptbr_test_track_c_02081,0,0,0,0,0,0
ptbr_test_track_c_02082,0,0,0,0,0,1
ptbr_test_track_c_02083,1,0,0,0,1,0
ptbr_test_track_c_02084,0,0,0,0,0,0
ptbr_test_track_c_02085,0,0,0,0,0,0
ptbr_test_track_c_02086,0,0,0,1,0,0
ptbr_test_track_c_02087,0,0,0,0,0,0
ptbr_test_track_c_02088,1,0,0,0,0,0
ptbr_test_track_c_02089,1,0,0,0,0,0
ptbr_test_track_c_02090,0,0,0,0,0,0
ptbr_test_track_c_02091,1,0,0,0,0,0
ptbr_test_track_c_02092,0,0,0,1,1,0
ptbr_test_track_c_02093,1,0,0,0,0,0
ptbr_test_track_c_02094,0,0,0,1,0,0
ptbr_test_track_c_02095,1,0,0,0,1,0
ptbr_test_track_c_02096,1,0,0,0,0,0
ptbr_test_track_c_02097,0,0,0,1,0,0
ptbr_test_track_c_02098,0,0,0,0,0,0
ptbr_test_track_c_02099,0,0,0,1,1,0
ptbr_test_track_c_02100,0,0,0,0,0,0
ptbr_test_track_c_02101,0,0,0,0,1,0
ptbr_test_track_c_02102,0,0,0,0,1,0
ptbr_test_track_c_02103,0,0,0,0,0,0
ptbr_test_track_c_02104,1,0,0,0,0,0
ptbr_test_track_c_02105,0,0,0,0,0,0
ptbr_test_track_c_02106,0,0,0,0,1,0
ptbr_test_track_c_02107,0,0,0,0,0,0
ptbr_test_track_c_02108,0,0,0,0,0,0
ptbr_test_track_c_02109,0,0,0,0,0,0
ptbr_test_track_c_02110,0,0,0,0,0,0
ptbr_test_track_c_02111,0,0,0,0,0,0
ptbr_test_track_c_02112,0,0,0,1,0,0
ptbr_test_track_c_02113,0,0,0,0,0,0
ptbr_test_track_c_02114,0,0,0,0,1,0
ptbr_test_track_c_02115,0,0,0,1,0,0
ptbr_test_track_c_02116,0,0,0,0,0,0
ptbr_test_track_c_02117,0,0,0,1,0,0
ptbr_test_track_c_02118,0,0,0,0,1,0
ptbr_test_track_c_02119,0,0,0,0,0,0
ptbr_test_track_c_02120,1,0,0,0,0,0
ptbr_test_track_c_02121,0,0,0,0,0,0
ptbr_test_track_c_02122,1,0,1,0,0,0
ptbr_test_track_c_02123,0,0,0,0,0,0
ptbr_test_track_c_02124,0,0,0,1,0,0
ptbr_test_track_c_02125,1,0,0,0,0,0
ptbr_test_track_c_02126,0,0,0,1,0,0
ptbr_test_track_c_02127,0,0,0,0,0,0
ptbr_test_track_c_02128,0,0,0,1,0,0
ptbr_test_track_c_02129,0,0,0,1,0,0
ptbr_test_track_c_02130,0,0,0,1,0,0
ptbr_test_track_c_02131,0,0,0,0,0,0
ptbr_test_track_c_02132,1,0,0,0,0,0
ptbr_test_track_c_02133,1,0,0,0,0,0
ptbr_test_track_c_02134,1,0,0,0,0,0
ptbr_test_track_c_02135,0,0,0,0,0,0
ptbr_test_track_c_02136,0,0,0,0,0,0
ptbr_test_track_c_02137,0,0,0,1,0,0
ptbr_test_track_c_02138,0,0,0,1,0,0
ptbr_test_track_c_02139,1,0,0,0,0,0
ptbr_test_track_c_02140,1,0,0,0,0,0
ptbr_test_track_c_02141,0,0,0,0,0,0
ptbr_test_track_c_02142,0,0,0,0,0,1
ptbr_test_track_c_02143,0,0,0,0,0,0
ptbr_test_track_c_02144,0,0,0,1,0,0
ptbr_test_track_c_02145,0,0,0,0,0,1
ptbr_test_track_c_02146,0,0,0,1,0,0
ptbr_test_track_c_02147,0,0,0,0,0,0
ptbr_test_track_c_02148,0,0,0,0,0,0
ptbr_test_track_c_02149,0,0,0,1,0,0
ptbr_test_track_c_02150,1,0,0,0,0,0
ptbr_test_track_c_02151,0,0,0,1,0,0
ptbr_test_track_c_02152,0,0,0,0,1,0
ptbr_test_track_c_02153,1,0,0,0,0,0
ptbr_test_track_c_02154,0,0,0,0,0,0
ptbr_test_track_c_02155,1,0,0,0,0,0
ptbr_test_track_c_02156,0,0,0,0,0,0
ptbr_test_track_c_02157,1,0,0,0,0,0
ptbr_test_track_c_02158,0,0,0,1,0,0
ptbr_test_track_c_02159,1,0,0,0,0,0
ptbr_test_track_c_02160,1,0,0,0,0,0
ptbr_test_track_c_02161,1,0,0,0,0,0
ptbr_test_track_c_02162,1,0,0,0,0,0
ptbr_test_track_c_02163,0,0,0,0,1,0
ptbr_test_track_c_02164,0,0,0,1,0,0
ptbr_test_track_c_02165,1,0,0,0,0,0
ptbr_test_track_c_02166,1,0,0,0,0,0
ptbr_test_track_c_02167,0,0,0,0,0,0
ptbr_test_track_c_02168,0,0,0,1,0,0
ptbr_test_track_c_02169,0,0,0,0,0,0
ptbr_test_track_c_02170,0,0,0,1,0,0
ptbr_test_track_c_02171,0,0,0,0,0,0
ptbr_test_track_c_02172,1,0,0,0,0,0
ptbr_test_track_c_02173,0,0,0,1,0,0
ptbr_test_track_c_02174,0,0,0,1,0,0
ptbr_test_track_c_02175,0,0,0,1,0,0
ptbr_test_track_c_02176,1,0,0,0,0,0
ptbr_test_track_c_02177,0,0,1,0,0,0
ptbr_test_track_c_02178,0,0,0,0,1,0
ptbr_test_track_c_02179,0,0,0,0,0,0
ptbr_test_track_c_02180,1,0,0,0,0,0
ptbr_test_track_c_02181,0,0,0,0,1,0
ptbr_test_track_c_02182,0,0,0,1,0,0
ptbr_test_track_c_02183,1,0,0,0,0,0
ptbr_test_track_c_02184,1,0,0,0,0,0
ptbr_test_track_c_02185,0,0,0,0,0,0
ptbr_test_track_c_02186,0,0,0,1,0,0
ptbr_test_track_c_02187,1,0,0,0,0,0
ptbr_test_track_c_02188,0,0,0,1,0,0
ptbr_test_track_c_02189,1,0,0,0,0,0
ptbr_test_track_c_02190,0,0,0,1,0,0
ptbr_test_track_c_02191,0,0,0,1,0,0
ptbr_test_track_c_02192,0,0,0,0,0,0
ptbr_test_track_c_02193,1,0,0,0,0,0
ptbr_test_track_c_02194,1,0,0,0,0,0
ptbr_test_track_c_02195,1,0,0,0,0,0
ptbr_test_track_c_02196,1,0,0,0,0,0
ptbr_test_track_c_02197,0,0,0,1,0,0
ptbr_test_track_c_02198,1,0,0,0,1,0
ptbr_test_track_c_02199,1,0,1,0,0,0
ptbr_test_track_c_02200,1,0,0,0,0,0
ptbr_test_track_c_02201,0,0,0,0,0,0
ptbr_test_track_c_02202,0,0,0,1,0,0
ptbr_test_track_c_02203,0,0,0,0,0,0
ptbr_test_track_c_02204,0,0,0,0,0,0
ptbr_test_track_c_02205,0,0,0,0,0,0
ptbr_test_track_c_02206,0,0,0,0,0,0
ptbr_test_track_c_02207,1,0,0,0,0,0
ptbr_test_track_c_02208,1,0,1,0,0,1
ptbr_test_track_c_02209,0,0,0,0,1,0
ptbr_test_track_c_02210,0,0,0,0,0,0
ptbr_test_track_c_02211,0,0,0,1,0,1
ptbr_test_track_c_02212,0,0,0,0,0,0
ptbr_test_track_c_02213,0,0,0,0,0,0
ptbr_test_track_c_02214,0,0,0,0,0,0
ptbr_test_track_c_02215,0,0,1,0,0,0
ptbr_test_track_c_02216,0,0,0,1,0,0
ptbr_test_track_c_02217,0,0,0,0,0,0
ptbr_test_track_c_02218,0,0,0,0,0,0
ptbr_test_track_c_02219,0,0,0,1,1,0
ptbr_test_track_c_02220,0,0,0,0,0,0
ptbr_test_track_c_02221,1,0,0,0,0,0
ptbr_test_track_c_02222,1,0,0,0,0,0
ptbr_test_track_c_02223,0,0,0,0,0,0
ptbr_test_track_c_02224,0,0,0,0,0,0
ptbr_test_track_c_02225,0,0,0,0,1,0
ptbr_test_track_c_02226,0,0,0,0,0,0
