id,anger,disgust,fear,joy,sadness,surprise
arq_test_track_c_00001,0,0,0,0,0,0
arq_test_track_c_00002,1,1,0,0,1,0
arq_test_track_c_00003,1,1,0,0,1,0
arq_test_track_c_00004,0,0,0,0,1,0
arq_test_track_c_00005,1,0,0,0,1,1
arq_test_track_c_00006,0,0,0,0,1,0
arq_test_track_c_00007,0,0,0,0,1,1
arq_test_track_c_00008,0,0,0,0,1,0
arq_test_track_c_00009,1,0,0,0,1,0
arq_test_track_c_00010,0,0,0,0,0,0
arq_test_track_c_00011,0,0,0,0,1,0
arq_test_track_c_00012,0,0,0,0,1,0
arq_test_track_c_00013,0,0,0,1,1,1
arq_test_track_c_00014,0,0,0,0,1,0
arq_test_track_c_00015,0,0,1,0,1,0
arq_test_track_c_00016,0,0,0,0,1,0
arq_test_track_c_00017,1,0,1,0,1,1
arq_test_track_c_00018,0,0,0,0,1,0
arq_test_track_c_00019,0,0,0,1,0,0
arq_test_track_c_00020,1,0,0,0,1,1
arq_test_track_c_00021,0,0,0,0,1,0
arq_test_track_c_00022,0,0,0,0,1,0
arq_test_track_c_00023,0,0,0,1,0,1
arq_test_track_c_00024,0,0,0,0,1,0
arq_test_track_c_00025,1,1,1,0,1,0
arq_test_track_c_00026,0,0,0,0,0,0
arq_test_track_c_00027,0,0,0,0,1,0
arq_test_track_c_00028,0,0,0,0,0,1
arq_test_track_c_00029,0,0,0,0,1,0
arq_test_track_c_00030,1,0,1,0,0,0
arq_test_track_c_00031,0,0,0,0,0,0
arq_test_track_c_00032,0,0,0,0,0,0
arq_test_track_c_00033,0,0,0,0,1,0
arq_test_track_c_00034,0,0,0,0,0,1
arq_test_track_c_00035,0,0,0,0,1,0
arq_test_track_c_00036,1,1,0,0,0,0
arq_test_track_c_00037,0,0,1,0,1,0
arq_test_track_c_00038,1,1,0,0,0,0
arq_test_track_c_00039,0,0,0,1,0,1
arq_test_track_c_00040,0,0,0,0,1,0
arq_test_track_c_00041,0,0,0,0,1,0
arq_test_track_c_00042,1,1,1,0,1,1
arq_test_track_c_00043,0,0,1,0,1,0
arq_test_track_c_00044,0,0,0,0,0,1
arq_test_track_c_00045,0,0,1,0,0,1
arq_test_track_c_00046,0,0,0,1,0,0
arq_test_track_c_00047,0,0,0,0,0,1
arq_test_track_c_00048,0,0,0,0,1,0
arq_test_track_c_00049,0,0,0,0,0,1
arq_test_track_c_00050,0,0,0,0,1,0
arq_test_track_c_00051,1,1,1,0,1,0
arq_test_track_c_00052,0,0,0,0,1,0
arq_test_track_c_00053,0,0,0,0,0,0
arq_test_track_c_00054,0,0,0,0,1,0
arq_test_track_c_00055,0,0,0,0,1,1
arq_test_track_c_00056,0,0,0,1,0,0
arq_test_track_c_00057,1,1,0,0,1,0
arq_test_track_c_00058,1,0,0,0,0,1
arq_test_track_c_00059,0,0,0,0,0,1
arq_test_track_c_00060,0,0,0,0,1,0
arq_test_track_c_00061,0,0,1,0,1,1
arq_test_track_c_00062,0,0,0,0,0,1
arq_test_track_c_00063,1,1,0,0,1,0
arq_test_track_c_00064,0,0,0,0,0,0
arq_test_track_c_00065,0,0,0,0,0,1
arq_test_track_c_00066,0,1,0,0,0,0
arq_test_track_c_00067,1,0,0,0,1,0
arq_test_track_c_00068,0,0,0,0,0,0
arq_test_track_c_00069,0,0,0,0,0,0
arq_test_track_c_00070,0,0,0,0,1,0
arq_test_track_c_00071,1,0,0,0,1,0
arq_test_track_c_00072,0,0,0,0,0,1
arq_test_track_c_00073,0,0,0,0,1,0
arq_test_track_c_00074,0,0,0,0,0,0
arq_test_track_c_00075,0,0,0,0,1,0
arq_test_track_c_00076,0,1,1,0,0,0
arq_test_track_c_00077,0,0,0,0,1,1
arq_test_track_c_00078,1,0,0,0,1,0
arq_test_track_c_00079,0,0,0,0,1,0
arq_test_track_c_00080,0,0,0,0,1,0
arq_test_track_c_00081,0,0,0,0,0,0
arq_test_track_c_00082,0,0,1,0,0,1
arq_test_track_c_00083,1,0,0,0,0,0
arq_test_track_c_00084,0,0,1,0,0,1
arq_test_track_c_00085,0,0,0,0,1,0
arq_test_track_c_00086,1,0,1,0,1,1
arq_test_track_c_00087,0,0,1,0,1,1
arq_test_track_c_00088,0,0,0,0,1,0
arq_test_track_c_00089,0,0,0,1,0,1
arq_test_track_c_00090,1,0,0,0,0,1
arq_test_track_c_00091,0,0,1,0,0,1
arq_test_track_c_00092,0,0,0,0,1,0
arq_test_track_c_00093,0,0,0,0,0,0
arq_test_track_c_00094,0,0,0,0,0,1
arq_test_track_c_00095,0,0,1,0,0,1
arq_test_track_c_00096,0,0,0,0,1,0
arq_test_track_c_00097,0,0,0,1,1,0
arq_test_track_c_00098,0,0,0,0,0,0
arq_test_track_c_00099,0,0,0,0,0,0
arq_test_track_c_00100,1,0,0,0,0,1
arq_test_track_c_00101,1,1,1,0,1,0
arq_test_track_c_00102,0,0,0,0,0,0
arq_test_track_c_00103,0,0,0,0,1,0
arq_test_track_c_00104,0,0,0,0,0,0
arq_test_track_c_00105,0,0,0,0,1,0
arq_test_track_c_00106,0,0,0,0,0,1
arq_test_track_c_00107,0,0,0,0,0,1
arq_test_track_c_00108,1,0,0,0,0,0
arq_test_track_c_00109,0,0,0,0,0,0
arq_test_track_c_00110,1,1,0,0,1,0
arq_test_track_c_00111,0,0,0,0,0,1
arq_test_track_c_00112,0,0,1,0,1,0
arq_test_track_c_00113,1,1,0,0,1,0
arq_test_track_c_00114,0,0,0,0,1,0
arq_test_track_c_00115,1,0,0,0,1,1
arq_test_track_c_00116,1,0,0,0,0,0
arq_test_track_c_00117,0,0,0,0,0,0
arq_test_track_c_00118,0,0,0,1,0,1
arq_test_track_c_00119,1,1,1,0,1,0
arq_test_track_c_00120,0,0,0,0,1,0
arq_test_track_c_00121,0,0,1,0,1,1
arq_test_track_c_00122,0,0,0,0,1,0
arq_test_track_c_00123,0,0,0,0,1,1
arq_test_track_c_00124,0,0,0,0,0,0
arq_test_track_c_00125,1,0,1,0,1,0
arq_test_track_c_00126,0,0,0,1,0,0
arq_test_track_c_00127,0,0,0,0,0,1
arq_test_track_c_00128,0,0,1,0,0,0
arq_test_track_c_00129,1,0,0,0,0,0
arq_test_track_c_00130,0,0,0,0,1,0
arq_test_track_c_00131,1,0,1,0,0,1
arq_test_track_c_00132,1,1,0,0,0,1
arq_test_track_c_00133,0,0,1,0,1,0
arq_test_track_c_00134,0,0,1,0,0,0
arq_test_track_c_00135,0,0,1,0,0,1
arq_test_track_c_00136,0,0,0,0,1,0
arq_test_track_c_00137,0,0,1,0,0,1
arq_test_track_c_00138,0,0,0,0,0,0
arq_test_track_c_00139,0,0,0,0,0,1
arq_test_track_c_00140,1,0,1,0,1,0
arq_test_track_c_00141,0,0,0,0,1,0
arq_test_track_c_00142,0,0,0,0,1,0
arq_test_track_c_00143,0,0,0,0,0,1
arq_test_track_c_00144,0,0,0,0,1,0
arq_test_track_c_00145,0,0,0,0,0,0
arq_test_track_c_00146,0,0,0,0,1,0
arq_test_track_c_00147,0,0,0,0,0,0
arq_test_track_c_00148,1,0,0,0,0,0
arq_test_track_c_00149,0,0,1,0,1,0
arq_test_track_c_00150,0,0,1,0,0,0
arq_test_track_c_00151,0,0,0,1,0,1
arq_test_track_c_00152,0,0,0,1,0,0
arq_test_track_c_00153,0,0,0,0,1,0
arq_test_track_c_00154,1,1,0,0,1,1
arq_test_track_c_00155,1,0,0,0,0,0
arq_test_track_c_00156,0,0,0,0,1,0
arq_test_track_c_00157,0,0,0,0,1,0
arq_test_track_c_00158,0,0,0,0,1,1
arq_test_track_c_00159,0,0,0,0,1,0
arq_test_track_c_00160,0,0,0,0,1,0
arq_test_track_c_00161,0,0,0,0,0,0
arq_test_track_c_00162,0,0,0,0,1,0
arq_test_track_c_00163,0,0,0,0,0,0
arq_test_track_c_00164,0,0,0,1,0,0
arq_test_track_c_00165,1,0,0,0,1,1
arq_test_track_c_00166,1,0,0,0,0,0
arq_test_track_c_00167,0,0,0,0,1,0
arq_test_track_c_00168,0,0,0,0,1,0
arq_test_track_c_00169,0,0,0,0,1,0
arq_test_track_c_00170,1,0,0,0,1,0
arq_test_track_c_00171,0,0,1,0,1,0
arq_test_track_c_00172,0,0,0,0,1,0
arq_test_track_c_00173,0,0,0,0,1,0
arq_test_track_c_00174,0,0,0,0,0,0
arq_test_track_c_00175,0,0,0,0,0,1
arq_test_track_c_00176,0,0,0,1,0,0
arq_test_track_c_00177,0,0,0,0,1,0
arq_test_track_c_00178,0,0,0,0,1,0
arq_test_track_c_00179,0,0,1,0,0,1
arq_test_track_c_00180,1,0,1,0,1,1
arq_test_track_c_00181,1,0,0,0,1,0
arq_test_track_c_00182,1,0,0,0,0,0
arq_test_track_c_00183,0,0,1,0,1,1
arq_test_track_c_00184,0,0,0,1,0,0
arq_test_track_c_00185,0,0,0,0,1,0
arq_test_track_c_00186,1,0,0,0,0,0
arq_test_track_c_00187,1,0,1,0,1,1
arq_test_track_c_00188,1,0,1,0,0,1
arq_test_track_c_00189,0,0,0,0,0,0
arq_test_track_c_00190,0,0,0,0,0,0
arq_test_track_c_00191,0,0,0,0,1,0
arq_test_track_c_00192,0,0,0,1,0,1
arq_test_track_c_00193,1,0,0,0,0,0
arq_test_track_c_00194,0,0,0,0,1,1
arq_test_track_c_00195,0,0,0,0,1,0
arq_test_track_c_00196,1,0,0,0,0,0
arq_test_track_c_00197,0,0,0,1,0,1
arq_test_track_c_00198,0,0,0,0,0,0
arq_test_track_c_00199,0,0,0,0,1,0
arq_test_track_c_00200,0,0,1,0,1,0
arq_test_track_c_00201,1,0,0,0,1,0
arq_test_track_c_00202,0,0,1,0,0,0
arq_test_track_c_00203,1,0,0,0,1,1
arq_test_track_c_00204,0,0,1,0,1,0
arq_test_track_c_00205,0,0,0,1,1,1
arq_test_track_c_00206,0,0,0,0,1,1
arq_test_track_c_00207,0,0,1,0,1,1
arq_test_track_c_00208,0,1,0,0,1,0
arq_test_track_c_00209,0,0,0,0,1,0
arq_test_track_c_00210,0,0,0,0,1,0
arq_test_track_c_00211,1,0,0,0,0,0
arq_test_track_c_00212,0,0,0,0,1,1
arq_test_track_c_00213,0,0,0,0,1,0
arq_test_track_c_00214,0,0,1,0,0,1
arq_test_track_c_00215,0,0,0,0,0,1
arq_test_track_c_00216,0,0,0,0,0,1
arq_test_track_c_00217,1,0,0,0,0,1
arq_test_track_c_00218,0,0,1,0,1,1
arq_test_track_c_00219,0,0,0,0,1,0
arq_test_track_c_00220,0,0,1,0,0,1
arq_test_track_c_00221,0,0,0,0,1,0
arq_test_track_c_00222,0,0,1,0,0,1
arq_test_track_c_00223,0,0,0,0,1,0
arq_test_track_c_00224,0,0,0,0,0,0
arq_test_track_c_00225,1,0,0,0,1,1
arq_test_track_c_00226,0,0,0,0,0,1
arq_test_track_c_00227,0,0,0,0,0,1
arq_test_track_c_00228,0,0,0,0,1,0
arq_test_track_c_00229,0,0,0,0,1,0
arq_test_track_c_00230,0,0,0,0,1,0
arq_test_track_c_00231,0,0,0,0,0,1
arq_test_track_c_00232,1,0,0,0,0,0
arq_test_track_c_00233,1,0,0,0,0,0
arq_test_track_c_00234,0,1,0,0,0,0
arq_test_track_c_00235,0,1,0,0,1,0
arq_test_track_c_00236,0,0,0,0,0,0
arq_test_track_c_00237,0,0,1,0,1,0
arq_test_track_c_00238,1,0,0,0,1,1
arq_test_track_c_00239,0,0,0,0,1,0
arq_test_track_c_00240,0,0,1,0,1,0
arq_test_track_c_00241,0,0,0,1,0,0
arq_test_track_c_00242,1,0,1,0,1,0
arq_test_track_c_00243,0,0,0,0,1,0
arq_test_track_c_00244,0,0,0,0,0,0
arq_test_track_c_00245,0,0,1,0,0,1
arq_test_track_c_00246,0,1,0,0,1,0
arq_test_track_c_00247,0,0,1,0,0,1
arq_test_track_c_00248,0,0,0,0,1,1
arq_test_track_c_00249,1,1,1,0,1,1
arq_test_track_c_00250,0,0,0,0,0,0
arq_test_track_c_00251,0,0,0,0,1,1
arq_test_track_c_00252,0,0,0,0,1,1
arq_test_track_c_00253,0,0,0,1,0,0
arq_test_track_c_00254,0,0,0,0,1,0
arq_test_track_c_00255,1,1,0,0,0,1
arq_test_track_c_00256,0,0,0,0,1,0
arq_test_track_c_00257,1,0,1,0,0,1
arq_test_track_c_00258,0,0,0,0,1,0
arq_test_track_c_00259,0,0,0,0,0,1
arq_test_track_c_00260,0,0,0,0,0,0
arq_test_track_c_00261,0,0,0,0,0,1
arq_test_track_c_00262,1,1,0,0,0,1
arq_test_track_c_00263,0,0,0,0,0,0
arq_test_track_c_00264,1,0,1,0,1,1
arq_test_track_c_00265,0,0,0,0,1,0
arq_test_track_c_00266,0,0,0,0,0,0
arq_test_track_c_00267,1,0,1,0,0,0
arq_test_track_c_00268,0,0,0,0,0,1
arq_test_track_c_00269,0,0,0,0,0,1
arq_test_track_c_00270,0,1,0,0,1,0
arq_test_track_c_00271,0,0,0,0,0,1
arq_test_track_c_00272,0,0,0,0,0,0
arq_test_track_c_00273,1,0,0,0,0,0
arq_test_track_c_00274,0,0,0,0,0,0
arq_test_track_c_00275,1,1,0,0,0,0
arq_test_track_c_00276,1,0,1,0,1,0
arq_test_track_c_00277,1,1,0,0,0,0
arq_test_track_c_00278,0,0,0,0,1,0
arq_test_track_c_00279,1,0,0,0,1,1
arq_test_track_c_00280,0,0,0,0,1,1
arq_test_track_c_00281,1,0,0,0,1,0
arq_test_track_c_00282,0,0,0,0,0,0
arq_test_track_c_00283,0,0,0,0,1,0
arq_test_track_c_00284,1,1,1,0,1,0
arq_test_track_c_00285,0,0,0,0,1,0
arq_test_track_c_00286,1,0,0,0,0,1
arq_test_track_c_00287,0,0,1,0,0,1
arq_test_track_c_00288,1,1,0,0,1,0
arq_test_track_c_00289,0,0,0,0,1,0
arq_test_track_c_00290,0,0,0,0,0,0
arq_test_track_c_00291,1,1,0,0,0,1
arq_test_track_c_00292,1,0,0,0,1,0
arq_test_track_c_00293,0,1,0,0,1,0
arq_test_track_c_00294,1,0,0,0,1,1
arq_test_track_c_00295,0,0,0,0,1,1
arq_test_track_c_00296,1,1,0,0,1,0
arq_test_track_c_00297,0,0,0,0,0,0
arq_test_track_c_00298,0,0,0,0,0,1
arq_test_track_c_00299,0,0,0,0,1,1
arq_test_track_c_00300,0,0,0,0,1,0
arq_test_track_c_00301,0,0,0,0,0,0
arq_test_track_c_00302,0,1,0,0,1,0
arq_test_track_c_00303,0,0,0,0,0,1
arq_test_track_c_00304,0,0,1,0,0,1
arq_test_track_c_00305,0,0,0,0,0,0
arq_test_track_c_00306,0,0,1,0,0,0
arq_test_track_c_00307,0,0,0,0,0,1
arq_test_track_c_00308,0,1,0,0,1,0
arq_test_track_c_00309,1,1,1,0,0,0
arq_test_track_c_00310,0,0,0,0,0,0
arq_test_track_c_00311,0,0,1,0,0,1
arq_test_track_c_00312,0,0,0,0,1,0
arq_test_track_c_00313,0,0,0,0,1,0
arq_test_track_c_00314,0,0,0,0,1,0
arq_test_track_c_00315,0,0,0,0,1,0
arq_test_track_c_00316,1,0,0,0,1,1
arq_test_track_c_00317,0,0,0,0,1,0
arq_test_track_c_00318,0,0,1,0,0,0
arq_test_track_c_00319,0,0,0,0,1,0
arq_test_track_c_00320,1,0,1,0,1,1
arq_test_track_c_00321,0,1,0,0,1,0
arq_test_track_c_00322,1,0,0,0,1,0
arq_test_track_c_00323,1,0,1,0,1,0
arq_test_track_c_00324,0,0,0,0,0,1
arq_test_track_c_00325,0,0,0,0,1,0
arq_test_track_c_00326,1,0,0,0,0,0
arq_test_track_c_00327,0,0,0,0,0,0
arq_test_track_c_00328,0,0,1,0,1,0
arq_test_track_c_00329,0,0,0,0,0,1
arq_test_track_c_00330,0,0,0,0,1,0
arq_test_track_c_00331,0,0,0,0,1,0
arq_test_track_c_00332,0,0,1,0,0,1
arq_test_track_c_00333,1,1,0,0,1,0
arq_test_track_c_00334,1,0,0,0,1,0
arq_test_track_c_00335,1,0,0,0,0,1
arq_test_track_c_00336,0,0,0,0,1,0
arq_test_track_c_00337,0,0,0,0,0,0
arq_test_track_c_00338,0,0,0,0,1,0
arq_test_track_c_00339,0,0,1,0,1,1
arq_test_track_c_00340,0,0,0,0,1,0
arq_test_track_c_00341,0,0,0,0,1,1
arq_test_track_c_00342,1,1,1,0,0,1
arq_test_track_c_00343,0,0,0,0,0,0
arq_test_track_c_00344,0,0,0,0,0,0
arq_test_track_c_00345,0,0,1,0,0,0
arq_test_track_c_00346,0,0,0,0,1,0
arq_test_track_c_00347,0,0,0,0,0,0
arq_test_track_c_00348,0,0,0,0,0,1
arq_test_track_c_00349,0,1,0,0,1,0
arq_test_track_c_00350,0,0,0,0,1,1
arq_test_track_c_00351,0,0,0,0,0,1
arq_test_track_c_00352,1,1,0,0,1,1
arq_test_track_c_00353,0,1,0,0,1,0
arq_test_track_c_00354,0,0,0,0,1,0
arq_test_track_c_00355,0,0,0,1,0,0
arq_test_track_c_00356,1,1,0,0,0,1
arq_test_track_c_00357,0,0,0,0,1,0
arq_test_track_c_00358,0,0,1,0,0,0
arq_test_track_c_00359,0,1,0,0,1,1
arq_test_track_c_00360,0,0,0,0,0,1
arq_test_track_c_00361,1,0,1,0,0,0
arq_test_track_c_00362,0,0,0,0,0,0
arq_test_track_c_00363,0,0,1,0,1,0
arq_test_track_c_00364,0,0,0,0,0,0
arq_test_track_c_00365,0,0,0,0,0,0
arq_test_track_c_00366,0,0,1,0,1,0
arq_test_track_c_00367,1,1,0,0,1,1
arq_test_track_c_00368,0,0,0,0,1,0
arq_test_track_c_00369,0,0,0,0,1,0
arq_test_track_c_00370,0,0,0,1,0,1
arq_test_track_c_00371,0,0,0,0,1,0
arq_test_track_c_00372,0,0,0,0,1,0
arq_test_track_c_00373,0,0,0,0,0,0
arq_test_track_c_00374,0,0,1,0,0,1
arq_test_track_c_00375,0,0,0,1,0,0
arq_test_track_c_00376,0,0,0,0,0,0
arq_test_track_c_00377,0,0,0,0,1,0
arq_test_track_c_00378,0,0,1,0,1,0
arq_test_track_c_00379,0,1,0,0,1,0
arq_test_track_c_00380,1,1,0,0,0,0
arq_test_track_c_00381,0,0,1,0,1,0
arq_test_track_c_00382,0,0,0,0,1,0
arq_test_track_c_00383,0,0,0,0,0,0
arq_test_track_c_00384,0,0,0,1,0,0
arq_test_track_c_00385,1,0,0,0,1,1
arq_test_track_c_00386,0,0,0,0,0,0
arq_test_track_c_00387,0,0,0,0,1,0
arq_test_track_c_00388,0,0,0,0,1,0
arq_test_track_c_00389,0,1,0,0,1,0
arq_test_track_c_00390,0,0,0,0,0,0
arq_test_track_c_00391,0,1,0,0,1,0
arq_test_track_c_00392,0,0,1,0,1,0
arq_test_track_c_00393,0,0,0,0,0,1
arq_test_track_c_00394,0,0,0,0,1,0
arq_test_track_c_00395,0,0,0,0,1,0
arq_test_track_c_00396,0,0,0,0,0,0
arq_test_track_c_00397,0,0,0,0,1,0
arq_test_track_c_00398,1,0,0,0,0,0
arq_test_track_c_00399,1,1,0,0,1,0
arq_test_track_c_00400,1,1,0,0,0,1
arq_test_track_c_00401,1,0,0,0,0,0
arq_test_track_c_00402,1,1,1,0,0,1
arq_test_track_c_00403,0,1,0,0,0,0
arq_test_track_c_00404,0,0,0,0,0,0
arq_test_track_c_00405,0,0,0,0,0,0
arq_test_track_c_00406,0,0,0,0,1,0
arq_test_track_c_00407,1,1,0,0,1,0
arq_test_track_c_00408,0,0,0,0,0,0
arq_test_track_c_00409,0,0,0,1,0,1
arq_test_track_c_00410,0,0,0,0,0,0
arq_test_track_c_00411,0,0,1,0,1,1
arq_test_track_c_00412,1,0,1,0,1,1
arq_test_track_c_00413,0,0,0,0,1,0
arq_test_track_c_00414,1,1,0,0,0,0
arq_test_track_c_00415,1,0,0,0,1,0
arq_test_track_c_00416,0,0,0,0,0,0
arq_test_track_c_00417,0,1,0,0,1,0
arq_test_track_c_00418,0,0,0,0,1,0
arq_test_track_c_00419,0,0,1,0,0,0
arq_test_track_c_00420,0,0,0,0,0,0
arq_test_track_c_00421,0,0,0,1,0,0
arq_test_track_c_00422,0,0,0,1,0,1
arq_test_track_c_00423,0,0,1,0,0,0
arq_test_track_c_00424,1,1,0,0,1,1
arq_test_track_c_00425,0,0,0,0,0,0
arq_test_track_c_00426,1,0,0,0,1,0
arq_test_track_c_00427,1,0,0,0,1,1
arq_test_track_c_00428,0,0,0,0,0,1
arq_test_track_c_00429,0,0,0,0,0,0
arq_test_track_c_00430,0,0,0,0,0,0
arq_test_track_c_00431,0,0,0,0,1,0
arq_test_track_c_00432,0,0,1,0,0,1
arq_test_track_c_00433,0,0,0,1,0,1
arq_test_track_c_00434,0,0,0,0,0,0
arq_test_track_c_00435,1,0,0,0,0,1
arq_test_track_c_00436,0,0,0,0,1,1
arq_test_track_c_00437,0,0,0,0,0,0
arq_test_track_c_00438,0,0,0,0,1,0
arq_test_track_c_00439,0,0,1,0,0,1
arq_test_track_c_00440,0,0,0,0,0,1
arq_test_track_c_00441,0,0,0,0,1,0
arq_test_track_c_00442,0,0,0,0,1,0
arq_test_track_c_00443,0,0,0,0,1,0
arq_test_track_c_00444,1,0,0,0,1,0
arq_test_track_c_00445,1,0,0,0,0,1
arq_test_track_c_00446,0,0,0,0,1,1
arq_test_track_c_00447,0,0,0,1,0,0
arq_test_track_c_00448,0,0,0,0,0,0
arq_test_track_c_00449,0,0,0,0,1,0
arq_test_track_c_00450,0,0,0,0,1,0
arq_test_track_c_00451,0,1,0,0,1,0
arq_test_track_c_00452,0,0,0,0,0,1
arq_test_track_c_00453,1,0,1,0,0,1
arq_test_track_c_00454,0,0,0,0,0,0
arq_test_track_c_00455,0,0,1,0,1,1
arq_test_track_c_00456,0,0,0,0,0,1
arq_test_track_c_00457,0,0,0,0,0,0
arq_test_track_c_00458,1,0,0,0,1,1
arq_test_track_c_00459,0,0,0,0,1,0
arq_test_track_c_00460,0,0,0,0,0,0
arq_test_track_c_00461,0,0,0,0,1,0
arq_test_track_c_00462,0,0,0,0,0,0
arq_test_track_c_00463,0,0,0,0,0,0
arq_test_track_c_00464,0,0,0,0,1,0
arq_test_track_c_00465,0,0,0,0,1,0
arq_test_track_c_00466,0,0,1,0,0,1
arq_test_track_c_00467,0,1,0,0,1,0
arq_test_track_c_00468,0,0,1,0,0,0
arq_test_track_c_00469,0,0,0,0,1,0
arq_test_track_c_00470,1,1,0,0,0,0
arq_test_track_c_00471,0,0,0,0,0,0
arq_test_track_c_00472,1,1,0,0,0,1
arq_test_track_c_00473,0,0,0,0,1,0
arq_test_track_c_00474,0,0,1,0,1,0
arq_test_track_c_00475,0,0,0,0,0,1
arq_test_track_c_00476,0,0,0,0,0,0
arq_test_track_c_00477,0,0,0,0,1,0
arq_test_track_c_00478,0,0,0,0,0,1
arq_test_track_c_00479,0,0,0,0,1,0
arq_test_track_c_00480,0,0,0,0,1,0
arq_test_track_c_00481,1,1,0,0,0,0
arq_test_track_c_00482,0,0,0,0,1,0
arq_test_track_c_00483,0,0,0,0,0,0
arq_test_track_c_00484,1,1,0,0,0,0
arq_test_track_c_00485,0,0,0,0,0,0
arq_test_track_c_00486,1,0,1,0,1,0
arq_test_track_c_00487,0,0,0,0,0,1
arq_test_track_c_00488,0,0,0,0,0,1
arq_test_track_c_00489,0,0,0,0,0,0
arq_test_track_c_00490,1,1,0,0,1,1
arq_test_track_c_00491,0,0,0,0,1,0
arq_test_track_c_00492,0,0,0,0,0,0
arq_test_track_c_00493,0,0,0,0,0,0
arq_test_track_c_00494,0,0,0,0,1,0
arq_test_track_c_00495,0,1,0,0,1,0
arq_test_track_c_00496,1,0,0,0,0,0
arq_test_track_c_00497,1,0,0,0,0,1
arq_test_track_c_00498,0,0,0,0,0,1
arq_test_track_c_00499,0,0,0,0,0,0
arq_test_track_c_00500,0,0,0,0,1,0
arq_test_track_c_00501,0,0,0,0,0,0
arq_test_track_c_00502,0,0,0,1,1,0
arq_test_track_c_00503,0,0,0,0,1,0
arq_test_track_c_00504,0,0,0,0,0,0
arq_test_track_c_00505,0,0,0,0,1,0
arq_test_track_c_00506,0,0,0,0,1,0
arq_test_track_c_00507,0,0,0,0,0,1
arq_test_track_c_00508,1,0,1,0,1,1
arq_test_track_c_00509,0,0,0,0,0,1
arq_test_track_c_00510,0,0,0,0,0,1
arq_test_track_c_00511,1,0,1,0,1,0
arq_test_track_c_00512,0,0,0,1,0,1
arq_test_track_c_00513,1,0,0,0,0,0
arq_test_track_c_00514,0,0,0,0,1,0
arq_test_track_c_00515,1,0,0,0,1,1
arq_test_track_c_00516,0,0,0,0,0,1
arq_test_track_c_00517,1,0,0,0,0,0
arq_test_track_c_00518,0,1,0,0,1,0
arq_test_track_c_00519,1,1,0,0,1,0
arq_test_track_c_00520,0,0,0,0,0,0
arq_test_track_c_00521,0,0,0,0,0,0
arq_test_track_c_00522,0,0,0,0,0,1
arq_test_track_c_00523,1,0,0,0,1,0
arq_test_track_c_00524,0,0,0,0,0,0
arq_test_track_c_00525,0,0,0,0,1,0
arq_test_track_c_00526,0,0,0,0,1,0
arq_test_track_c_00527,0,0,0,0,1,0
arq_test_track_c_00528,0,0,0,0,1,1
arq_test_track_c_00529,0,0,0,0,1,0
arq_test_track_c_00530,0,0,0,0,0,1
arq_test_track_c_00531,0,0,0,0,1,1
arq_test_track_c_00532,0,0,0,0,0,1
arq_test_track_c_00533,0,0,0,0,0,1
arq_test_track_c_00534,0,0,0,0,1,1
arq_test_track_c_00535,1,0,0,0,1,1
arq_test_track_c_00536,0,0,0,0,1,0
arq_test_track_c_00537,0,0,0,0,1,0
arq_test_track_c_00538,0,0,0,0,0,1
arq_test_track_c_00539,0,0,0,0,0,0
arq_test_track_c_00540,1,1,0,0,1,0
arq_test_track_c_00541,0,1,0,0,1,0
arq_test_track_c_00542,1,0,1,0,0,1
arq_test_track_c_00543,0,0,1,0,0,1
arq_test_track_c_00544,0,0,0,0,1,0
arq_test_track_c_00545,0,0,0,0,0,1
arq_test_track_c_00546,0,0,0,0,0,0
arq_test_track_c_00547,0,0,0,0,0,1
arq_test_track_c_00548,1,1,0,0,1,1
arq_test_track_c_00549,0,0,1,0,0,1
arq_test_track_c_00550,0,0,0,0,1,0
arq_test_track_c_00551,0,0,0,0,1,0
arq_test_track_c_00552,0,0,0,0,0,0
arq_test_track_c_00553,0,0,0,0,0,1
arq_test_track_c_00554,0,0,0,1,1,1
arq_test_track_c_00555,0,0,0,0,0,0
arq_test_track_c_00556,0,0,0,0,0,0
arq_test_track_c_00557,0,0,0,0,0,0
arq_test_track_c_00558,0,0,0,1,0,1
arq_test_track_c_00559,0,0,0,0,0,1
arq_test_track_c_00560,0,0,0,0,1,0
arq_test_track_c_00561,1,1,0,0,0,0
arq_test_track_c_00562,1,0,0,0,1,0
arq_test_track_c_00563,0,0,1,0,0,1
arq_test_track_c_00564,0,0,0,0,0,0
arq_test_track_c_00565,0,0,0,0,1,0
arq_test_track_c_00566,1,0,1,0,0,1
arq_test_track_c_00567,0,0,0,1,0,0
arq_test_track_c_00568,0,0,0,0,1,0
arq_test_track_c_00569,1,0,0,0,0,0
arq_test_track_c_00570,0,0,0,0,1,0
arq_test_track_c_00571,0,0,1,0,0,1
arq_test_track_c_00572,0,0,0,1,0,0
arq_test_track_c_00573,1,0,0,0,0,0
arq_test_track_c_00574,1,0,0,0,1,0
arq_test_track_c_00575,1,1,0,0,1,0
arq_test_track_c_00576,0,0,0,0,0,0
arq_test_track_c_00577,1,1,0,0,1,1
arq_test_track_c_00578,1,0,0,0,0,0
arq_test_track_c_00579,1,1,0,0,0,1
arq_test_track_c_00580,1,1,0,0,1,0
arq_test_track_c_00581,1,0,0,0,1,0
arq_test_track_c_00582,0,0,1,0,1,0
arq_test_track_c_00583,0,0,0,0,0,0
arq_test_track_c_00584,0,0,0,0,0,0
arq_test_track_c_00585,0,0,0,0,0,0
arq_test_track_c_00586,0,0,0,0,0,0
arq_test_track_c_00587,0,0,0,0,1,0
arq_test_track_c_00588,1,0,1,0,1,1
arq_test_track_c_00589,0,0,0,0,1,0
arq_test_track_c_00590,0,0,1,0,0,1
arq_test_track_c_00591,0,0,0,0,1,0
arq_test_track_c_00592,0,0,0,0,1,0
arq_test_track_c_00593,0,0,0,0,1,0
arq_test_track_c_00594,0,0,0,1,0,1
arq_test_track_c_00595,0,0,0,0,0,0
arq_test_track_c_00596,0,0,0,0,0,0
arq_test_track_c_00597,0,0,0,0,1,0
arq_test_track_c_00598,1,1,1,0,1,0
arq_test_track_c_00599,0,0,0,0,0,0
arq_test_track_c_00600,1,0,0,0,0,1
arq_test_track_c_00601,0,0,0,0,0,0
arq_test_track_c_00602,1,0,0,0,1,0
arq_test_track_c_00603,0,0,0,0,1,0
arq_test_track_c_00604,0,0,1,0,1,0
arq_test_track_c_00605,0,0,1,0,0,1
arq_test_track_c_00606,0,0,0,0,1,0
arq_test_track_c_00607,1,1,0,0,1,1
arq_test_track_c_00608,0,1,0,0,0,1
arq_test_track_c_00609,0,0,0,0,1,0
arq_test_track_c_00610,0,0,0,0,1,0
arq_test_track_c_00611,0,0,0,0,0,0
arq_test_track_c_00612,0,0,0,1,1,0
arq_test_track_c_00613,0,0,0,0,1,0
arq_test_track_c_00614,0,0,1,1,0,1
arq_test_track_c_00615,0,0,0,0,0,1
arq_test_track_c_00616,0,0,0,0,0,1
arq_test_track_c_00617,0,0,1,0,0,1
arq_test_track_c_00618,0,0,0,0,1,0
arq_test_track_c_00619,0,0,0,0,0,0
arq_test_track_c_00620,0,0,1,0,1,1
arq_test_track_c_00621,0,0,1,0,1,0
arq_test_track_c_00622,0,0,0,0,0,0
arq_test_track_c_00623,0,0,0,0,1,0
arq_test_track_c_00624,0,0,0,0,0,0
arq_test_track_c_00625,0,0,0,1,1,1
arq_test_track_c_00626,0,0,0,0,0,0
arq_test_track_c_00627,1,0,0,0,1,1
arq_test_track_c_00628,0,1,0,0,1,0
arq_test_track_c_00629,0,0,1,0,1,1
arq_test_track_c_00630,1,0,0,0,0,1
arq_test_track_c_00631,0,0,1,0,0,1
arq_test_track_c_00632,1,0,0,0,1,1
arq_test_track_c_00633,0,0,0,1,1,1
arq_test_track_c_00634,0,0,0,0,1,0
arq_test_track_c_00635,1,1,0,0,1,0
arq_test_track_c_00636,1,0,0,0,1,1
arq_test_track_c_00637,0,0,0,0,0,0
arq_test_track_c_00638,1,1,1,0,0,1
arq_test_track_c_00639,0,0,0,0,1,0
arq_test_track_c_00640,0,0,0,1,0,0
arq_test_track_c_00641,0,0,0,0,0,0
arq_test_track_c_00642,1,0,0,0,1,0
arq_test_track_c_00643,0,0,0,0,0,1
arq_test_track_c_00644,0,0,0,0,0,0
arq_test_track_c_00645,0,0,0,1,0,1
arq_test_track_c_00646,1,0,0,0,0,0
arq_test_track_c_00647,1,0,0,0,0,1
arq_test_track_c_00648,1,0,0,0,0,1
arq_test_track_c_00649,0,0,0,0,0,0
arq_test_track_c_00650,0,0,1,0,1,0
arq_test_track_c_00651,0,0,0,0,1,0
arq_test_track_c_00652,0,0,0,0,0,0
arq_test_track_c_00653,0,0,0,1,0,1
arq_test_track_c_00654,0,0,0,0,1,0
arq_test_track_c_00655,0,1,1,0,1,0
arq_test_track_c_00656,0,0,1,0,0,0
arq_test_track_c_00657,0,0,0,0,1,0
arq_test_track_c_00658,1,0,0,0,0,1
arq_test_track_c_00659,0,0,1,0,1,1
arq_test_track_c_00660,1,1,0,0,1,0
arq_test_track_c_00661,0,0,0,0,0,0
arq_test_track_c_00662,0,0,0,0,0,0
arq_test_track_c_00663,0,0,0,0,0,1
arq_test_track_c_00664,0,0,0,0,1,0
arq_test_track_c_00665,1,0,0,0,0,0
arq_test_track_c_00666,0,0,1,0,1,1
arq_test_track_c_00667,0,0,0,0,0,0
arq_test_track_c_00668,0,0,0,1,0,1
arq_test_track_c_00669,1,0,1,0,0,0
arq_test_track_c_00670,0,0,0,0,1,0
arq_test_track_c_00671,0,0,0,0,0,0
arq_test_track_c_00672,1,1,0,0,1,0
arq_test_track_c_00673,0,0,0,0,1,0
arq_test_track_c_00674,0,0,0,0,1,0
arq_test_track_c_00675,1,1,0,0,1,0
arq_test_track_c_00676,0,0,0,0,0,0
arq_test_track_c_00677,1,0,0,0,1,1
arq_test_track_c_00678,0,0,1,0,0,1
arq_test_track_c_00679,0,0,0,1,0,0
arq_test_track_c_00680,0,0,0,0,1,0
arq_test_track_c_00681,0,0,0,0,0,0
arq_test_track_c_00682,1,1,0,0,0,0
arq_test_track_c_00683,0,0,0,1,1,0
arq_test_track_c_00684,1,0,0,0,0,0
arq_test_track_c_00685,0,0,0,0,0,0
arq_test_track_c_00686,0,0,0,0,0,0
arq_test_track_c_00687,0,0,0,0,0,0
arq_test_track_c_00688,1,0,0,0,0,0
arq_test_track_c_00689,0,0,0,0,0,1
arq_test_track_c_00690,1,1,0,0,1,0
arq_test_track_c_00691,0,0,0,0,0,1
arq_test_track_c_00692,0,0,0,0,0,0
arq_test_track_c_00693,0,0,0,1,0,0
arq_test_track_c_00694,0,0,0,0,1,1
arq_test_track_c_00695,1,0,1,0,0,0
arq_test_track_c_00696,0,0,0,0,1,0
arq_test_track_c_00697,0,0,0,0,1,0
arq_test_track_c_00698,0,0,0,0,0,0
arq_test_track_c_00699,1,0,1,0,0,1
arq_test_track_c_00700,0,1,0,0,1,0
arq_test_track_c_00701,0,0,0,0,0,1
arq_test_track_c_00702,0,0,0,0,1,1
arq_test_track_c_00703,0,0,0,0,0,0
arq_test_track_c_00704,0,0,0,0,1,0
arq_test_track_c_00705,0,0,0,1,0,0
arq_test_track_c_00706,1,0,1,0,1,1
arq_test_track_c_00707,1,1,0,0,0,0
arq_test_track_c_00708,1,0,0,0,0,1
arq_test_track_c_00709,0,0,0,0,0,0
arq_test_track_c_00710,0,0,1,0,1,0
arq_test_track_c_00711,0,0,0,0,0,0
arq_test_track_c_00712,0,0,1,0,0,1
arq_test_track_c_00713,0,0,0,0,1,0
arq_test_track_c_00714,0,0,0,1,0,0
arq_test_track_c_00715,0,1,0,0,1,0
arq_test_track_c_00716,0,1,0,0,1,0
arq_test_track_c_00717,0,0,1,0,0,0
arq_test_track_c_00718,1,0,0,0,0,1
arq_test_track_c_00719,0,0,0,0,1,0
arq_test_track_c_00720,1,0,0,0,0,0
arq_test_track_c_00721,0,0,0,0,0,1
arq_test_track_c_00722,0,0,1,0,0,1
arq_test_track_c_00723,0,0,0,1,0,0
arq_test_track_c_00724,0,0,0,0,1,1
arq_test_track_c_00725,0,0,1,0,1,1
arq_test_track_c_00726,1,0,1,0,1,0
arq_test_track_c_00727,0,0,0,0,1,0
arq_test_track_c_00728,0,0,0,0,1,0
arq_test_track_c_00729,1,0,0,0,0,0
arq_test_track_c_00730,0,0,0,0,0,0
arq_test_track_c_00731,0,0,0,0,1,0
arq_test_track_c_00732,1,1,0,0,1,0
arq_test_track_c_00733,0,0,0,0,1,0
arq_test_track_c_00734,0,0,0,0,0,0
arq_test_track_c_00735,1,0,0,0,1,1
arq_test_track_c_00736,1,0,0,0,0,0
arq_test_track_c_00737,1,0,0,0,0,1
arq_test_track_c_00738,0,1,0,0,1,0
arq_test_track_c_00739,0,0,0,0,0,1
arq_test_track_c_00740,0,0,0,0,0,0
arq_test_track_c_00741,0,0,0,0,0,0
arq_test_track_c_00742,1,0,0,0,0,0
arq_test_track_c_00743,0,0,1,0,1,0
arq_test_track_c_00744,1,1,1,0,1,0
arq_test_track_c_00745,0,0,0,0,1,0
arq_test_track_c_00746,1,0,0,1,1,0
arq_test_track_c_00747,0,0,0,0,1,0
arq_test_track_c_00748,1,1,0,0,1,0
arq_test_track_c_00749,0,0,0,0,1,0
arq_test_track_c_00750,0,0,0,0,1,0
arq_test_track_c_00751,1,0,0,0,0,1
arq_test_track_c_00752,0,0,0,0,1,1
arq_test_track_c_00753,0,0,0,1,1,0
arq_test_track_c_00754,1,1,0,0,0,0
arq_test_track_c_00755,0,0,0,0,1,0
arq_test_track_c_00756,1,0,1,0,0,0
arq_test_track_c_00757,1,1,0,0,1,1
arq_test_track_c_00758,0,0,0,0,0,0
arq_test_track_c_00759,0,0,0,0,1,0
arq_test_track_c_00760,0,0,0,0,0,0
arq_test_track_c_00761,0,1,0,0,1,0
arq_test_track_c_00762,0,0,1,0,0,1
arq_test_track_c_00763,0,0,0,0,1,0
arq_test_track_c_00764,0,0,1,0,1,0
arq_test_track_c_00765,0,0,0,0,1,0
arq_test_track_c_00766,0,1,0,0,0,0
arq_test_track_c_00767,1,1,1,0,1,1
arq_test_track_c_00768,0,1,0,0,1,0
arq_test_track_c_00769,1,1,0,0,0,1
arq_test_track_c_00770,1,0,0,0,1,0
arq_test_track_c_00771,1,0,0,0,0,0
arq_test_track_c_00772,0,0,0,0,0,0
arq_test_track_c_00773,0,0,0,0,0,0
arq_test_track_c_00774,0,0,0,0,1,0
arq_test_track_c_00775,0,0,0,0,0,0
arq_test_track_c_00776,0,0,0,1,1,0
arq_test_track_c_00777,0,0,0,0,1,1
arq_test_track_c_00778,1,0,0,0,0,0
arq_test_track_c_00779,0,0,0,0,1,0
arq_test_track_c_00780,1,1,1,0,0,1
arq_test_track_c_00781,0,0,1,0,1,1
arq_test_track_c_00782,0,0,0,0,1,0
arq_test_track_c_00783,0,0,0,0,1,0
arq_test_track_c_00784,0,0,0,0,0,0
arq_test_track_c_00785,0,0,0,0,1,0
arq_test_track_c_00786,0,0,0,0,0,0
arq_test_track_c_00787,0,0,1,0,1,0
arq_test_track_c_00788,0,0,0,0,0,0
arq_test_track_c_00789,0,0,0,0,1,0
arq_test_track_c_00790,0,0,0,0,0,0
arq_test_track_c_00791,0,0,0,0,1,0
arq_test_track_c_00792,1,1,0,0,1,0
arq_test_track_c_00793,1,0,0,0,0,0
arq_test_track_c_00794,0,0,0,0,0,0
arq_test_track_c_00795,0,0,0,0,1,0
arq_test_track_c_00796,0,0,1,0,0,1
arq_test_track_c_00797,0,0,0,0,0,0
arq_test_track_c_00798,0,0,1,0,1,0
arq_test_track_c_00799,0,0,1,0,1,0
arq_test_track_c_00800,0,0,1,0,1,0
arq_test_track_c_00801,0,0,0,0,0,0
arq_test_track_c_00802,1,0,0,0,1,0
arq_test_track_c_00803,0,0,0,0,1,0
arq_test_track_c_00804,1,0,0,0,0,1
arq_test_track_c_00805,0,0,0,0,0,0
arq_test_track_c_00806,0,0,0,0,0,0
arq_test_track_c_00807,0,0,1,0,1,0
arq_test_track_c_00808,0,0,0,0,1,0
arq_test_track_c_00809,0,0,1,0,0,1
arq_test_track_c_00810,0,0,0,0,0,0
arq_test_track_c_00811,0,0,0,0,1,0
arq_test_track_c_00812,0,0,0,0,1,0
arq_test_track_c_00813,1,0,0,0,0,1
arq_test_track_c_00814,0,0,1,0,0,0
arq_test_track_c_00815,0,0,0,0,0,1
arq_test_track_c_00816,0,0,0,0,0,0
arq_test_track_c_00817,0,0,0,0,1,0
arq_test_track_c_00818,1,0,0,0,0,0
arq_test_track_c_00819,1,1,0,0,1,1
arq_test_track_c_00820,0,0,0,0,0,0
arq_test_track_c_00821,0,0,0,0,1,0
arq_test_track_c_00822,0,0,1,0,0,1
arq_test_track_c_00823,0,0,0,0,0,0
arq_test_track_c_00824,0,0,0,0,1,0
arq_test_track_c_00825,0,0,0,0,0,0
arq_test_track_c_00826,0,0,0,0,1,0
arq_test_track_c_00827,0,0,0,0,0,1
arq_test_track_c_00828,1,0,1,0,0,1
arq_test_track_c_00829,0,0,0,0,1,0
arq_test_track_c_00830,0,0,0,1,1,0
arq_test_track_c_00831,1,1,0,0,1,0
arq_test_track_c_00832,0,0,0,0,1,0
arq_test_track_c_00833,0,0,0,0,1,1
arq_test_track_c_00834,0,0,1,0,0,1
arq_test_track_c_00835,1,0,0,0,0,0
arq_test_track_c_00836,0,0,1,0,0,0
arq_test_track_c_00837,0,0,0,0,0,1
arq_test_track_c_00838,0,0,1,1,0,1
arq_test_track_c_00839,0,0,0,0,1,0
arq_test_track_c_00840,0,0,0,0,1,0
arq_test_track_c_00841,0,0,1,0,0,0
arq_test_track_c_00842,0,0,1,0,0,1
arq_test_track_c_00843,0,0,0,0,0,0
arq_test_track_c_00844,0,0,0,0,0,0
arq_test_track_c_00845,0,0,0,0,1,0
arq_test_track_c_00846,0,0,0,1,0,0
arq_test_track_c_00847,0,0,1,0,0,0
arq_test_track_c_00848,0,0,0,0,0,0
arq_test_track_c_00849,0,1,0,0,1,0
arq_test_track_c_00850,1,1,0,0,1,0
arq_test_track_c_00851,0,0,0,0,0,1
arq_test_track_c_00852,1,0,0,0,0,0
arq_test_track_c_00853,0,0,1,1,1,0
arq_test_track_c_00854,0,1,0,0,1,0
arq_test_track_c_00855,0,0,0,0,1,0
arq_test_track_c_00856,0,0,0,0,0,0
arq_test_track_c_00857,0,0,0,0,1,0
arq_test_track_c_00858,1,0,0,0,0,0
arq_test_track_c_00859,0,0,0,1,0,0
arq_test_track_c_00860,1,1,0,0,0,1
arq_test_track_c_00861,0,1,0,0,1,0
arq_test_track_c_00862,0,0,0,1,0,0
arq_test_track_c_00863,0,0,1,0,1,0
arq_test_track_c_00864,0,0,0,1,0,0
arq_test_track_c_00865,0,0,0,0,0,0
arq_test_track_c_00866,0,0,0,0,0,0
arq_test_track_c_00867,1,1,0,0,0,1
arq_test_track_c_00868,0,0,1,0,0,0
arq_test_track_c_00869,0,0,1,0,1,1
arq_test_track_c_00870,0,0,0,0,1,1
arq_test_track_c_00871,0,0,0,0,1,0
arq_test_track_c_00872,1,0,0,0,0,0
arq_test_track_c_00873,0,0,0,0,0,0
arq_test_track_c_00874,0,0,0,0,0,0
arq_test_track_c_00875,0,0,0,0,0,0
arq_test_track_c_00876,0,0,1,0,0,0
arq_test_track_c_00877,0,0,1,0,1,0
arq_test_track_c_00878,0,0,0,0,0,0
arq_test_track_c_00879,0,0,0,0,0,0
arq_test_track_c_00880,1,1,1,0,1,0
arq_test_track_c_00881,0,0,0,0,1,0
arq_test_track_c_00882,0,0,0,0,1,0
arq_test_track_c_00883,1,0,0,0,1,0
arq_test_track_c_00884,1,0,0,0,0,0
arq_test_track_c_00885,0,0,0,0,0,0
arq_test_track_c_00886,1,0,0,0,0,1
arq_test_track_c_00887,0,0,1,0,1,0
arq_test_track_c_00888,0,0,0,0,1,1
arq_test_track_c_00889,0,0,0,0,0,1
arq_test_track_c_00890,0,0,0,0,0,0
arq_test_track_c_00891,1,0,1,0,0,1
arq_test_track_c_00892,0,0,1,0,1,0
arq_test_track_c_00893,1,1,0,0,0,0
arq_test_track_c_00894,0,0,0,0,1,0
arq_test_track_c_00895,0,0,0,1,1,0
arq_test_track_c_00896,0,0,1,0,1,1
arq_test_track_c_00897,1,1,0,0,0,1
arq_test_track_c_00898,0,0,0,0,1,0
arq_test_track_c_00899,0,0,0,1,0,1
arq_test_track_c_00900,0,0,0,0,0,1
arq_test_track_c_00901,1,1,0,0,1,1
arq_test_track_c_00902,0,0,1,0,0,1
