id,anger,disgust,fear,joy,sadness,surprise
amh_test_track_c_00001,0,0,0,0,1,0
amh_test_track_c_00002,0,0,0,1,0,0
amh_test_track_c_00003,0,0,0,0,0,0
amh_test_track_c_00004,0,0,0,0,1,0
amh_test_track_c_00005,1,1,0,0,0,0
amh_test_track_c_00006,1,1,0,0,0,0
amh_test_track_c_00007,0,1,0,0,0,0
amh_test_track_c_00008,1,1,0,0,0,0
amh_test_track_c_00009,1,0,0,1,0,0
amh_test_track_c_00010,0,1,0,0,0,0
amh_test_track_c_00011,1,0,0,0,0,0
amh_test_track_c_00012,0,1,0,0,0,0
amh_test_track_c_00013,0,1,1,0,0,0
amh_test_track_c_00014,0,1,0,0,0,0
amh_test_track_c_00015,0,1,0,0,0,0
amh_test_track_c_00016,1,1,0,0,0,0
amh_test_track_c_00017,0,0,0,0,1,0
amh_test_track_c_00018,0,1,0,0,0,0
amh_test_track_c_00019,0,0,0,1,0,0
amh_test_track_c_00020,0,1,0,0,0,0
amh_test_track_c_00021,0,0,0,0,1,0
amh_test_track_c_00022,1,0,0,0,0,0
amh_test_track_c_00023,0,0,0,1,0,0
amh_test_track_c_00024,0,0,0,0,1,0
amh_test_track_c_00025,0,0,0,0,1,0
amh_test_track_c_00026,0,0,0,0,0,0
amh_test_track_c_00027,1,0,0,0,0,0
amh_test_track_c_00028,1,0,0,0,0,0
amh_test_track_c_00029,0,0,0,0,0,0
amh_test_track_c_00030,0,1,0,0,0,0
amh_test_track_c_00031,0,0,0,0,0,0
amh_test_track_c_00032,0,1,0,0,0,0
amh_test_track_c_00033,1,1,0,0,0,0
amh_test_track_c_00034,1,1,0,0,0,0
amh_test_track_c_00035,0,1,0,0,0,0
amh_test_track_c_00036,0,0,0,0,0,0
amh_test_track_c_00037,1,1,0,0,0,0
amh_test_track_c_00038,0,0,0,0,0,1
amh_test_track_c_00039,1,1,0,0,0,0
amh_test_track_c_00040,0,0,0,0,1,0
amh_test_track_c_00041,0,0,0,0,0,0
amh_test_track_c_00042,0,0,0,0,0,0
amh_test_track_c_00043,1,1,0,0,0,0
amh_test_track_c_00044,1,1,0,0,0,0
amh_test_track_c_00045,1,1,0,0,0,0
amh_test_track_c_00046,0,1,0,0,0,0
amh_test_track_c_00047,0,1,0,0,0,0
amh_test_track_c_00048,0,0,0,1,0,0
amh_test_track_c_00049,0,0,0,0,0,0
amh_test_track_c_00050,0,0,0,0,0,0
amh_test_track_c_00051,0,0,0,0,1,0
amh_test_track_c_00052,0,0,0,0,1,0
amh_test_track_c_00053,0,1,0,0,0,0
amh_test_track_c_00054,0,0,0,1,0,0
amh_test_track_c_00055,0,0,0,0,0,0
amh_test_track_c_00056,1,0,0,0,0,0
amh_test_track_c_00057,0,0,0,0,1,0
amh_test_track_c_00058,0,0,0,0,0,0
amh_test_track_c_00059,0,0,0,0,1,0
amh_test_track_c_00060,0,0,0,1,0,0
amh_test_track_c_00061,0,1,0,0,0,0
amh_test_track_c_00062,0,0,0,1,0,0
amh_test_track_c_00063,1,0,0,0,0,0
amh_test_track_c_00064,0,0,0,0,0,0
amh_test_track_c_00065,0,0,0,0,0,0
amh_test_track_c_00066,0,0,0,0,1,0
amh_test_track_c_00067,1,1,0,0,1,0
amh_test_track_c_00068,0,0,0,0,0,0
amh_test_track_c_00069,1,0,0,0,0,0
amh_test_track_c_00070,0,0,0,1,0,0
amh_test_track_c_00071,1,0,0,0,0,0
amh_test_track_c_00072,0,0,0,0,1,0
amh_test_track_c_00073,0,0,0,0,0,0
amh_test_track_c_00074,0,0,0,1,0,0
amh_test_track_c_00075,0,0,0,0,1,0
amh_test_track_c_00076,0,0,0,1,0,0
amh_test_track_c_00077,1,0,0,0,1,0
amh_test_track_c_00078,0,1,0,0,0,0
amh_test_track_c_00079,0,0,0,1,0,1
amh_test_track_c_00080,0,0,0,0,0,0
amh_test_track_c_00081,0,0,0,0,1,0
amh_test_track_c_00082,1,0,0,0,1,0
amh_test_track_c_00083,0,1,0,0,0,0
amh_test_track_c_00084,0,1,0,0,0,0
amh_test_track_c_00085,0,0,0,0,1,0
amh_test_track_c_00086,0,0,0,1,0,0
amh_test_track_c_00087,1,1,0,0,0,0
amh_test_track_c_00088,1,1,0,0,0,0
amh_test_track_c_00089,0,1,0,0,0,0
amh_test_track_c_00090,0,0,0,0,0,0
amh_test_track_c_00091,0,0,0,0,1,0
amh_test_track_c_00092,0,0,0,1,1,0
amh_test_track_c_00093,0,0,0,1,0,0
amh_test_track_c_00094,0,0,0,1,0,0
amh_test_track_c_00095,1,0,0,0,0,0
amh_test_track_c_00096,0,0,0,0,0,0
amh_test_track_c_00097,0,0,0,1,0,0
amh_test_track_c_00098,1,1,0,0,0,0
amh_test_track_c_00099,1,1,0,0,0,0
amh_test_track_c_00100,0,0,0,1,0,0
amh_test_track_c_00101,0,1,0,0,0,0
amh_test_track_c_00102,0,0,0,0,1,0
amh_test_track_c_00103,1,0,0,0,0,0
amh_test_track_c_00104,0,1,0,0,0,0
amh_test_track_c_00105,0,0,0,0,0,1
amh_test_track_c_00106,0,0,0,0,1,0
amh_test_track_c_00107,0,1,0,0,0,0
amh_test_track_c_00108,1,1,0,0,0,0
amh_test_track_c_00109,0,0,0,0,1,1
amh_test_track_c_00110,0,0,0,0,1,0
amh_test_track_c_00111,0,0,0,0,0,0
amh_test_track_c_00112,0,0,0,1,0,0
amh_test_track_c_00113,1,1,0,0,0,0
amh_test_track_c_00114,1,1,0,0,0,0
amh_test_track_c_00115,0,0,0,0,0,0
amh_test_track_c_00116,1,0,0,0,0,0
amh_test_track_c_00117,0,1,0,0,0,0
amh_test_track_c_00118,0,0,0,0,0,0
amh_test_track_c_00119,0,0,0,1,0,0
amh_test_track_c_00120,0,1,0,0,0,0
amh_test_track_c_00121,0,0,0,0,0,0
amh_test_track_c_00122,0,1,0,0,0,0
amh_test_track_c_00123,0,0,0,0,0,0
amh_test_track_c_00124,0,1,0,0,0,0
amh_test_track_c_00125,0,1,0,0,0,0
amh_test_track_c_00126,0,0,0,0,1,0
amh_test_track_c_00127,1,0,0,0,1,0
amh_test_track_c_00128,0,0,0,1,0,0
amh_test_track_c_00129,0,0,0,1,0,0
amh_test_track_c_00130,1,0,0,0,0,0
amh_test_track_c_00131,1,1,0,0,0,0
amh_test_track_c_00132,0,0,0,0,0,0
amh_test_track_c_00133,0,0,0,0,0,0
amh_test_track_c_00134,0,0,0,1,0,0
amh_test_track_c_00135,0,0,0,1,0,0
amh_test_track_c_00136,0,0,0,0,1,0
amh_test_track_c_00137,1,1,0,0,0,0
amh_test_track_c_00138,1,1,0,0,0,0
amh_test_track_c_00139,1,1,0,0,0,0
amh_test_track_c_00140,1,0,0,0,1,0
amh_test_track_c_00141,1,0,0,0,0,0
amh_test_track_c_00142,0,0,0,0,0,0
amh_test_track_c_00143,0,0,0,0,1,0
amh_test_track_c_00144,1,1,0,0,0,0
amh_test_track_c_00145,0,0,0,0,1,0
amh_test_track_c_00146,0,0,0,0,0,0
amh_test_track_c_00147,0,0,0,0,0,0
amh_test_track_c_00148,0,0,0,1,0,0
amh_test_track_c_00149,1,0,0,0,0,0
amh_test_track_c_00150,0,0,0,0,1,0
amh_test_track_c_00151,0,0,0,0,0,0
amh_test_track_c_00152,0,1,0,0,0,0
amh_test_track_c_00153,0,0,0,0,0,0
amh_test_track_c_00154,0,0,0,0,0,0
amh_test_track_c_00155,0,0,0,0,0,0
amh_test_track_c_00156,1,0,0,0,0,0
amh_test_track_c_00157,0,0,0,0,0,1
amh_test_track_c_00158,0,0,0,0,1,0
amh_test_track_c_00159,0,0,0,0,0,0
amh_test_track_c_00160,1,0,0,0,0,0
amh_test_track_c_00161,0,0,0,0,0,0
amh_test_track_c_00162,1,0,0,0,0,0
amh_test_track_c_00163,0,0,0,0,1,0
amh_test_track_c_00164,0,0,0,1,0,0
amh_test_track_c_00165,1,1,0,0,0,0
amh_test_track_c_00166,0,0,0,0,1,0
amh_test_track_c_00167,0,0,0,0,0,0
amh_test_track_c_00168,0,0,0,0,0,0
amh_test_track_c_00169,0,0,0,0,1,0
amh_test_track_c_00170,0,0,0,1,0,0
amh_test_track_c_00171,0,0,0,0,0,1
amh_test_track_c_00172,1,1,0,0,0,0
amh_test_track_c_00173,1,1,0,0,0,0
amh_test_track_c_00174,0,0,0,0,1,0
amh_test_track_c_00175,1,1,0,0,0,0
amh_test_track_c_00176,1,1,0,0,0,0
amh_test_track_c_00177,0,0,0,0,0,0
amh_test_track_c_00178,1,1,0,0,0,0
amh_test_track_c_00179,0,0,0,0,0,0
amh_test_track_c_00180,0,1,0,0,0,0
amh_test_track_c_00181,1,0,0,0,0,0
amh_test_track_c_00182,1,1,0,0,0,0
amh_test_track_c_00183,0,0,0,0,0,0
amh_test_track_c_00184,1,1,0,0,0,0
amh_test_track_c_00185,1,1,0,0,0,0
amh_test_track_c_00186,0,0,0,1,0,0
amh_test_track_c_00187,0,0,0,0,1,0
amh_test_track_c_00188,0,1,0,0,0,0
amh_test_track_c_00189,0,0,1,0,0,0
amh_test_track_c_00190,0,0,0,1,0,0
amh_test_track_c_00191,1,0,0,0,0,0
amh_test_track_c_00192,0,0,0,0,0,0
amh_test_track_c_00193,0,1,0,0,0,0
amh_test_track_c_00194,1,1,0,0,0,0
amh_test_track_c_00195,1,1,0,0,0,0
amh_test_track_c_00196,0,0,0,0,1,0
amh_test_track_c_00197,0,0,0,1,0,0
amh_test_track_c_00198,0,1,0,0,0,0
amh_test_track_c_00199,0,1,0,0,0,0
amh_test_track_c_00200,1,1,0,0,0,0
amh_test_track_c_00201,0,0,0,0,1,0
amh_test_track_c_00202,0,0,0,1,0,0
amh_test_track_c_00203,0,0,0,0,0,0
amh_test_track_c_00204,0,0,0,0,0,0
amh_test_track_c_00205,0,0,0,1,0,0
amh_test_track_c_00206,1,0,0,0,0,0
amh_test_track_c_00207,0,0,0,1,1,0
amh_test_track_c_00208,1,1,0,0,0,0
amh_test_track_c_00209,0,0,0,0,0,0
amh_test_track_c_00210,1,1,0,0,0,0
amh_test_track_c_00211,1,1,0,0,0,0
amh_test_track_c_00212,0,1,0,0,0,0
amh_test_track_c_00213,0,0,0,0,0,0
amh_test_track_c_00214,0,0,0,0,1,0
amh_test_track_c_00215,0,0,0,0,1,0
amh_test_track_c_00216,0,0,0,1,0,0
amh_test_track_c_00217,0,1,0,0,0,0
amh_test_track_c_00218,0,1,0,0,1,0
amh_test_track_c_00219,0,1,0,0,0,0
amh_test_track_c_00220,0,0,0,0,0,0
amh_test_track_c_00221,0,0,0,0,0,0
amh_test_track_c_00222,0,0,0,0,1,0
amh_test_track_c_00223,1,1,0,0,1,0
amh_test_track_c_00224,0,0,0,0,0,0
amh_test_track_c_00225,0,0,0,0,0,0
amh_test_track_c_00226,1,1,0,0,0,0
amh_test_track_c_00227,0,0,0,0,0,0
amh_test_track_c_00228,0,0,0,0,0,0
amh_test_track_c_00229,0,0,0,1,0,0
amh_test_track_c_00230,1,0,0,0,0,0
amh_test_track_c_00231,0,0,0,0,0,0
amh_test_track_c_00232,0,1,0,0,1,0
amh_test_track_c_00233,0,0,0,0,0,0
amh_test_track_c_00234,0,0,0,0,0,0
amh_test_track_c_00235,1,1,0,0,0,0
amh_test_track_c_00236,1,1,0,0,0,0
amh_test_track_c_00237,0,1,0,0,0,0
amh_test_track_c_00238,0,0,0,0,0,0
amh_test_track_c_00239,0,0,0,0,0,0
amh_test_track_c_00240,0,0,0,1,0,0
amh_test_track_c_00241,1,1,0,0,0,0
amh_test_track_c_00242,1,0,0,0,0,0
amh_test_track_c_00243,1,0,0,0,0,0
amh_test_track_c_00244,0,0,0,0,0,0
amh_test_track_c_00245,0,1,0,0,0,1
amh_test_track_c_00246,0,0,0,0,0,0
amh_test_track_c_00247,0,0,0,1,0,0
amh_test_track_c_00248,0,0,0,0,0,0
amh_test_track_c_00249,0,0,0,0,0,0
amh_test_track_c_00250,0,0,0,1,1,0
amh_test_track_c_00251,1,1,0,0,0,0
amh_test_track_c_00252,0,0,0,0,0,0
amh_test_track_c_00253,0,1,0,0,0,0
amh_test_track_c_00254,0,0,0,0,0,0
amh_test_track_c_00255,1,0,0,0,0,0
amh_test_track_c_00256,1,1,0,0,0,0
amh_test_track_c_00257,1,1,0,0,0,0
amh_test_track_c_00258,0,1,0,0,0,0
amh_test_track_c_00259,0,0,0,1,0,0
amh_test_track_c_00260,0,1,0,0,0,0
amh_test_track_c_00261,0,0,0,1,0,0
amh_test_track_c_00262,0,0,0,1,0,1
amh_test_track_c_00263,0,0,0,1,0,0
amh_test_track_c_00264,1,0,1,0,0,0
amh_test_track_c_00265,0,0,0,0,1,0
amh_test_track_c_00266,1,0,0,0,0,0
amh_test_track_c_00267,0,0,0,0,1,0
amh_test_track_c_00268,0,0,0,0,0,0
amh_test_track_c_00269,0,1,0,0,0,0
amh_test_track_c_00270,0,1,0,0,0,1
amh_test_track_c_00271,1,0,0,0,0,0
amh_test_track_c_00272,0,0,0,0,0,0
amh_test_track_c_00273,0,1,0,0,0,0
amh_test_track_c_00274,1,0,0,0,0,0
amh_test_track_c_00275,0,0,0,0,0,0
amh_test_track_c_00276,0,0,0,0,0,0
amh_test_track_c_00277,0,0,0,1,0,0
amh_test_track_c_00278,0,1,0,0,0,0
amh_test_track_c_00279,0,0,0,0,0,0
amh_test_track_c_00280,1,1,0,0,0,0
amh_test_track_c_00281,0,0,0,1,0,0
amh_test_track_c_00282,1,1,0,0,0,0
amh_test_track_c_00283,0,0,0,1,0,0
amh_test_track_c_00284,0,0,0,0,0,0
amh_test_track_c_00285,1,1,0,0,0,0
amh_test_track_c_00286,1,0,0,0,1,0
amh_test_track_c_00287,0,1,0,0,0,0
amh_test_track_c_00288,1,1,0,0,1,0
amh_test_track_c_00289,0,0,0,0,0,0
amh_test_track_c_00290,1,1,0,0,0,0
amh_test_track_c_00291,1,1,0,0,0,0
amh_test_track_c_00292,0,0,0,0,1,0
amh_test_track_c_00293,0,1,0,0,0,0
amh_test_track_c_00294,0,0,0,0,0,0
amh_test_track_c_00295,0,0,0,0,0,0
amh_test_track_c_00296,1,0,0,0,0,0
amh_test_track_c_00297,1,0,0,0,1,0
amh_test_track_c_00298,0,1,0,0,1,0
amh_test_track_c_00299,0,0,0,0,1,0
amh_test_track_c_00300,0,0,0,0,0,0
amh_test_track_c_00301,0,0,0,1,0,0
amh_test_track_c_00302,1,1,0,0,1,0
amh_test_track_c_00303,0,0,0,0,1,0
amh_test_track_c_00304,0,0,0,1,0,1
amh_test_track_c_00305,1,1,0,0,0,0
amh_test_track_c_00306,0,0,0,0,1,0
amh_test_track_c_00307,1,1,0,0,0,0
amh_test_track_c_00308,0,0,0,1,0,0
amh_test_track_c_00309,1,0,0,0,0,0
amh_test_track_c_00310,0,0,0,0,0,0
amh_test_track_c_00311,0,0,0,1,0,0
amh_test_track_c_00312,0,1,0,0,0,0
amh_test_track_c_00313,0,1,0,0,0,0
amh_test_track_c_00314,1,1,0,0,0,0
amh_test_track_c_00315,0,0,0,0,0,0
amh_test_track_c_00316,0,0,0,0,0,1
amh_test_track_c_00317,0,0,0,0,0,0
amh_test_track_c_00318,0,1,0,0,0,0
amh_test_track_c_00319,1,0,0,0,1,0
amh_test_track_c_00320,0,1,0,0,0,0
amh_test_track_c_00321,0,0,0,0,0,0
amh_test_track_c_00322,1,1,0,0,0,0
amh_test_track_c_00323,0,0,0,1,0,0
amh_test_track_c_00324,0,0,0,0,0,0
amh_test_track_c_00325,0,0,0,1,0,0
amh_test_track_c_00326,0,0,0,1,0,0
amh_test_track_c_00327,0,0,0,0,0,0
amh_test_track_c_00328,1,1,0,0,0,0
amh_test_track_c_00329,0,0,0,1,0,0
amh_test_track_c_00330,0,0,0,0,0,0
amh_test_track_c_00331,1,0,0,0,0,0
amh_test_track_c_00332,1,0,0,0,0,0
amh_test_track_c_00333,0,0,0,0,1,0
amh_test_track_c_00334,0,0,0,1,0,0
amh_test_track_c_00335,1,1,0,0,0,0
amh_test_track_c_00336,0,1,0,0,0,0
amh_test_track_c_00337,1,1,0,0,0,0
amh_test_track_c_00338,0,1,0,0,0,0
amh_test_track_c_00339,0,1,0,0,0,0
amh_test_track_c_00340,0,0,0,0,1,0
amh_test_track_c_00341,0,1,0,0,0,0
amh_test_track_c_00342,1,1,0,0,0,0
amh_test_track_c_00343,0,0,0,0,0,0
amh_test_track_c_00344,1,1,0,0,0,0
amh_test_track_c_00345,0,0,0,0,0,0
amh_test_track_c_00346,0,1,0,0,0,0
amh_test_track_c_00347,1,1,0,0,0,0
amh_test_track_c_00348,1,0,0,0,0,0
amh_test_track_c_00349,1,1,0,0,0,0
amh_test_track_c_00350,0,0,0,1,0,0
amh_test_track_c_00351,0,0,0,1,0,0
amh_test_track_c_00352,1,0,0,0,1,0
amh_test_track_c_00353,1,0,1,0,0,0
amh_test_track_c_00354,1,1,0,0,0,0
amh_test_track_c_00355,1,1,0,0,0,0
amh_test_track_c_00356,0,0,0,0,1,0
amh_test_track_c_00357,1,1,0,0,0,0
amh_test_track_c_00358,0,1,0,0,0,0
amh_test_track_c_00359,0,0,0,1,0,0
amh_test_track_c_00360,0,0,0,0,0,0
amh_test_track_c_00361,1,1,0,0,0,0
amh_test_track_c_00362,0,0,0,0,0,0
amh_test_track_c_00363,0,0,0,0,0,0
amh_test_track_c_00364,1,0,0,0,1,0
amh_test_track_c_00365,1,1,0,0,0,0
amh_test_track_c_00366,1,1,0,0,0,0
amh_test_track_c_00367,0,0,0,1,0,0
amh_test_track_c_00368,0,0,0,0,0,0
amh_test_track_c_00369,1,0,0,0,1,0
amh_test_track_c_00370,1,1,0,0,0,0
amh_test_track_c_00371,0,1,0,0,0,0
amh_test_track_c_00372,0,0,0,0,1,0
amh_test_track_c_00373,0,0,0,0,1,0
amh_test_track_c_00374,1,1,0,0,0,0
amh_test_track_c_00375,1,0,0,0,0,0
amh_test_track_c_00376,0,0,0,0,0,0
amh_test_track_c_00377,0,0,0,0,0,0
amh_test_track_c_00378,0,0,0,0,0,0
amh_test_track_c_00379,0,0,0,0,0,0
amh_test_track_c_00380,1,0,0,0,0,0
amh_test_track_c_00381,1,1,0,0,0,0
amh_test_track_c_00382,0,0,0,1,0,0
amh_test_track_c_00383,0,0,0,0,0,0
amh_test_track_c_00384,1,0,0,0,0,0
amh_test_track_c_00385,0,0,0,1,0,0
amh_test_track_c_00386,0,0,0,0,0,0
amh_test_track_c_00387,1,1,0,0,0,0
amh_test_track_c_00388,1,1,0,0,0,0
amh_test_track_c_00389,0,1,0,0,0,0
amh_test_track_c_00390,0,0,0,0,0,0
amh_test_track_c_00391,1,0,0,0,0,0
amh_test_track_c_00392,0,0,0,1,0,0
amh_test_track_c_00393,1,1,0,0,0,0
amh_test_track_c_00394,1,0,0,0,0,0
amh_test_track_c_00395,0,0,0,0,0,0
amh_test_track_c_00396,1,1,0,0,0,0
amh_test_track_c_00397,0,0,0,1,0,0
amh_test_track_c_00398,1,0,0,0,0,0
amh_test_track_c_00399,1,0,0,0,0,0
amh_test_track_c_00400,1,0,0,0,0,0
amh_test_track_c_00401,0,0,0,1,0,0
amh_test_track_c_00402,0,0,0,1,0,0
amh_test_track_c_00403,1,1,0,0,0,0
amh_test_track_c_00404,0,0,0,0,1,0
amh_test_track_c_00405,1,1,0,0,0,0
amh_test_track_c_00406,0,0,0,1,0,0
amh_test_track_c_00407,1,0,0,0,0,0
amh_test_track_c_00408,0,0,0,0,0,1
amh_test_track_c_00409,1,1,0,0,0,0
amh_test_track_c_00410,0,0,0,1,0,0
amh_test_track_c_00411,0,0,0,0,1,0
amh_test_track_c_00412,0,0,0,1,0,0
amh_test_track_c_00413,0,0,0,0,1,0
amh_test_track_c_00414,0,0,0,0,0,0
amh_test_track_c_00415,0,0,0,0,0,0
amh_test_track_c_00416,1,1,0,0,0,0
amh_test_track_c_00417,0,0,0,1,0,0
amh_test_track_c_00418,0,0,0,0,0,0
amh_test_track_c_00419,1,1,0,0,0,0
amh_test_track_c_00420,1,1,0,0,1,0
amh_test_track_c_00421,0,1,0,0,0,0
amh_test_track_c_00422,0,0,0,0,1,0
amh_test_track_c_00423,0,0,1,0,0,0
amh_test_track_c_00424,0,0,0,0,0,0
amh_test_track_c_00425,0,0,0,0,0,1
amh_test_track_c_00426,1,1,0,0,0,0
amh_test_track_c_00427,0,0,0,0,0,1
amh_test_track_c_00428,0,0,0,1,0,0
amh_test_track_c_00429,0,0,0,0,0,0
amh_test_track_c_00430,0,1,0,0,0,0
amh_test_track_c_00431,1,1,0,0,0,0
amh_test_track_c_00432,1,1,0,0,0,0
amh_test_track_c_00433,1,0,0,0,0,0
amh_test_track_c_00434,0,0,0,0,1,0
amh_test_track_c_00435,1,1,0,0,0,0
amh_test_track_c_00436,1,0,0,0,0,0
amh_test_track_c_00437,1,0,0,0,0,0
amh_test_track_c_00438,1,1,0,0,0,0
amh_test_track_c_00439,0,0,0,1,0,0
amh_test_track_c_00440,0,0,0,0,0,0
amh_test_track_c_00441,1,0,0,0,0,0
amh_test_track_c_00442,0,0,0,1,0,0
amh_test_track_c_00443,0,0,0,1,0,0
amh_test_track_c_00444,0,0,0,0,0,0
amh_test_track_c_00445,0,0,0,0,0,0
amh_test_track_c_00446,1,1,0,0,0,0
amh_test_track_c_00447,1,1,0,0,0,0
amh_test_track_c_00448,0,0,0,0,0,0
amh_test_track_c_00449,0,0,0,1,0,0
amh_test_track_c_00450,1,1,0,0,1,0
amh_test_track_c_00451,0,0,0,0,1,0
amh_test_track_c_00452,0,0,0,0,0,0
amh_test_track_c_00453,0,1,0,0,0,0
amh_test_track_c_00454,0,0,0,1,0,0
amh_test_track_c_00455,0,1,0,0,0,0
amh_test_track_c_00456,0,1,0,0,0,0
amh_test_track_c_00457,0,0,0,0,0,0
amh_test_track_c_00458,0,1,0,0,1,0
amh_test_track_c_00459,0,0,0,1,0,0
amh_test_track_c_00460,0,0,0,0,0,0
amh_test_track_c_00461,0,0,0,0,1,0
amh_test_track_c_00462,1,1,0,0,0,0
amh_test_track_c_00463,0,0,0,0,1,0
amh_test_track_c_00464,0,0,0,0,1,0
amh_test_track_c_00465,1,1,0,0,0,1
amh_test_track_c_00466,1,0,0,0,0,0
amh_test_track_c_00467,1,0,0,0,0,0
amh_test_track_c_00468,0,1,0,0,0,0
amh_test_track_c_00469,1,1,0,0,0,0
amh_test_track_c_00470,0,0,0,0,0,0
amh_test_track_c_00471,0,0,0,0,0,0
amh_test_track_c_00472,0,1,0,0,0,0
amh_test_track_c_00473,0,0,0,1,0,0
amh_test_track_c_00474,0,0,0,0,0,0
amh_test_track_c_00475,0,0,0,1,0,1
amh_test_track_c_00476,1,1,0,0,0,0
amh_test_track_c_00477,0,0,0,0,0,0
amh_test_track_c_00478,1,0,0,0,0,0
amh_test_track_c_00479,0,0,0,1,0,0
amh_test_track_c_00480,0,0,0,1,0,0
amh_test_track_c_00481,0,0,0,0,1,0
amh_test_track_c_00482,0,1,0,0,0,0
amh_test_track_c_00483,1,0,0,0,0,0
amh_test_track_c_00484,0,0,0,0,0,0
amh_test_track_c_00485,1,1,0,0,0,0
amh_test_track_c_00486,0,0,0,0,1,0
amh_test_track_c_00487,0,0,0,0,0,0
amh_test_track_c_00488,0,0,0,0,0,0
amh_test_track_c_00489,0,0,0,0,0,0
amh_test_track_c_00490,0,0,0,0,0,0
amh_test_track_c_00491,0,0,0,0,0,0
amh_test_track_c_00492,1,0,0,0,0,0
amh_test_track_c_00493,0,1,0,0,0,0
amh_test_track_c_00494,0,0,0,0,0,0
amh_test_track_c_00495,0,0,0,0,0,0
amh_test_track_c_00496,1,1,0,0,0,0
amh_test_track_c_00497,0,0,0,0,0,0
amh_test_track_c_00498,0,0,0,0,0,0
amh_test_track_c_00499,1,1,0,0,0,0
amh_test_track_c_00500,0,0,0,0,1,0
amh_test_track_c_00501,0,1,0,0,0,0
amh_test_track_c_00502,1,0,0,0,0,0
amh_test_track_c_00503,0,0,0,1,0,0
amh_test_track_c_00504,1,0,0,0,0,0
amh_test_track_c_00505,1,1,0,0,0,1
amh_test_track_c_00506,0,0,0,0,1,0
amh_test_track_c_00507,1,1,0,0,0,0
amh_test_track_c_00508,1,1,0,0,0,0
amh_test_track_c_00509,0,0,0,0,0,0
amh_test_track_c_00510,0,0,0,1,0,0
amh_test_track_c_00511,0,0,0,1,0,1
amh_test_track_c_00512,0,0,0,0,0,0
amh_test_track_c_00513,0,0,0,0,0,0
amh_test_track_c_00514,0,1,0,0,0,0
amh_test_track_c_00515,0,0,1,0,0,0
amh_test_track_c_00516,1,0,0,0,0,0
amh_test_track_c_00517,0,0,0,1,0,0
amh_test_track_c_00518,1,0,0,0,0,0
amh_test_track_c_00519,0,0,0,0,0,0
amh_test_track_c_00520,0,1,0,0,0,0
amh_test_track_c_00521,0,0,0,1,0,0
amh_test_track_c_00522,1,0,0,0,1,0
amh_test_track_c_00523,0,0,0,1,0,0
amh_test_track_c_00524,0,0,0,0,0,0
amh_test_track_c_00525,1,0,0,0,0,0
amh_test_track_c_00526,0,1,0,0,0,0
amh_test_track_c_00527,0,0,0,0,0,0
amh_test_track_c_00528,0,0,0,0,0,0
amh_test_track_c_00529,1,0,0,0,0,0
amh_test_track_c_00530,0,0,0,1,0,0
amh_test_track_c_00531,0,1,0,0,0,0
amh_test_track_c_00532,0,0,0,0,1,0
amh_test_track_c_00533,0,0,0,0,0,0
amh_test_track_c_00534,1,1,0,0,0,0
amh_test_track_c_00535,0,1,0,0,0,0
amh_test_track_c_00536,0,0,0,0,0,0
amh_test_track_c_00537,0,0,0,0,0,0
amh_test_track_c_00538,0,0,0,0,1,0
amh_test_track_c_00539,0,0,0,1,0,0
amh_test_track_c_00540,1,1,0,0,0,0
amh_test_track_c_00541,1,1,0,0,0,0
amh_test_track_c_00542,1,0,0,1,0,0
amh_test_track_c_00543,1,1,0,0,0,0
amh_test_track_c_00544,0,0,0,1,0,0
amh_test_track_c_00545,1,1,0,0,0,0
amh_test_track_c_00546,0,0,0,0,0,0
amh_test_track_c_00547,1,0,0,0,0,0
amh_test_track_c_00548,0,1,0,0,0,0
amh_test_track_c_00549,0,0,0,0,1,0
amh_test_track_c_00550,1,1,0,0,0,1
amh_test_track_c_00551,0,0,0,0,0,0
amh_test_track_c_00552,0,0,0,0,0,0
amh_test_track_c_00553,0,1,0,0,0,0
amh_test_track_c_00554,0,0,0,0,0,0
amh_test_track_c_00555,0,0,0,1,0,0
amh_test_track_c_00556,0,0,0,0,0,0
amh_test_track_c_00557,1,1,0,0,0,0
amh_test_track_c_00558,0,0,0,0,0,0
amh_test_track_c_00559,1,0,0,0,0,0
amh_test_track_c_00560,0,0,0,0,0,0
amh_test_track_c_00561,0,1,0,1,0,0
amh_test_track_c_00562,1,0,0,0,0,0
amh_test_track_c_00563,0,0,0,0,1,0
amh_test_track_c_00564,1,0,0,0,0,0
amh_test_track_c_00565,0,0,0,1,0,0
amh_test_track_c_00566,1,1,0,0,0,1
amh_test_track_c_00567,0,0,0,1,0,0
amh_test_track_c_00568,1,0,0,0,0,0
amh_test_track_c_00569,0,0,0,1,0,0
amh_test_track_c_00570,1,0,0,0,0,0
amh_test_track_c_00571,0,1,0,0,0,0
amh_test_track_c_00572,0,0,0,0,1,0
amh_test_track_c_00573,0,1,0,0,0,0
amh_test_track_c_00574,1,1,0,0,0,0
amh_test_track_c_00575,0,0,0,1,0,0
amh_test_track_c_00576,0,1,0,0,0,0
amh_test_track_c_00577,0,0,0,0,1,0
amh_test_track_c_00578,0,0,0,0,1,0
amh_test_track_c_00579,0,1,0,0,0,0
amh_test_track_c_00580,1,1,0,0,0,0
amh_test_track_c_00581,0,0,0,1,0,0
amh_test_track_c_00582,0,0,0,0,1,0
amh_test_track_c_00583,1,0,0,0,0,0
amh_test_track_c_00584,0,1,0,0,0,0
amh_test_track_c_00585,0,0,0,1,0,1
amh_test_track_c_00586,0,0,0,0,1,0
amh_test_track_c_00587,0,0,0,0,0,0
amh_test_track_c_00588,0,1,0,0,1,0
amh_test_track_c_00589,1,1,0,0,0,0
amh_test_track_c_00590,0,0,0,0,0,0
amh_test_track_c_00591,1,0,0,0,0,0
amh_test_track_c_00592,1,0,0,0,0,0
amh_test_track_c_00593,0,0,0,0,0,0
amh_test_track_c_00594,0,0,0,0,0,0
amh_test_track_c_00595,0,1,0,0,0,0
amh_test_track_c_00596,1,0,0,0,0,0
amh_test_track_c_00597,0,0,0,1,0,0
amh_test_track_c_00598,0,0,0,0,0,0
amh_test_track_c_00599,0,1,0,0,0,0
amh_test_track_c_00600,1,1,0,0,0,0
amh_test_track_c_00601,0,0,0,0,0,1
amh_test_track_c_00602,0,0,0,0,0,0
amh_test_track_c_00603,1,1,0,0,0,0
amh_test_track_c_00604,0,1,0,0,0,0
amh_test_track_c_00605,1,1,0,0,0,0
amh_test_track_c_00606,0,0,0,0,1,0
amh_test_track_c_00607,0,0,0,1,0,0
amh_test_track_c_00608,1,0,0,0,0,0
amh_test_track_c_00609,0,0,1,0,0,0
amh_test_track_c_00610,1,0,0,0,1,0
amh_test_track_c_00611,0,1,0,0,0,0
amh_test_track_c_00612,1,1,0,0,0,0
amh_test_track_c_00613,1,1,0,0,0,0
amh_test_track_c_00614,0,1,0,0,0,0
amh_test_track_c_00615,0,1,0,0,0,0
amh_test_track_c_00616,0,0,0,0,1,0
amh_test_track_c_00617,0,1,0,0,0,0
amh_test_track_c_00618,1,1,0,0,0,0
amh_test_track_c_00619,1,0,0,0,0,0
amh_test_track_c_00620,0,1,0,0,0,0
amh_test_track_c_00621,1,0,0,0,0,0
amh_test_track_c_00622,0,0,0,0,1,0
amh_test_track_c_00623,0,0,0,0,0,1
amh_test_track_c_00624,1,1,0,0,0,0
amh_test_track_c_00625,1,0,0,0,0,0
amh_test_track_c_00626,0,0,0,0,0,0
amh_test_track_c_00627,0,0,0,1,0,0
amh_test_track_c_00628,0,0,0,0,0,0
amh_test_track_c_00629,0,0,0,0,1,0
amh_test_track_c_00630,0,0,0,0,1,0
amh_test_track_c_00631,0,0,0,0,1,0
amh_test_track_c_00632,1,0,0,0,0,0
amh_test_track_c_00633,0,0,0,1,0,0
amh_test_track_c_00634,0,0,0,0,0,0
amh_test_track_c_00635,1,1,0,0,0,0
amh_test_track_c_00636,0,0,0,1,0,0
amh_test_track_c_00637,0,0,0,0,0,0
amh_test_track_c_00638,1,0,0,0,0,0
amh_test_track_c_00639,0,0,0,0,1,1
amh_test_track_c_00640,1,1,0,0,0,0
amh_test_track_c_00641,1,1,0,0,0,0
amh_test_track_c_00642,0,0,0,1,0,0
amh_test_track_c_00643,0,0,0,0,1,0
amh_test_track_c_00644,0,0,0,0,1,0
amh_test_track_c_00645,0,0,0,0,0,0
amh_test_track_c_00646,0,0,0,0,0,0
amh_test_track_c_00647,1,1,0,0,0,0
amh_test_track_c_00648,1,0,0,0,0,0
amh_test_track_c_00649,0,0,0,0,0,0
amh_test_track_c_00650,0,1,0,0,0,0
amh_test_track_c_00651,0,0,0,0,0,0
amh_test_track_c_00652,1,1,0,0,0,0
amh_test_track_c_00653,0,0,0,1,0,0
amh_test_track_c_00654,0,1,0,0,0,0
amh_test_track_c_00655,0,1,0,0,0,0
amh_test_track_c_00656,1,0,0,0,0,0
amh_test_track_c_00657,1,1,0,0,0,0
amh_test_track_c_00658,1,1,0,0,0,0
amh_test_track_c_00659,1,1,0,0,0,0
amh_test_track_c_00660,0,0,0,0,0,0
amh_test_track_c_00661,1,0,0,0,0,0
amh_test_track_c_00662,1,0,1,0,1,0
amh_test_track_c_00663,0,1,0,0,0,0
amh_test_track_c_00664,1,1,0,0,0,0
amh_test_track_c_00665,1,1,0,0,0,0
amh_test_track_c_00666,0,0,0,0,0,0
amh_test_track_c_00667,1,1,0,0,0,0
amh_test_track_c_00668,0,1,0,0,0,0
amh_test_track_c_00669,0,0,0,0,0,0
amh_test_track_c_00670,0,1,0,0,0,0
amh_test_track_c_00671,1,1,0,0,0,0
amh_test_track_c_00672,0,0,0,1,0,0
amh_test_track_c_00673,0,0,0,1,0,0
amh_test_track_c_00674,0,0,0,0,0,0
amh_test_track_c_00675,0,0,0,0,1,0
amh_test_track_c_00676,0,0,0,1,0,0
amh_test_track_c_00677,0,1,0,0,0,0
amh_test_track_c_00678,1,1,0,0,0,0
amh_test_track_c_00679,1,1,0,0,0,0
amh_test_track_c_00680,1,1,0,0,0,0
amh_test_track_c_00681,0,1,0,0,0,0
amh_test_track_c_00682,0,0,0,0,0,0
amh_test_track_c_00683,0,0,0,0,0,0
amh_test_track_c_00684,0,1,0,0,0,0
amh_test_track_c_00685,1,1,0,0,0,0
amh_test_track_c_00686,0,0,0,0,0,0
amh_test_track_c_00687,1,0,0,0,0,0
amh_test_track_c_00688,0,0,0,0,1,0
amh_test_track_c_00689,1,1,0,0,0,0
amh_test_track_c_00690,1,1,0,0,0,0
amh_test_track_c_00691,0,0,0,0,0,0
amh_test_track_c_00692,0,1,0,0,0,0
amh_test_track_c_00693,0,1,0,0,0,1
amh_test_track_c_00694,0,0,0,0,1,0
amh_test_track_c_00695,0,0,0,0,1,0
amh_test_track_c_00696,1,0,0,0,1,0
amh_test_track_c_00697,0,0,1,0,0,0
amh_test_track_c_00698,0,0,0,0,0,0
amh_test_track_c_00699,1,1,0,0,0,0
amh_test_track_c_00700,1,1,0,0,0,0
amh_test_track_c_00701,1,1,0,0,1,0
amh_test_track_c_00702,0,1,0,0,0,0
amh_test_track_c_00703,0,0,0,0,0,0
amh_test_track_c_00704,1,1,0,0,0,0
amh_test_track_c_00705,0,1,0,0,0,0
amh_test_track_c_00706,0,0,0,0,1,0
amh_test_track_c_00707,0,0,0,0,0,0
amh_test_track_c_00708,1,1,0,0,0,0
amh_test_track_c_00709,1,0,0,0,0,0
amh_test_track_c_00710,0,1,0,0,0,0
amh_test_track_c_00711,1,0,0,0,1,0
amh_test_track_c_00712,0,0,0,0,0,0
amh_test_track_c_00713,0,0,0,1,0,0
amh_test_track_c_00714,0,0,0,0,1,0
amh_test_track_c_00715,1,1,0,0,0,0
amh_test_track_c_00716,0,0,0,0,1,0
amh_test_track_c_00717,1,1,0,0,0,0
amh_test_track_c_00718,0,1,0,0,0,0
amh_test_track_c_00719,0,1,0,0,0,0
amh_test_track_c_00720,1,1,0,0,0,0
amh_test_track_c_00721,0,0,0,0,0,0
amh_test_track_c_00722,1,0,0,0,0,1
amh_test_track_c_00723,0,0,0,1,0,0
amh_test_track_c_00724,1,1,0,0,0,0
amh_test_track_c_00725,0,0,0,1,0,0
amh_test_track_c_00726,1,0,0,0,0,0
amh_test_track_c_00727,0,0,0,0,1,0
amh_test_track_c_00728,0,0,0,0,0,0
amh_test_track_c_00729,0,0,0,0,1,0
amh_test_track_c_00730,0,0,0,0,0,0
amh_test_track_c_00731,1,0,0,0,1,0
amh_test_track_c_00732,0,1,0,0,0,1
amh_test_track_c_00733,1,0,0,0,0,0
amh_test_track_c_00734,1,0,0,0,0,0
amh_test_track_c_00735,1,0,0,0,0,0
amh_test_track_c_00736,1,0,0,0,0,0
amh_test_track_c_00737,1,1,0,0,0,0
amh_test_track_c_00738,0,0,0,0,0,0
amh_test_track_c_00739,0,1,0,0,0,0
amh_test_track_c_00740,1,1,0,0,0,0
amh_test_track_c_00741,1,0,0,0,0,1
amh_test_track_c_00742,0,0,0,0,1,0
amh_test_track_c_00743,0,0,0,1,0,0
amh_test_track_c_00744,0,0,0,0,1,0
amh_test_track_c_00745,1,1,0,0,0,0
amh_test_track_c_00746,1,1,0,0,0,0
amh_test_track_c_00747,0,0,0,1,0,0
amh_test_track_c_00748,1,0,0,0,1,0
amh_test_track_c_00749,0,0,0,0,0,0
amh_test_track_c_00750,0,1,0,0,0,0
amh_test_track_c_00751,1,0,0,0,0,1
amh_test_track_c_00752,0,1,0,0,0,0
amh_test_track_c_00753,0,1,0,0,0,0
amh_test_track_c_00754,1,1,0,0,0,0
amh_test_track_c_00755,1,0,0,0,0,0
amh_test_track_c_00756,1,1,0,0,0,0
amh_test_track_c_00757,1,0,0,0,0,0
amh_test_track_c_00758,0,1,0,0,0,0
amh_test_track_c_00759,1,1,0,0,0,0
amh_test_track_c_00760,0,0,0,1,0,0
amh_test_track_c_00761,1,1,0,0,0,0
amh_test_track_c_00762,1,0,0,0,0,0
amh_test_track_c_00763,1,1,0,0,1,0
amh_test_track_c_00764,0,0,0,0,0,0
amh_test_track_c_00765,1,1,0,0,0,0
amh_test_track_c_00766,1,0,0,0,0,0
amh_test_track_c_00767,1,0,0,0,1,0
amh_test_track_c_00768,0,0,0,0,0,0
amh_test_track_c_00769,1,0,0,0,0,0
amh_test_track_c_00770,0,0,0,0,1,0
amh_test_track_c_00771,0,1,0,0,0,0
amh_test_track_c_00772,0,0,0,0,0,0
amh_test_track_c_00773,1,1,0,0,0,0
amh_test_track_c_00774,0,0,0,0,1,0
amh_test_track_c_00775,1,1,0,0,0,0
amh_test_track_c_00776,0,0,0,0,0,0
amh_test_track_c_00777,1,1,0,0,0,0
amh_test_track_c_00778,0,0,0,0,0,0
amh_test_track_c_00779,0,0,0,0,0,0
amh_test_track_c_00780,1,1,0,0,0,0
amh_test_track_c_00781,0,1,0,0,0,0
amh_test_track_c_00782,0,0,0,0,0,0
amh_test_track_c_00783,1,0,0,0,0,0
amh_test_track_c_00784,0,0,0,0,0,0
amh_test_track_c_00785,1,0,0,0,0,0
amh_test_track_c_00786,0,0,0,1,0,0
amh_test_track_c_00787,1,1,0,0,0,0
amh_test_track_c_00788,0,0,0,1,0,0
amh_test_track_c_00789,0,0,0,0,0,0
amh_test_track_c_00790,0,1,0,0,0,0
amh_test_track_c_00791,1,0,0,0,0,0
amh_test_track_c_00792,0,0,0,0,0,0
amh_test_track_c_00793,0,1,0,0,1,0
amh_test_track_c_00794,0,0,0,0,1,0
amh_test_track_c_00795,0,0,0,0,0,0
amh_test_track_c_00796,0,0,0,0,1,0
amh_test_track_c_00797,0,0,0,0,0,1
amh_test_track_c_00798,0,0,0,0,1,0
amh_test_track_c_00799,1,1,0,0,0,0
amh_test_track_c_00800,0,0,0,0,0,0
amh_test_track_c_00801,0,0,0,0,0,0
amh_test_track_c_00802,0,0,0,0,0,0
amh_test_track_c_00803,1,1,0,0,0,0
amh_test_track_c_00804,1,1,0,0,0,0
amh_test_track_c_00805,0,0,0,1,0,0
amh_test_track_c_00806,1,0,0,0,0,0
amh_test_track_c_00807,0,0,0,0,0,0
amh_test_track_c_00808,0,0,0,1,0,1
amh_test_track_c_00809,1,0,0,0,0,0
amh_test_track_c_00810,0,0,0,0,1,0
amh_test_track_c_00811,0,0,0,0,0,0
amh_test_track_c_00812,0,0,0,1,0,0
amh_test_track_c_00813,0,0,0,0,0,0
amh_test_track_c_00814,0,0,0,0,0,0
amh_test_track_c_00815,0,0,0,0,0,0
amh_test_track_c_00816,1,1,0,0,0,0
amh_test_track_c_00817,1,1,0,0,0,0
amh_test_track_c_00818,0,0,0,0,0,0
amh_test_track_c_00819,0,0,1,0,1,0
amh_test_track_c_00820,0,0,0,0,1,0
amh_test_track_c_00821,0,0,0,0,0,0
amh_test_track_c_00822,0,0,0,0,0,0
amh_test_track_c_00823,1,0,0,0,0,0
amh_test_track_c_00824,0,0,1,0,0,0
amh_test_track_c_00825,0,0,0,0,0,0
amh_test_track_c_00826,1,1,0,0,0,0
amh_test_track_c_00827,0,0,0,0,1,0
amh_test_track_c_00828,0,0,0,0,1,0
amh_test_track_c_00829,0,0,1,0,1,0
amh_test_track_c_00830,0,0,0,0,0,0
amh_test_track_c_00831,1,1,0,0,0,0
amh_test_track_c_00832,0,0,0,1,0,0
amh_test_track_c_00833,0,0,0,0,0,0
amh_test_track_c_00834,0,0,0,0,1,0
amh_test_track_c_00835,0,0,1,0,0,0
amh_test_track_c_00836,0,0,0,0,0,1
amh_test_track_c_00837,0,0,0,0,0,0
amh_test_track_c_00838,1,0,0,0,1,0
amh_test_track_c_00839,0,1,0,0,0,0
amh_test_track_c_00840,0,1,0,0,0,0
amh_test_track_c_00841,0,0,0,0,0,0
amh_test_track_c_00842,0,0,0,1,0,0
amh_test_track_c_00843,0,0,0,0,0,0
amh_test_track_c_00844,0,1,0,0,1,0
amh_test_track_c_00845,0,1,0,0,0,0
amh_test_track_c_00846,0,0,1,0,0,0
amh_test_track_c_00847,0,0,0,0,0,0
amh_test_track_c_00848,1,0,0,0,0,0
amh_test_track_c_00849,0,0,0,1,0,0
amh_test_track_c_00850,0,0,0,0,0,0
amh_test_track_c_00851,1,1,0,0,0,0
amh_test_track_c_00852,0,0,0,0,0,0
amh_test_track_c_00853,1,0,0,0,0,0
amh_test_track_c_00854,0,0,0,0,0,0
amh_test_track_c_00855,0,0,0,0,1,0
amh_test_track_c_00856,1,0,0,0,0,0
amh_test_track_c_00857,1,1,0,0,0,0
amh_test_track_c_00858,0,0,0,0,1,0
amh_test_track_c_00859,0,1,0,0,0,0
amh_test_track_c_00860,0,0,0,0,0,0
amh_test_track_c_00861,1,0,0,0,0,0
amh_test_track_c_00862,1,1,0,0,0,0
amh_test_track_c_00863,0,0,0,1,1,0
amh_test_track_c_00864,0,0,0,1,0,0
amh_test_track_c_00865,0,0,0,0,0,0
amh_test_track_c_00866,0,1,0,0,0,0
amh_test_track_c_00867,0,0,0,0,1,0
amh_test_track_c_00868,0,0,0,0,1,0
amh_test_track_c_00869,0,1,0,0,0,0
amh_test_track_c_00870,1,1,0,0,0,0
amh_test_track_c_00871,0,0,0,0,0,0
amh_test_track_c_00872,0,1,0,0,0,1
amh_test_track_c_00873,1,1,0,0,0,0
amh_test_track_c_00874,0,0,0,0,1,0
amh_test_track_c_00875,0,1,0,0,0,0
amh_test_track_c_00876,0,1,0,0,0,0
amh_test_track_c_00877,0,0,0,0,0,0
amh_test_track_c_00878,1,1,0,0,0,0
amh_test_track_c_00879,0,0,0,0,0,0
amh_test_track_c_00880,0,0,0,0,0,0
amh_test_track_c_00881,0,0,0,0,0,0
amh_test_track_c_00882,1,1,0,0,1,0
amh_test_track_c_00883,0,0,0,1,0,0
amh_test_track_c_00884,0,0,0,0,0,0
amh_test_track_c_00885,1,1,0,0,0,0
amh_test_track_c_00886,1,1,0,0,0,0
amh_test_track_c_00887,0,0,0,0,0,0
amh_test_track_c_00888,1,1,0,0,0,0
amh_test_track_c_00889,0,0,0,1,0,0
amh_test_track_c_00890,0,0,0,0,0,0
amh_test_track_c_00891,0,0,0,0,0,0
amh_test_track_c_00892,0,0,0,0,0,0
amh_test_track_c_00893,1,1,0,0,0,0
amh_test_track_c_00894,0,1,0,0,0,0
amh_test_track_c_00895,0,0,0,0,0,0
amh_test_track_c_00896,0,0,0,0,1,0
amh_test_track_c_00897,0,0,0,0,1,0
amh_test_track_c_00898,1,1,0,0,0,0
amh_test_track_c_00899,0,0,0,0,0,0
amh_test_track_c_00900,0,1,0,0,0,0
amh_test_track_c_00901,0,0,0,0,0,0
amh_test_track_c_00902,0,0,0,0,0,0
amh_test_track_c_00903,1,1,0,0,0,0
amh_test_track_c_00904,0,0,0,0,0,0
amh_test_track_c_00905,0,0,0,0,0,0
amh_test_track_c_00906,0,0,0,0,1,0
amh_test_track_c_00907,0,1,0,0,0,0
amh_test_track_c_00908,0,0,0,0,0,0
amh_test_track_c_00909,0,0,0,0,0,0
amh_test_track_c_00910,1,1,0,0,1,0
amh_test_track_c_00911,1,1,0,0,0,0
amh_test_track_c_00912,0,0,0,0,1,0
amh_test_track_c_00913,1,1,0,0,0,0
amh_test_track_c_00914,1,1,0,0,0,0
amh_test_track_c_00915,0,1,0,0,0,0
amh_test_track_c_00916,0,0,0,0,0,0
amh_test_track_c_00917,1,1,0,0,0,0
amh_test_track_c_00918,0,0,0,0,0,1
amh_test_track_c_00919,0,0,0,1,0,0
amh_test_track_c_00920,0,0,0,1,0,0
amh_test_track_c_00921,0,0,0,1,0,0
amh_test_track_c_00922,0,0,0,0,0,0
amh_test_track_c_00923,0,0,0,0,0,0
amh_test_track_c_00924,1,0,0,0,1,0
amh_test_track_c_00925,0,0,0,1,0,0
amh_test_track_c_00926,0,0,0,1,0,1
amh_test_track_c_00927,0,0,1,0,0,0
amh_test_track_c_00928,1,1,0,0,0,0
amh_test_track_c_00929,0,0,0,1,0,0
amh_test_track_c_00930,0,0,0,0,0,0
amh_test_track_c_00931,0,0,0,0,0,0
amh_test_track_c_00932,1,1,0,0,0,0
amh_test_track_c_00933,0,0,0,0,1,0
amh_test_track_c_00934,1,0,0,0,0,0
amh_test_track_c_00935,0,0,0,0,1,0
amh_test_track_c_00936,0,0,0,0,1,0
amh_test_track_c_00937,0,0,0,0,1,0
amh_test_track_c_00938,1,1,0,0,0,0
amh_test_track_c_00939,0,0,0,0,0,0
amh_test_track_c_00940,1,1,0,0,0,0
amh_test_track_c_00941,0,0,0,1,1,0
amh_test_track_c_00942,1,0,0,0,0,0
amh_test_track_c_00943,0,0,0,1,0,0
amh_test_track_c_00944,1,1,0,0,0,0
amh_test_track_c_00945,1,1,0,0,0,0
amh_test_track_c_00946,1,1,0,0,0,0
amh_test_track_c_00947,0,0,0,0,1,0
amh_test_track_c_00948,0,1,0,0,1,0
amh_test_track_c_00949,0,1,0,0,0,0
amh_test_track_c_00950,1,0,0,0,0,0
amh_test_track_c_00951,0,1,0,0,0,0
amh_test_track_c_00952,0,0,0,1,0,1
amh_test_track_c_00953,0,0,0,0,0,0
amh_test_track_c_00954,1,0,0,0,0,0
amh_test_track_c_00955,0,0,0,0,0,0
amh_test_track_c_00956,0,1,0,0,0,0
amh_test_track_c_00957,0,0,0,0,0,0
amh_test_track_c_00958,1,1,0,0,1,0
amh_test_track_c_00959,0,0,0,1,0,1
amh_test_track_c_00960,1,1,0,0,0,0
amh_test_track_c_00961,0,0,0,0,0,0
amh_test_track_c_00962,1,0,0,0,1,0
amh_test_track_c_00963,0,0,0,0,1,0
amh_test_track_c_00964,0,0,0,0,0,0
amh_test_track_c_00965,0,0,0,0,1,0
amh_test_track_c_00966,0,0,0,0,1,0
amh_test_track_c_00967,1,0,0,0,0,0
amh_test_track_c_00968,0,0,0,0,0,1
amh_test_track_c_00969,1,1,0,0,0,0
amh_test_track_c_00970,0,0,0,0,0,0
amh_test_track_c_00971,1,1,0,0,0,0
amh_test_track_c_00972,0,1,0,0,0,0
amh_test_track_c_00973,0,1,0,0,0,0
amh_test_track_c_00974,1,1,0,0,0,0
amh_test_track_c_00975,0,0,0,0,0,0
amh_test_track_c_00976,0,0,1,0,0,0
amh_test_track_c_00977,0,0,0,1,0,0
amh_test_track_c_00978,0,0,0,0,1,0
amh_test_track_c_00979,1,1,0,0,0,0
amh_test_track_c_00980,0,0,0,1,0,0
amh_test_track_c_00981,0,1,0,0,0,0
amh_test_track_c_00982,0,0,0,1,0,0
amh_test_track_c_00983,1,1,0,0,0,0
amh_test_track_c_00984,0,0,0,0,0,0
amh_test_track_c_00985,1,1,0,0,0,0
amh_test_track_c_00986,0,0,0,0,0,0
amh_test_track_c_00987,0,1,0,0,0,0
amh_test_track_c_00988,0,0,0,1,0,0
amh_test_track_c_00989,0,0,0,0,0,0
amh_test_track_c_00990,0,1,1,0,0,0
amh_test_track_c_00991,0,0,0,0,1,0
amh_test_track_c_00992,1,1,0,0,0,0
amh_test_track_c_00993,0,0,0,1,1,0
amh_test_track_c_00994,0,0,0,0,1,0
amh_test_track_c_00995,1,1,0,0,0,0
amh_test_track_c_00996,0,0,1,0,0,0
amh_test_track_c_00997,0,1,0,0,0,0
amh_test_track_c_00998,1,0,0,0,0,0
amh_test_track_c_00999,0,1,0,0,0,0
amh_test_track_c_01000,1,0,0,0,1,0
amh_test_track_c_01001,0,0,0,0,0,0
amh_test_track_c_01002,1,1,0,0,0,0
amh_test_track_c_01003,0,1,0,0,0,0
amh_test_track_c_01004,0,0,0,0,1,0
amh_test_track_c_01005,0,0,0,0,1,0
amh_test_track_c_01006,0,0,0,1,1,0
amh_test_track_c_01007,0,0,0,0,1,0
amh_test_track_c_01008,1,1,0,0,0,0
amh_test_track_c_01009,1,0,0,0,1,0
amh_test_track_c_01010,0,0,0,0,0,0
amh_test_track_c_01011,1,0,0,0,0,0
amh_test_track_c_01012,0,0,0,0,1,0
amh_test_track_c_01013,1,0,0,0,0,0
amh_test_track_c_01014,0,0,0,1,0,0
amh_test_track_c_01015,0,0,0,0,0,0
amh_test_track_c_01016,1,0,0,0,0,0
amh_test_track_c_01017,0,0,0,0,0,0
amh_test_track_c_01018,0,0,0,0,0,0
amh_test_track_c_01019,0,1,1,0,0,0
amh_test_track_c_01020,1,0,0,0,0,0
amh_test_track_c_01021,0,0,0,0,1,0
amh_test_track_c_01022,1,0,0,0,1,0
amh_test_track_c_01023,0,0,0,0,1,0
amh_test_track_c_01024,0,1,0,0,0,0
amh_test_track_c_01025,1,0,0,0,0,0
amh_test_track_c_01026,0,0,0,0,1,0
amh_test_track_c_01027,1,0,0,0,0,0
amh_test_track_c_01028,0,0,0,1,0,1
amh_test_track_c_01029,0,0,0,0,0,1
amh_test_track_c_01030,0,0,0,0,1,0
amh_test_track_c_01031,0,1,1,0,0,0
amh_test_track_c_01032,0,0,0,0,0,0
amh_test_track_c_01033,1,0,0,0,0,0
amh_test_track_c_01034,0,0,0,1,0,0
amh_test_track_c_01035,1,0,0,0,0,0
amh_test_track_c_01036,0,0,0,0,0,0
amh_test_track_c_01037,1,0,0,0,1,0
amh_test_track_c_01038,0,0,0,0,0,0
amh_test_track_c_01039,0,0,0,0,1,0
amh_test_track_c_01040,0,1,0,0,0,0
amh_test_track_c_01041,1,0,0,0,0,0
amh_test_track_c_01042,0,0,0,1,0,0
amh_test_track_c_01043,0,0,0,0,0,0
amh_test_track_c_01044,1,1,0,0,1,0
amh_test_track_c_01045,0,0,0,0,1,0
amh_test_track_c_01046,0,0,0,0,1,0
amh_test_track_c_01047,1,1,0,0,0,0
amh_test_track_c_01048,1,1,0,0,0,0
amh_test_track_c_01049,1,0,0,0,0,0
amh_test_track_c_01050,0,0,0,0,0,0
amh_test_track_c_01051,0,0,0,0,0,0
amh_test_track_c_01052,0,0,0,1,0,0
amh_test_track_c_01053,0,0,0,1,0,0
amh_test_track_c_01054,0,1,0,0,0,0
amh_test_track_c_01055,1,1,0,0,0,0
amh_test_track_c_01056,0,0,0,1,0,0
amh_test_track_c_01057,0,1,0,0,0,0
amh_test_track_c_01058,0,0,0,0,0,0
amh_test_track_c_01059,1,1,0,0,0,0
amh_test_track_c_01060,0,0,0,0,1,0
amh_test_track_c_01061,0,1,0,0,0,0
amh_test_track_c_01062,1,1,0,0,0,0
amh_test_track_c_01063,0,0,0,0,1,0
amh_test_track_c_01064,0,0,0,0,1,0
amh_test_track_c_01065,0,0,0,0,1,0
amh_test_track_c_01066,1,1,0,0,0,0
amh_test_track_c_01067,0,1,0,0,0,0
amh_test_track_c_01068,0,0,0,0,1,0
amh_test_track_c_01069,0,0,0,0,1,0
amh_test_track_c_01070,0,0,0,0,0,0
amh_test_track_c_01071,0,0,0,0,0,0
amh_test_track_c_01072,1,0,0,0,1,0
amh_test_track_c_01073,0,0,0,0,0,0
amh_test_track_c_01074,1,0,0,0,0,0
amh_test_track_c_01075,1,0,0,0,0,0
amh_test_track_c_01076,0,1,0,0,0,0
amh_test_track_c_01077,0,0,0,0,0,0
amh_test_track_c_01078,0,0,0,0,0,0
amh_test_track_c_01079,0,1,0,0,0,1
amh_test_track_c_01080,0,0,0,0,0,0
amh_test_track_c_01081,1,0,0,0,0,0
amh_test_track_c_01082,0,0,0,0,0,0
amh_test_track_c_01083,0,0,0,1,0,0
amh_test_track_c_01084,1,0,0,0,1,0
amh_test_track_c_01085,1,0,0,0,1,0
amh_test_track_c_01086,0,1,0,0,0,0
amh_test_track_c_01087,0,0,0,0,0,0
amh_test_track_c_01088,0,0,0,0,0,1
amh_test_track_c_01089,0,0,0,0,0,0
amh_test_track_c_01090,1,1,0,0,0,0
amh_test_track_c_01091,0,0,0,0,1,0
amh_test_track_c_01092,1,0,0,0,0,0
amh_test_track_c_01093,0,0,0,1,0,0
amh_test_track_c_01094,0,0,0,0,0,0
amh_test_track_c_01095,1,0,0,0,0,0
amh_test_track_c_01096,1,1,0,0,0,0
amh_test_track_c_01097,0,0,0,0,0,0
amh_test_track_c_01098,1,1,0,0,0,0
amh_test_track_c_01099,0,0,0,0,0,0
amh_test_track_c_01100,1,0,0,0,0,0
amh_test_track_c_01101,1,0,0,0,0,0
amh_test_track_c_01102,1,1,0,0,0,0
amh_test_track_c_01103,0,1,0,0,0,0
amh_test_track_c_01104,0,0,0,1,0,0
amh_test_track_c_01105,0,1,0,0,0,0
amh_test_track_c_01106,0,0,0,0,1,0
amh_test_track_c_01107,0,1,0,0,0,0
amh_test_track_c_01108,0,0,0,1,0,0
amh_test_track_c_01109,0,1,0,0,0,0
amh_test_track_c_01110,1,0,0,0,1,0
amh_test_track_c_01111,0,0,0,0,0,0
amh_test_track_c_01112,0,0,0,0,0,0
amh_test_track_c_01113,0,1,0,0,0,0
amh_test_track_c_01114,1,1,0,0,0,0
amh_test_track_c_01115,1,1,0,0,0,0
amh_test_track_c_01116,0,0,0,1,0,0
amh_test_track_c_01117,1,1,0,0,0,0
amh_test_track_c_01118,1,1,0,0,0,0
amh_test_track_c_01119,0,0,0,0,0,0
amh_test_track_c_01120,0,0,0,0,0,0
amh_test_track_c_01121,0,1,0,0,0,0
amh_test_track_c_01122,0,0,0,1,0,0
amh_test_track_c_01123,0,0,0,1,0,0
amh_test_track_c_01124,0,0,0,0,0,0
amh_test_track_c_01125,0,1,0,0,0,0
amh_test_track_c_01126,0,0,0,0,1,0
amh_test_track_c_01127,1,1,0,0,0,0
amh_test_track_c_01128,1,1,0,0,1,0
amh_test_track_c_01129,0,0,0,0,1,0
amh_test_track_c_01130,1,1,0,0,1,0
amh_test_track_c_01131,1,1,0,0,0,0
amh_test_track_c_01132,1,1,0,0,0,0
amh_test_track_c_01133,0,0,0,0,0,0
amh_test_track_c_01134,0,0,0,0,1,0
amh_test_track_c_01135,0,0,0,0,0,0
amh_test_track_c_01136,0,0,0,0,1,0
amh_test_track_c_01137,1,1,0,0,0,0
amh_test_track_c_01138,0,0,0,0,0,0
amh_test_track_c_01139,0,0,0,1,0,0
amh_test_track_c_01140,0,1,0,0,0,0
amh_test_track_c_01141,0,0,0,0,0,0
amh_test_track_c_01142,1,1,0,0,0,0
amh_test_track_c_01143,0,0,0,0,0,0
amh_test_track_c_01144,0,0,0,0,1,0
amh_test_track_c_01145,0,0,0,0,0,0
amh_test_track_c_01146,0,1,0,0,0,0
amh_test_track_c_01147,0,1,0,0,0,0
amh_test_track_c_01148,1,1,0,0,0,0
amh_test_track_c_01149,1,0,0,0,1,0
amh_test_track_c_01150,0,0,0,0,1,0
amh_test_track_c_01151,0,0,0,0,0,0
amh_test_track_c_01152,0,1,0,0,0,0
amh_test_track_c_01153,0,0,0,1,0,0
amh_test_track_c_01154,0,0,0,0,0,0
amh_test_track_c_01155,0,0,0,0,0,0
amh_test_track_c_01156,1,1,0,0,0,0
amh_test_track_c_01157,1,0,0,0,0,0
amh_test_track_c_01158,0,0,0,0,1,0
amh_test_track_c_01159,0,0,0,0,1,0
amh_test_track_c_01160,1,0,0,0,0,0
amh_test_track_c_01161,0,1,0,0,0,0
amh_test_track_c_01162,0,0,0,0,1,0
amh_test_track_c_01163,1,0,0,0,0,0
amh_test_track_c_01164,1,1,0,0,0,0
amh_test_track_c_01165,0,1,0,0,0,1
amh_test_track_c_01166,1,0,0,0,0,0
amh_test_track_c_01167,1,1,0,0,0,0
amh_test_track_c_01168,0,1,0,0,0,0
amh_test_track_c_01169,0,1,0,0,0,0
amh_test_track_c_01170,0,0,0,0,0,0
amh_test_track_c_01171,0,1,0,0,0,0
amh_test_track_c_01172,0,0,1,0,0,0
amh_test_track_c_01173,1,1,0,0,0,0
amh_test_track_c_01174,1,1,0,0,0,0
amh_test_track_c_01175,0,0,0,0,1,0
amh_test_track_c_01176,0,1,0,0,0,0
amh_test_track_c_01177,0,0,0,1,0,0
amh_test_track_c_01178,1,1,0,0,1,0
amh_test_track_c_01179,0,0,1,0,0,0
amh_test_track_c_01180,0,0,0,0,1,0
amh_test_track_c_01181,0,0,0,0,0,0
amh_test_track_c_01182,0,0,0,0,1,0
amh_test_track_c_01183,1,1,0,0,0,0
amh_test_track_c_01184,0,0,0,0,1,0
amh_test_track_c_01185,1,1,0,0,1,0
amh_test_track_c_01186,0,1,0,0,0,0
amh_test_track_c_01187,1,1,0,0,0,0
amh_test_track_c_01188,0,1,0,0,0,0
amh_test_track_c_01189,0,0,0,1,0,0
amh_test_track_c_01190,0,0,0,0,0,0
amh_test_track_c_01191,0,0,0,0,0,0
amh_test_track_c_01192,0,0,0,0,0,0
amh_test_track_c_01193,0,0,0,0,1,0
amh_test_track_c_01194,1,1,0,0,0,0
amh_test_track_c_01195,0,0,0,0,1,0
amh_test_track_c_01196,0,0,0,0,0,0
amh_test_track_c_01197,0,1,0,0,0,0
amh_test_track_c_01198,0,1,0,0,0,0
amh_test_track_c_01199,0,0,0,0,1,0
amh_test_track_c_01200,0,0,0,0,0,0
amh_test_track_c_01201,0,0,1,0,0,0
amh_test_track_c_01202,1,1,0,0,1,0
amh_test_track_c_01203,0,0,0,0,1,0
amh_test_track_c_01204,0,0,0,0,0,0
amh_test_track_c_01205,0,0,0,1,0,0
amh_test_track_c_01206,1,1,0,0,0,0
amh_test_track_c_01207,0,0,0,0,0,0
amh_test_track_c_01208,0,0,0,0,0,1
amh_test_track_c_01209,0,0,0,0,0,0
amh_test_track_c_01210,1,1,0,0,1,0
amh_test_track_c_01211,1,0,0,0,0,0
amh_test_track_c_01212,0,1,0,0,0,0
amh_test_track_c_01213,0,0,0,0,0,0
amh_test_track_c_01214,0,0,1,0,0,0
amh_test_track_c_01215,1,1,0,0,0,0
amh_test_track_c_01216,0,0,0,1,0,1
amh_test_track_c_01217,0,0,0,1,0,0
amh_test_track_c_01218,0,0,0,1,0,0
amh_test_track_c_01219,0,0,0,0,1,0
amh_test_track_c_01220,1,0,0,0,0,0
amh_test_track_c_01221,1,0,0,0,1,0
amh_test_track_c_01222,0,1,0,0,0,0
amh_test_track_c_01223,1,1,0,0,0,0
amh_test_track_c_01224,0,0,0,0,0,0
amh_test_track_c_01225,1,1,0,0,0,0
amh_test_track_c_01226,1,0,0,0,0,0
amh_test_track_c_01227,0,0,0,1,0,0
amh_test_track_c_01228,0,0,0,0,0,1
amh_test_track_c_01229,0,0,0,1,0,0
amh_test_track_c_01230,1,1,0,0,0,0
amh_test_track_c_01231,0,0,0,0,0,0
amh_test_track_c_01232,0,0,0,0,1,0
amh_test_track_c_01233,1,0,0,0,0,0
amh_test_track_c_01234,1,1,0,0,0,0
amh_test_track_c_01235,1,0,0,0,0,0
amh_test_track_c_01236,1,0,0,0,0,0
amh_test_track_c_01237,0,0,0,0,1,0
amh_test_track_c_01238,0,0,0,0,0,0
amh_test_track_c_01239,0,1,0,0,0,0
amh_test_track_c_01240,0,1,0,1,0,0
amh_test_track_c_01241,1,0,0,0,1,0
amh_test_track_c_01242,0,1,0,0,0,0
amh_test_track_c_01243,0,1,0,0,0,0
amh_test_track_c_01244,0,0,0,0,1,0
amh_test_track_c_01245,0,0,0,0,1,0
amh_test_track_c_01246,0,0,0,0,0,0
amh_test_track_c_01247,0,0,0,0,1,1
amh_test_track_c_01248,1,1,0,0,0,0
amh_test_track_c_01249,1,0,0,0,1,0
amh_test_track_c_01250,1,1,0,0,0,0
amh_test_track_c_01251,0,1,0,0,0,0
amh_test_track_c_01252,0,0,0,0,0,0
amh_test_track_c_01253,0,0,0,0,0,0
amh_test_track_c_01254,1,1,0,0,0,0
amh_test_track_c_01255,0,0,0,0,0,0
amh_test_track_c_01256,1,0,0,0,1,0
amh_test_track_c_01257,0,0,0,0,1,0
amh_test_track_c_01258,0,0,0,1,0,1
amh_test_track_c_01259,0,0,0,1,0,0
amh_test_track_c_01260,0,1,0,0,0,0
amh_test_track_c_01261,0,0,0,0,1,0
amh_test_track_c_01262,1,1,0,0,0,0
amh_test_track_c_01263,0,0,0,1,1,0
amh_test_track_c_01264,0,1,0,0,0,0
amh_test_track_c_01265,0,0,0,0,0,0
amh_test_track_c_01266,0,0,0,1,0,0
amh_test_track_c_01267,0,1,0,0,0,0
amh_test_track_c_01268,1,0,0,0,1,0
amh_test_track_c_01269,1,0,0,0,0,1
amh_test_track_c_01270,0,0,0,0,1,0
amh_test_track_c_01271,0,0,0,1,0,0
amh_test_track_c_01272,0,0,0,0,0,0
amh_test_track_c_01273,1,0,0,0,0,0
amh_test_track_c_01274,1,0,0,0,0,0
amh_test_track_c_01275,0,1,0,0,1,0
amh_test_track_c_01276,0,1,0,0,1,0
amh_test_track_c_01277,1,0,0,0,0,0
amh_test_track_c_01278,0,0,0,1,0,1
amh_test_track_c_01279,0,1,0,0,0,0
amh_test_track_c_01280,0,0,0,0,0,0
amh_test_track_c_01281,0,0,0,0,1,0
amh_test_track_c_01282,0,0,0,0,0,0
amh_test_track_c_01283,0,0,0,1,0,0
amh_test_track_c_01284,1,1,0,0,0,0
amh_test_track_c_01285,0,0,0,1,0,0
amh_test_track_c_01286,0,0,0,0,1,0
amh_test_track_c_01287,0,0,0,0,1,0
amh_test_track_c_01288,0,0,0,1,0,0
amh_test_track_c_01289,0,0,0,0,0,0
amh_test_track_c_01290,0,0,0,0,0,0
amh_test_track_c_01291,0,0,0,0,1,0
amh_test_track_c_01292,1,0,0,0,0,0
amh_test_track_c_01293,1,1,0,0,0,0
amh_test_track_c_01294,1,1,0,0,0,0
amh_test_track_c_01295,0,0,0,0,0,0
amh_test_track_c_01296,0,0,0,1,0,0
amh_test_track_c_01297,1,0,0,0,1,0
amh_test_track_c_01298,0,1,0,0,0,0
amh_test_track_c_01299,0,0,0,0,0,0
amh_test_track_c_01300,1,1,0,0,0,0
amh_test_track_c_01301,1,1,0,0,0,0
amh_test_track_c_01302,0,0,0,1,0,0
amh_test_track_c_01303,1,1,0,0,0,0
amh_test_track_c_01304,0,0,0,0,1,0
amh_test_track_c_01305,0,0,0,0,0,0
amh_test_track_c_01306,1,1,0,0,0,0
amh_test_track_c_01307,0,0,0,0,0,0
amh_test_track_c_01308,1,1,0,0,1,0
amh_test_track_c_01309,1,1,0,0,0,0
amh_test_track_c_01310,0,0,0,0,0,0
amh_test_track_c_01311,1,1,0,0,0,0
amh_test_track_c_01312,0,1,0,0,0,0
amh_test_track_c_01313,0,0,0,0,0,0
amh_test_track_c_01314,0,0,0,0,0,0
amh_test_track_c_01315,0,1,1,0,0,0
amh_test_track_c_01316,0,0,0,0,0,0
amh_test_track_c_01317,0,0,0,0,0,0
amh_test_track_c_01318,0,0,0,1,0,0
amh_test_track_c_01319,1,1,0,0,0,0
amh_test_track_c_01320,0,0,0,0,0,1
amh_test_track_c_01321,1,0,0,0,0,0
amh_test_track_c_01322,0,0,0,0,0,0
amh_test_track_c_01323,1,0,0,0,0,0
amh_test_track_c_01324,0,0,0,0,1,0
amh_test_track_c_01325,0,1,0,0,0,0
amh_test_track_c_01326,1,0,0,0,0,0
amh_test_track_c_01327,0,1,0,0,0,0
amh_test_track_c_01328,1,1,0,0,0,0
amh_test_track_c_01329,0,0,0,1,0,0
amh_test_track_c_01330,0,0,0,0,1,0
amh_test_track_c_01331,1,1,0,0,0,0
amh_test_track_c_01332,1,0,0,0,0,0
amh_test_track_c_01333,0,1,0,0,0,0
amh_test_track_c_01334,0,0,0,0,0,0
amh_test_track_c_01335,0,0,0,1,0,0
amh_test_track_c_01336,0,1,0,0,0,0
amh_test_track_c_01337,0,0,0,0,1,0
amh_test_track_c_01338,0,1,0,0,0,0
amh_test_track_c_01339,0,0,0,0,0,0
amh_test_track_c_01340,0,1,0,0,0,0
amh_test_track_c_01341,0,0,0,0,0,0
amh_test_track_c_01342,0,0,0,1,0,0
amh_test_track_c_01343,1,1,0,0,0,0
amh_test_track_c_01344,1,1,0,0,0,0
amh_test_track_c_01345,0,0,0,0,0,0
amh_test_track_c_01346,1,0,1,0,0,0
amh_test_track_c_01347,1,1,0,0,0,0
amh_test_track_c_01348,0,0,0,0,0,0
amh_test_track_c_01349,0,1,0,0,0,0
amh_test_track_c_01350,1,0,0,0,0,1
amh_test_track_c_01351,1,1,0,0,0,1
amh_test_track_c_01352,0,0,0,0,1,0
amh_test_track_c_01353,0,1,0,0,0,0
amh_test_track_c_01354,0,1,0,0,0,0
amh_test_track_c_01355,0,1,0,0,0,0
amh_test_track_c_01356,0,1,0,0,0,0
amh_test_track_c_01357,0,1,0,0,0,0
amh_test_track_c_01358,0,0,0,1,0,0
amh_test_track_c_01359,0,1,0,0,0,0
amh_test_track_c_01360,1,1,0,0,0,0
amh_test_track_c_01361,0,0,0,0,0,0
amh_test_track_c_01362,1,1,0,0,0,0
amh_test_track_c_01363,0,1,0,0,0,0
amh_test_track_c_01364,1,1,0,0,0,0
amh_test_track_c_01365,0,1,0,0,0,0
amh_test_track_c_01366,0,0,0,1,0,1
amh_test_track_c_01367,0,0,0,0,0,0
amh_test_track_c_01368,1,1,0,0,0,0
amh_test_track_c_01369,0,0,0,0,1,0
amh_test_track_c_01370,0,0,0,0,0,0
amh_test_track_c_01371,0,1,0,0,0,0
amh_test_track_c_01372,0,0,0,0,1,0
amh_test_track_c_01373,0,0,0,0,0,0
amh_test_track_c_01374,0,1,0,0,0,0
amh_test_track_c_01375,0,0,0,1,0,0
amh_test_track_c_01376,0,0,0,0,0,0
amh_test_track_c_01377,0,0,0,1,0,0
amh_test_track_c_01378,0,0,0,0,1,0
amh_test_track_c_01379,1,1,0,0,0,0
amh_test_track_c_01380,1,0,0,0,0,0
amh_test_track_c_01381,0,0,0,0,0,0
amh_test_track_c_01382,0,0,0,0,0,0
amh_test_track_c_01383,0,0,0,0,0,0
amh_test_track_c_01384,0,1,0,0,0,0
amh_test_track_c_01385,0,0,1,0,0,0
amh_test_track_c_01386,1,1,0,0,0,0
amh_test_track_c_01387,0,0,0,0,0,0
amh_test_track_c_01388,0,0,0,0,1,0
amh_test_track_c_01389,0,0,0,0,0,0
amh_test_track_c_01390,0,0,0,0,0,0
amh_test_track_c_01391,0,0,0,1,0,0
amh_test_track_c_01392,0,0,0,1,0,0
amh_test_track_c_01393,0,0,0,0,0,0
amh_test_track_c_01394,0,0,0,1,0,0
amh_test_track_c_01395,0,1,0,0,0,1
amh_test_track_c_01396,1,1,0,0,0,0
amh_test_track_c_01397,0,1,0,0,0,0
amh_test_track_c_01398,1,0,0,0,0,0
amh_test_track_c_01399,0,0,0,0,0,0
amh_test_track_c_01400,0,0,0,0,1,0
amh_test_track_c_01401,0,0,0,0,0,0
amh_test_track_c_01402,0,1,0,0,0,0
amh_test_track_c_01403,0,0,1,0,1,0
amh_test_track_c_01404,0,0,0,0,1,1
amh_test_track_c_01405,1,1,0,0,0,0
amh_test_track_c_01406,1,0,0,0,1,0
amh_test_track_c_01407,1,0,0,0,0,0
amh_test_track_c_01408,0,0,1,0,0,0
amh_test_track_c_01409,0,1,0,0,0,0
amh_test_track_c_01410,0,0,0,1,0,0
amh_test_track_c_01411,1,0,0,0,1,0
amh_test_track_c_01412,0,0,0,0,0,0
amh_test_track_c_01413,0,1,0,0,0,0
amh_test_track_c_01414,0,0,0,0,1,0
amh_test_track_c_01415,0,0,0,0,0,0
amh_test_track_c_01416,0,0,0,0,0,0
amh_test_track_c_01417,0,0,0,0,0,0
amh_test_track_c_01418,1,1,0,0,0,0
amh_test_track_c_01419,0,0,0,0,0,0
amh_test_track_c_01420,0,0,0,0,0,0
amh_test_track_c_01421,0,0,0,0,1,0
amh_test_track_c_01422,0,0,0,0,0,0
amh_test_track_c_01423,1,1,0,0,0,0
amh_test_track_c_01424,1,1,0,0,0,0
amh_test_track_c_01425,1,0,0,0,0,0
amh_test_track_c_01426,0,0,0,0,0,0
amh_test_track_c_01427,1,0,0,0,0,0
amh_test_track_c_01428,0,0,0,0,0,0
amh_test_track_c_01429,0,0,0,1,0,0
amh_test_track_c_01430,1,1,0,0,1,0
amh_test_track_c_01431,0,0,0,1,0,0
amh_test_track_c_01432,1,1,0,0,0,0
amh_test_track_c_01433,0,1,0,0,0,0
amh_test_track_c_01434,1,0,0,0,0,0
amh_test_track_c_01435,0,0,0,1,0,0
amh_test_track_c_01436,0,1,0,0,0,0
amh_test_track_c_01437,0,1,0,0,0,0
amh_test_track_c_01438,0,1,0,0,0,0
amh_test_track_c_01439,0,0,0,0,0,0
amh_test_track_c_01440,1,1,0,0,0,0
amh_test_track_c_01441,0,0,0,1,0,0
amh_test_track_c_01442,0,1,0,0,0,0
amh_test_track_c_01443,0,0,0,0,1,0
amh_test_track_c_01444,0,0,0,0,0,0
amh_test_track_c_01445,1,1,0,0,0,0
amh_test_track_c_01446,0,1,0,0,0,0
amh_test_track_c_01447,0,1,0,0,0,0
amh_test_track_c_01448,0,0,0,0,0,0
amh_test_track_c_01449,1,1,0,0,0,0
amh_test_track_c_01450,0,0,0,0,0,0
amh_test_track_c_01451,0,0,0,0,1,0
amh_test_track_c_01452,0,0,0,1,0,0
amh_test_track_c_01453,1,0,0,0,0,0
amh_test_track_c_01454,0,0,0,1,0,0
amh_test_track_c_01455,0,0,0,1,0,0
amh_test_track_c_01456,0,0,1,0,0,0
amh_test_track_c_01457,0,0,0,0,0,0
amh_test_track_c_01458,0,0,1,0,0,0
amh_test_track_c_01459,0,0,0,1,1,0
amh_test_track_c_01460,1,1,0,0,0,0
amh_test_track_c_01461,0,0,0,0,1,0
amh_test_track_c_01462,0,1,0,0,0,0
amh_test_track_c_01463,1,1,0,0,0,0
amh_test_track_c_01464,1,1,0,0,0,0
amh_test_track_c_01465,0,0,0,0,1,0
amh_test_track_c_01466,0,0,0,0,0,0
amh_test_track_c_01467,1,1,0,0,0,0
amh_test_track_c_01468,1,1,0,0,1,0
amh_test_track_c_01469,0,1,0,0,0,0
amh_test_track_c_01470,0,0,0,0,1,0
amh_test_track_c_01471,0,0,0,0,0,0
amh_test_track_c_01472,0,0,0,0,1,0
amh_test_track_c_01473,1,0,0,0,1,0
amh_test_track_c_01474,0,1,0,0,0,0
amh_test_track_c_01475,0,0,0,0,0,1
amh_test_track_c_01476,0,1,0,0,0,0
amh_test_track_c_01477,0,1,0,0,0,0
amh_test_track_c_01478,1,1,0,0,0,0
amh_test_track_c_01479,0,0,0,0,1,0
amh_test_track_c_01480,1,0,0,0,0,0
amh_test_track_c_01481,0,0,0,0,0,0
amh_test_track_c_01482,0,0,0,1,0,1
amh_test_track_c_01483,0,1,0,0,0,0
amh_test_track_c_01484,0,0,0,1,0,0
amh_test_track_c_01485,0,0,0,0,0,0
amh_test_track_c_01486,0,0,0,0,0,0
amh_test_track_c_01487,0,0,0,0,0,0
amh_test_track_c_01488,0,1,0,0,0,0
amh_test_track_c_01489,0,0,0,0,0,0
amh_test_track_c_01490,1,0,0,0,0,0
amh_test_track_c_01491,0,0,0,0,1,0
amh_test_track_c_01492,1,0,0,0,0,0
amh_test_track_c_01493,0,1,0,0,0,0
amh_test_track_c_01494,0,0,0,0,0,0
amh_test_track_c_01495,0,0,0,1,0,0
amh_test_track_c_01496,0,0,0,0,0,0
amh_test_track_c_01497,0,0,0,0,1,0
amh_test_track_c_01498,0,1,0,0,0,0
amh_test_track_c_01499,1,0,0,0,0,0
amh_test_track_c_01500,0,0,0,0,0,0
amh_test_track_c_01501,0,0,0,0,1,0
amh_test_track_c_01502,0,0,0,0,0,0
amh_test_track_c_01503,0,0,0,0,0,0
amh_test_track_c_01504,1,0,0,0,0,0
amh_test_track_c_01505,1,1,0,1,0,0
amh_test_track_c_01506,0,0,0,0,1,0
amh_test_track_c_01507,0,1,0,0,0,0
amh_test_track_c_01508,0,1,0,0,0,0
amh_test_track_c_01509,0,0,0,0,0,0
amh_test_track_c_01510,0,0,0,0,0,0
amh_test_track_c_01511,1,1,0,0,0,0
amh_test_track_c_01512,0,1,0,0,0,0
amh_test_track_c_01513,0,1,0,0,0,0
amh_test_track_c_01514,0,0,0,0,1,0
amh_test_track_c_01515,0,0,0,0,0,0
amh_test_track_c_01516,1,1,1,0,0,0
amh_test_track_c_01517,1,1,0,0,0,0
amh_test_track_c_01518,1,0,0,0,1,0
amh_test_track_c_01519,0,0,0,0,1,0
amh_test_track_c_01520,0,0,0,0,0,0
amh_test_track_c_01521,0,0,0,0,0,0
amh_test_track_c_01522,1,0,0,0,1,0
amh_test_track_c_01523,1,0,0,0,0,0
amh_test_track_c_01524,0,0,1,0,0,0
amh_test_track_c_01525,0,0,0,0,1,0
amh_test_track_c_01526,0,0,0,0,0,0
amh_test_track_c_01527,0,1,0,0,0,0
amh_test_track_c_01528,0,0,0,1,0,0
amh_test_track_c_01529,0,1,0,0,0,0
amh_test_track_c_01530,1,1,0,0,0,0
amh_test_track_c_01531,0,1,0,0,0,0
amh_test_track_c_01532,0,0,0,0,0,0
amh_test_track_c_01533,1,1,0,0,0,0
amh_test_track_c_01534,0,1,0,0,0,0
amh_test_track_c_01535,0,0,0,0,1,0
amh_test_track_c_01536,0,1,0,0,0,0
amh_test_track_c_01537,1,1,0,0,0,0
amh_test_track_c_01538,1,1,0,0,0,0
amh_test_track_c_01539,0,0,0,0,1,0
amh_test_track_c_01540,0,1,0,0,0,0
amh_test_track_c_01541,1,0,0,0,1,0
amh_test_track_c_01542,0,1,0,0,0,0
amh_test_track_c_01543,0,1,0,1,0,0
amh_test_track_c_01544,0,1,0,0,1,0
amh_test_track_c_01545,0,0,0,1,0,0
amh_test_track_c_01546,0,0,0,0,1,0
amh_test_track_c_01547,1,1,0,0,0,0
amh_test_track_c_01548,1,1,0,0,0,1
amh_test_track_c_01549,1,1,0,0,0,0
amh_test_track_c_01550,1,1,0,0,0,0
amh_test_track_c_01551,0,0,0,0,0,1
amh_test_track_c_01552,0,0,1,0,0,1
amh_test_track_c_01553,0,1,0,0,0,0
amh_test_track_c_01554,0,0,0,0,1,0
amh_test_track_c_01555,0,0,0,0,0,0
amh_test_track_c_01556,0,0,0,0,0,0
amh_test_track_c_01557,0,0,0,0,1,0
amh_test_track_c_01558,0,0,0,0,0,0
amh_test_track_c_01559,0,0,0,0,0,0
amh_test_track_c_01560,0,0,0,0,0,0
amh_test_track_c_01561,0,1,0,0,0,0
amh_test_track_c_01562,0,0,0,0,0,0
amh_test_track_c_01563,0,1,0,0,0,0
amh_test_track_c_01564,1,0,0,0,0,0
amh_test_track_c_01565,0,0,0,0,0,0
amh_test_track_c_01566,1,0,0,0,0,0
amh_test_track_c_01567,0,0,0,0,0,0
amh_test_track_c_01568,0,1,0,0,0,0
amh_test_track_c_01569,1,0,0,0,0,0
amh_test_track_c_01570,0,0,0,1,0,0
amh_test_track_c_01571,1,1,0,0,0,0
amh_test_track_c_01572,0,0,0,1,0,1
amh_test_track_c_01573,0,0,0,0,0,0
amh_test_track_c_01574,0,0,0,0,0,0
amh_test_track_c_01575,0,0,0,0,1,0
amh_test_track_c_01576,0,0,0,0,0,1
amh_test_track_c_01577,0,0,0,1,0,1
amh_test_track_c_01578,0,0,0,0,1,0
amh_test_track_c_01579,0,1,0,0,0,0
amh_test_track_c_01580,0,1,0,0,0,0
amh_test_track_c_01581,0,0,0,0,0,0
amh_test_track_c_01582,0,0,0,1,0,0
amh_test_track_c_01583,0,0,0,0,0,0
amh_test_track_c_01584,1,1,0,0,0,0
amh_test_track_c_01585,1,1,0,0,0,0
amh_test_track_c_01586,0,1,0,0,0,0
amh_test_track_c_01587,0,0,0,0,0,0
amh_test_track_c_01588,0,0,0,0,0,0
amh_test_track_c_01589,0,0,0,0,1,0
amh_test_track_c_01590,0,1,0,0,0,0
amh_test_track_c_01591,0,0,0,0,0,0
amh_test_track_c_01592,1,0,0,0,1,0
amh_test_track_c_01593,0,1,0,0,1,0
amh_test_track_c_01594,0,1,0,0,0,0
amh_test_track_c_01595,1,1,0,0,0,0
amh_test_track_c_01596,0,0,0,0,0,0
amh_test_track_c_01597,0,0,0,0,1,0
amh_test_track_c_01598,0,0,0,1,0,0
amh_test_track_c_01599,0,0,0,0,0,0
amh_test_track_c_01600,0,0,0,0,0,0
amh_test_track_c_01601,0,0,0,1,0,0
amh_test_track_c_01602,1,1,0,0,0,0
amh_test_track_c_01603,1,1,0,0,0,0
amh_test_track_c_01604,0,0,0,0,0,0
amh_test_track_c_01605,0,0,0,1,0,0
amh_test_track_c_01606,1,1,0,0,0,0
amh_test_track_c_01607,1,1,0,0,0,0
amh_test_track_c_01608,0,0,0,1,0,0
amh_test_track_c_01609,0,0,0,0,1,0
amh_test_track_c_01610,1,1,0,0,0,0
amh_test_track_c_01611,0,1,0,0,1,0
amh_test_track_c_01612,0,0,0,0,0,0
amh_test_track_c_01613,0,0,0,1,0,0
amh_test_track_c_01614,0,0,0,1,0,0
amh_test_track_c_01615,0,0,0,1,0,0
amh_test_track_c_01616,0,1,0,0,0,0
amh_test_track_c_01617,0,1,0,0,0,0
amh_test_track_c_01618,0,0,0,0,0,0
amh_test_track_c_01619,0,0,0,0,0,0
amh_test_track_c_01620,1,1,0,0,1,0
amh_test_track_c_01621,0,0,0,0,0,0
amh_test_track_c_01622,0,0,0,0,1,0
amh_test_track_c_01623,0,0,0,0,1,0
amh_test_track_c_01624,0,0,0,0,1,0
amh_test_track_c_01625,0,0,0,0,1,0
amh_test_track_c_01626,0,0,0,0,0,0
amh_test_track_c_01627,1,1,0,0,0,0
amh_test_track_c_01628,0,0,0,0,0,0
amh_test_track_c_01629,0,0,0,0,0,0
amh_test_track_c_01630,1,0,0,0,0,0
amh_test_track_c_01631,0,1,0,0,0,0
amh_test_track_c_01632,0,0,0,0,0,0
amh_test_track_c_01633,0,0,0,1,0,0
amh_test_track_c_01634,1,1,0,0,0,0
amh_test_track_c_01635,1,1,0,0,0,0
amh_test_track_c_01636,0,0,0,0,0,0
amh_test_track_c_01637,0,0,0,0,0,1
amh_test_track_c_01638,0,0,0,0,1,0
amh_test_track_c_01639,0,1,0,0,0,0
amh_test_track_c_01640,1,1,0,0,0,0
amh_test_track_c_01641,0,0,0,1,0,0
amh_test_track_c_01642,0,1,0,0,1,0
amh_test_track_c_01643,0,0,0,0,1,0
amh_test_track_c_01644,0,0,0,0,0,0
amh_test_track_c_01645,0,0,0,0,0,0
amh_test_track_c_01646,1,1,0,0,0,0
amh_test_track_c_01647,0,0,0,0,1,0
amh_test_track_c_01648,0,0,0,1,0,0
amh_test_track_c_01649,0,0,0,1,0,0
amh_test_track_c_01650,1,1,0,0,0,0
amh_test_track_c_01651,0,1,0,0,0,0
amh_test_track_c_01652,0,0,0,0,0,0
amh_test_track_c_01653,1,0,0,0,0,0
amh_test_track_c_01654,1,0,0,0,0,0
amh_test_track_c_01655,0,0,0,0,1,0
amh_test_track_c_01656,0,0,0,0,0,0
amh_test_track_c_01657,1,1,0,0,0,0
amh_test_track_c_01658,0,1,0,0,0,0
amh_test_track_c_01659,0,0,0,1,0,0
amh_test_track_c_01660,1,0,0,0,0,0
amh_test_track_c_01661,0,1,0,0,0,0
amh_test_track_c_01662,0,0,0,0,1,0
amh_test_track_c_01663,0,0,0,0,0,0
amh_test_track_c_01664,1,0,0,0,1,0
amh_test_track_c_01665,0,1,0,0,0,0
amh_test_track_c_01666,1,1,0,0,0,0
amh_test_track_c_01667,1,0,0,0,0,0
amh_test_track_c_01668,0,0,0,1,0,0
amh_test_track_c_01669,1,1,0,0,0,0
amh_test_track_c_01670,0,0,0,0,0,0
amh_test_track_c_01671,0,0,0,0,0,0
amh_test_track_c_01672,0,0,0,0,1,0
amh_test_track_c_01673,0,1,0,0,0,0
amh_test_track_c_01674,1,1,0,0,0,0
amh_test_track_c_01675,0,0,0,1,0,0
amh_test_track_c_01676,0,0,0,0,1,0
amh_test_track_c_01677,0,0,0,0,1,0
amh_test_track_c_01678,0,0,0,0,0,0
amh_test_track_c_01679,1,1,0,0,1,0
amh_test_track_c_01680,0,1,0,0,0,0
amh_test_track_c_01681,0,1,0,0,0,0
amh_test_track_c_01682,1,1,0,0,0,0
amh_test_track_c_01683,1,1,0,0,0,0
amh_test_track_c_01684,0,0,0,0,0,0
amh_test_track_c_01685,1,0,0,0,0,0
amh_test_track_c_01686,0,0,0,0,0,0
amh_test_track_c_01687,0,0,0,0,0,0
amh_test_track_c_01688,0,0,0,0,1,0
amh_test_track_c_01689,0,0,0,0,0,0
amh_test_track_c_01690,0,0,0,0,0,0
amh_test_track_c_01691,1,1,0,0,0,0
amh_test_track_c_01692,0,0,0,0,0,1
amh_test_track_c_01693,0,1,0,0,0,0
amh_test_track_c_01694,1,1,0,0,0,0
amh_test_track_c_01695,0,1,0,0,0,0
amh_test_track_c_01696,0,0,0,0,1,0
amh_test_track_c_01697,1,1,0,0,0,0
amh_test_track_c_01698,0,0,0,1,0,0
amh_test_track_c_01699,0,1,0,0,0,0
amh_test_track_c_01700,1,1,0,0,0,0
amh_test_track_c_01701,0,0,0,0,0,0
amh_test_track_c_01702,0,0,0,0,0,0
amh_test_track_c_01703,0,0,0,0,0,0
amh_test_track_c_01704,0,0,0,0,0,0
amh_test_track_c_01705,0,0,0,0,0,0
amh_test_track_c_01706,0,0,0,0,0,0
amh_test_track_c_01707,0,0,0,1,0,1
amh_test_track_c_01708,1,0,0,0,0,0
amh_test_track_c_01709,1,1,0,0,0,0
amh_test_track_c_01710,1,1,0,0,0,0
amh_test_track_c_01711,0,0,0,1,0,0
amh_test_track_c_01712,1,1,0,0,0,0
amh_test_track_c_01713,0,0,0,0,0,1
amh_test_track_c_01714,1,1,0,0,0,0
amh_test_track_c_01715,0,1,0,1,0,0
amh_test_track_c_01716,0,0,0,1,0,0
amh_test_track_c_01717,1,1,0,0,0,0
amh_test_track_c_01718,0,0,0,0,0,0
amh_test_track_c_01719,1,0,0,0,0,0
amh_test_track_c_01720,0,0,0,1,0,0
amh_test_track_c_01721,1,1,0,0,1,0
amh_test_track_c_01722,0,0,0,1,0,0
amh_test_track_c_01723,0,0,1,0,0,0
amh_test_track_c_01724,0,0,0,0,1,0
amh_test_track_c_01725,1,0,0,0,0,0
amh_test_track_c_01726,1,1,0,0,0,0
amh_test_track_c_01727,1,1,0,0,0,0
amh_test_track_c_01728,1,1,0,0,0,0
amh_test_track_c_01729,1,1,0,0,0,0
amh_test_track_c_01730,0,1,0,0,0,0
amh_test_track_c_01731,0,0,0,0,0,0
amh_test_track_c_01732,1,0,0,0,0,0
amh_test_track_c_01733,1,0,0,0,0,0
amh_test_track_c_01734,1,1,0,0,0,0
amh_test_track_c_01735,0,1,0,0,0,0
amh_test_track_c_01736,0,1,0,0,0,0
amh_test_track_c_01737,0,0,0,0,1,0
amh_test_track_c_01738,0,0,0,0,0,0
amh_test_track_c_01739,0,1,0,0,0,0
amh_test_track_c_01740,1,1,0,0,0,0
amh_test_track_c_01741,0,1,0,0,0,0
amh_test_track_c_01742,0,0,0,0,0,0
amh_test_track_c_01743,0,0,0,0,0,0
amh_test_track_c_01744,0,0,0,0,0,0
amh_test_track_c_01745,0,0,0,0,0,0
amh_test_track_c_01746,1,1,0,0,0,0
amh_test_track_c_01747,0,0,0,0,0,1
amh_test_track_c_01748,0,1,0,0,0,1
amh_test_track_c_01749,0,0,0,0,0,0
amh_test_track_c_01750,0,0,0,0,0,0
amh_test_track_c_01751,0,0,0,1,0,0
amh_test_track_c_01752,1,1,0,0,0,1
amh_test_track_c_01753,1,0,0,0,0,0
amh_test_track_c_01754,0,0,0,0,1,0
amh_test_track_c_01755,0,0,0,1,0,0
amh_test_track_c_01756,0,0,0,0,1,0
amh_test_track_c_01757,1,0,0,0,0,0
amh_test_track_c_01758,0,0,0,0,1,0
amh_test_track_c_01759,0,0,0,0,0,0
amh_test_track_c_01760,1,1,0,0,0,0
amh_test_track_c_01761,0,0,0,0,0,0
amh_test_track_c_01762,1,1,0,0,0,0
amh_test_track_c_01763,1,0,0,0,1,0
amh_test_track_c_01764,0,0,0,0,0,0
amh_test_track_c_01765,1,1,0,0,0,0
amh_test_track_c_01766,0,0,0,0,0,0
amh_test_track_c_01767,0,0,0,0,0,0
amh_test_track_c_01768,1,0,0,0,0,0
amh_test_track_c_01769,0,0,0,0,0,0
amh_test_track_c_01770,0,1,0,0,0,0
amh_test_track_c_01771,1,0,0,0,1,0
amh_test_track_c_01772,0,0,0,0,0,0
amh_test_track_c_01773,0,1,0,0,0,0
amh_test_track_c_01774,1,1,0,0,0,0
