id,anger,fear,joy,sadness,surprise
eng_test_track_c_00001,0,1,0,0,1
eng_test_track_c_00002,0,0,0,0,0
eng_test_track_c_00003,0,1,0,0,0
eng_test_track_c_00004,0,1,0,0,0
eng_test_track_c_00005,0,1,0,0,0
eng_test_track_c_00006,0,0,0,0,0
eng_test_track_c_00007,0,0,0,0,0
eng_test_track_c_00008,0,1,0,1,1
eng_test_track_c_00009,0,1,0,1,0
eng_test_track_c_00010,0,1,0,0,1
eng_test_track_c_00011,0,0,1,0,0
eng_test_track_c_00012,0,0,1,0,0
eng_test_track_c_00013,0,0,0,0,1
eng_test_track_c_00014,0,1,0,0,0
eng_test_track_c_00015,0,1,0,1,0
eng_test_track_c_00016,0,0,0,0,1
eng_test_track_c_00017,0,1,0,1,1
eng_test_track_c_00018,0,0,0,0,0
eng_test_track_c_00019,0,0,1,1,0
eng_test_track_c_00020,0,0,1,0,0
eng_test_track_c_00021,0,1,0,0,1
eng_test_track_c_00022,0,0,0,1,0
eng_test_track_c_00023,0,1,0,0,0
eng_test_track_c_00024,0,1,0,1,1
eng_test_track_c_00025,0,1,0,0,0
eng_test_track_c_00026,0,1,0,0,0
eng_test_track_c_00027,0,1,0,1,0
eng_test_track_c_00028,0,0,0,0,1
eng_test_track_c_00029,0,1,0,0,0
eng_test_track_c_00030,0,1,0,0,1
eng_test_track_c_00031,0,0,0,0,0
eng_test_track_c_00032,0,1,0,1,1
eng_test_track_c_00033,0,0,1,0,0
eng_test_track_c_00034,0,1,0,1,0
eng_test_track_c_00035,0,1,0,0,0
eng_test_track_c_00036,0,0,0,0,1
eng_test_track_c_00037,1,0,0,1,0
eng_test_track_c_00038,0,0,0,0,0
eng_test_track_c_00039,0,1,0,0,1
eng_test_track_c_00040,0,1,0,0,0
eng_test_track_c_00041,0,1,0,0,1
eng_test_track_c_00042,0,1,0,0,0
eng_test_track_c_00043,0,1,0,0,1
eng_test_track_c_00044,0,1,0,1,0
eng_test_track_c_00045,0,0,0,0,0
eng_test_track_c_00046,0,0,0,0,0
eng_test_track_c_00047,0,0,1,0,0
eng_test_track_c_00048,0,1,0,1,0
eng_test_track_c_00049,0,1,0,1,0
eng_test_track_c_00050,0,0,0,1,0
eng_test_track_c_00051,0,0,1,0,0
eng_test_track_c_00052,0,1,0,0,0
eng_test_track_c_00053,0,0,0,0,0
eng_test_track_c_00054,0,0,1,1,0
eng_test_track_c_00055,0,1,0,0,1
eng_test_track_c_00056,0,0,0,0,0
eng_test_track_c_00057,1,0,0,1,0
eng_test_track_c_00058,0,1,0,0,0
eng_test_track_c_00059,0,0,1,0,0
eng_test_track_c_00060,0,0,0,1,0
eng_test_track_c_00061,0,1,0,0,0
eng_test_track_c_00062,0,1,0,1,1
eng_test_track_c_00063,0,1,0,0,0
eng_test_track_c_00064,0,1,0,1,0
eng_test_track_c_00065,0,0,0,0,0
eng_test_track_c_00066,0,1,0,0,0
eng_test_track_c_00067,0,1,0,1,0
eng_test_track_c_00068,0,1,0,1,0
eng_test_track_c_00069,0,0,0,0,0
eng_test_track_c_00070,0,0,0,0,0
eng_test_track_c_00071,0,1,0,0,0
eng_test_track_c_00072,0,0,1,0,0
eng_test_track_c_00073,0,1,0,1,0
eng_test_track_c_00074,0,1,0,0,0
eng_test_track_c_00075,0,1,0,0,1
eng_test_track_c_00076,0,1,0,0,0
eng_test_track_c_00077,0,1,0,1,0
eng_test_track_c_00078,0,1,0,0,0
eng_test_track_c_00079,0,0,0,0,0
eng_test_track_c_00080,0,0,0,0,0
eng_test_track_c_00081,0,1,0,1,0
eng_test_track_c_00082,0,1,0,0,1
eng_test_track_c_00083,0,1,0,0,0
eng_test_track_c_00084,0,1,0,1,0
eng_test_track_c_00085,0,0,1,0,0
eng_test_track_c_00086,0,0,0,0,1
eng_test_track_c_00087,0,0,0,0,0
eng_test_track_c_00088,0,0,0,0,0
eng_test_track_c_00089,0,1,0,0,0
eng_test_track_c_00090,0,1,0,0,0
eng_test_track_c_00091,0,0,0,0,0
eng_test_track_c_00092,0,1,0,0,1
eng_test_track_c_00093,0,1,0,0,0
eng_test_track_c_00094,0,0,0,0,0
eng_test_track_c_00095,0,0,0,0,0
eng_test_track_c_00096,0,1,0,0,0
eng_test_track_c_00097,0,0,0,1,0
eng_test_track_c_00098,1,1,0,0,0
eng_test_track_c_00099,0,1,0,0,0
eng_test_track_c_00100,0,0,0,0,0
eng_test_track_c_00101,0,1,0,1,0
eng_test_track_c_00102,0,1,0,1,0
eng_test_track_c_00103,0,0,0,0,0
eng_test_track_c_00104,0,0,1,0,0
eng_test_track_c_00105,0,1,1,0,0
eng_test_track_c_00106,1,0,0,0,0
eng_test_track_c_00107,0,0,0,0,1
eng_test_track_c_00108,0,1,0,0,0
eng_test_track_c_00109,0,0,0,1,0
eng_test_track_c_00110,0,0,0,1,0
eng_test_track_c_00111,0,1,0,1,1
eng_test_track_c_00112,0,0,1,0,1
eng_test_track_c_00113,0,1,0,0,1
eng_test_track_c_00114,0,1,0,1,1
eng_test_track_c_00115,0,0,0,0,0
eng_test_track_c_00116,0,1,0,0,0
eng_test_track_c_00117,0,1,0,0,0
eng_test_track_c_00118,0,0,1,0,0
eng_test_track_c_00119,0,1,0,0,1
eng_test_track_c_00120,0,0,0,0,0
eng_test_track_c_00121,0,0,1,0,0
eng_test_track_c_00122,0,0,0,0,0
eng_test_track_c_00123,0,1,0,0,1
eng_test_track_c_00124,0,1,0,0,1
eng_test_track_c_00125,0,1,0,1,1
eng_test_track_c_00126,0,1,0,0,1
eng_test_track_c_00127,0,1,0,1,0
eng_test_track_c_00128,0,0,1,0,0
eng_test_track_c_00129,1,1,0,1,0
eng_test_track_c_00130,1,1,0,1,0
eng_test_track_c_00131,0,1,0,0,1
eng_test_track_c_00132,0,1,0,0,1
eng_test_track_c_00133,0,0,1,0,0
eng_test_track_c_00134,0,0,0,1,0
eng_test_track_c_00135,0,1,0,0,0
eng_test_track_c_00136,0,0,0,0,0
eng_test_track_c_00137,0,1,0,1,0
eng_test_track_c_00138,0,1,0,0,0
eng_test_track_c_00139,0,1,0,0,0
eng_test_track_c_00140,0,1,0,1,0
eng_test_track_c_00141,0,1,0,0,0
eng_test_track_c_00142,0,0,1,0,0
eng_test_track_c_00143,0,1,0,0,1
eng_test_track_c_00144,0,1,0,1,0
eng_test_track_c_00145,0,0,0,0,0
eng_test_track_c_00146,0,0,1,0,0
eng_test_track_c_00147,0,0,0,0,0
eng_test_track_c_00148,0,0,1,0,0
eng_test_track_c_00149,0,1,0,0,0
eng_test_track_c_00150,0,0,0,1,0
eng_test_track_c_00151,0,1,0,0,0
eng_test_track_c_00152,0,1,0,1,1
eng_test_track_c_00153,0,0,0,0,0
eng_test_track_c_00154,0,1,0,0,1
eng_test_track_c_00155,0,0,0,0,1
eng_test_track_c_00156,0,1,0,0,1
eng_test_track_c_00157,0,1,0,1,0
eng_test_track_c_00158,1,0,0,1,0
eng_test_track_c_00159,0,0,0,0,0
eng_test_track_c_00160,0,1,0,0,1
eng_test_track_c_00161,0,1,0,1,0
eng_test_track_c_00162,0,1,0,1,0
eng_test_track_c_00163,1,1,0,0,0
eng_test_track_c_00164,0,1,0,0,0
eng_test_track_c_00165,0,0,1,0,0
eng_test_track_c_00166,0,1,0,0,0
eng_test_track_c_00167,1,1,0,1,0
eng_test_track_c_00168,1,1,0,0,1
eng_test_track_c_00169,0,1,0,0,1
eng_test_track_c_00170,0,0,1,0,0
eng_test_track_c_00171,0,1,0,1,0
eng_test_track_c_00172,0,1,0,0,0
eng_test_track_c_00173,0,1,0,0,0
eng_test_track_c_00174,0,1,0,0,1
eng_test_track_c_00175,0,0,0,0,1
eng_test_track_c_00176,0,0,0,0,0
eng_test_track_c_00177,0,1,0,0,0
eng_test_track_c_00178,0,0,1,0,1
eng_test_track_c_00179,0,0,0,1,0
eng_test_track_c_00180,0,1,0,1,0
eng_test_track_c_00181,0,1,0,0,0
eng_test_track_c_00182,1,1,0,0,1
eng_test_track_c_00183,0,0,1,0,0
eng_test_track_c_00184,1,1,0,0,0
eng_test_track_c_00185,0,1,0,1,0
eng_test_track_c_00186,0,1,0,1,1
eng_test_track_c_00187,0,1,0,1,0
eng_test_track_c_00188,0,1,0,0,0
eng_test_track_c_00189,1,0,0,0,0
eng_test_track_c_00190,0,1,0,0,1
eng_test_track_c_00191,0,1,0,0,0
eng_test_track_c_00192,0,0,0,1,0
eng_test_track_c_00193,0,1,0,1,0
eng_test_track_c_00194,0,0,1,0,0
eng_test_track_c_00195,0,0,0,0,0
eng_test_track_c_00196,1,1,0,0,0
eng_test_track_c_00197,0,1,0,0,1
eng_test_track_c_00198,0,0,1,0,0
eng_test_track_c_00199,0,0,0,0,0
eng_test_track_c_00200,0,0,0,0,1
eng_test_track_c_00201,0,0,0,1,0
eng_test_track_c_00202,0,0,0,0,1
eng_test_track_c_00203,0,0,1,0,1
eng_test_track_c_00204,1,1,0,1,0
eng_test_track_c_00205,0,0,0,1,0
eng_test_track_c_00206,0,0,1,0,0
eng_test_track_c_00207,0,0,0,1,0
eng_test_track_c_00208,0,1,0,0,1
eng_test_track_c_00209,0,1,0,0,1
eng_test_track_c_00210,0,1,0,1,0
eng_test_track_c_00211,0,0,0,0,0
eng_test_track_c_00212,0,1,0,0,1
eng_test_track_c_00213,0,0,0,0,0
eng_test_track_c_00214,0,1,0,0,1
eng_test_track_c_00215,0,1,0,1,0
eng_test_track_c_00216,0,1,0,1,1
eng_test_track_c_00217,0,0,0,1,0
eng_test_track_c_00218,0,1,0,0,0
eng_test_track_c_00219,0,0,1,0,0
eng_test_track_c_00220,0,0,0,0,1
eng_test_track_c_00221,0,0,0,0,0
eng_test_track_c_00222,0,1,0,1,1
eng_test_track_c_00223,0,1,0,0,0
eng_test_track_c_00224,0,1,0,1,1
eng_test_track_c_00225,0,0,1,0,0
eng_test_track_c_00226,0,0,0,0,0
eng_test_track_c_00227,0,0,0,1,1
eng_test_track_c_00228,0,1,0,1,0
eng_test_track_c_00229,0,0,0,1,0
eng_test_track_c_00230,0,1,0,1,0
eng_test_track_c_00231,0,1,0,0,1
eng_test_track_c_00232,0,1,0,1,0
eng_test_track_c_00233,0,1,0,0,0
eng_test_track_c_00234,0,1,0,0,1
eng_test_track_c_00235,0,1,0,0,0
eng_test_track_c_00236,1,0,0,0,0
eng_test_track_c_00237,0,1,0,1,0
eng_test_track_c_00238,0,0,0,0,0
eng_test_track_c_00239,0,0,0,1,0
eng_test_track_c_00240,0,1,0,0,0
eng_test_track_c_00241,0,1,0,1,0
eng_test_track_c_00242,0,1,0,1,0
eng_test_track_c_00243,0,0,0,1,0
eng_test_track_c_00244,0,0,1,0,0
eng_test_track_c_00245,0,0,0,0,0
eng_test_track_c_00246,0,1,0,1,0
eng_test_track_c_00247,0,1,0,0,0
eng_test_track_c_00248,0,1,0,0,0
eng_test_track_c_00249,0,0,0,0,1
eng_test_track_c_00250,0,1,0,1,0
eng_test_track_c_00251,0,1,0,0,1
eng_test_track_c_00252,0,1,0,1,1
eng_test_track_c_00253,0,1,0,0,1
eng_test_track_c_00254,0,0,1,0,0
eng_test_track_c_00255,0,0,0,0,0
eng_test_track_c_00256,0,1,0,1,0
eng_test_track_c_00257,0,1,0,0,0
eng_test_track_c_00258,0,1,0,0,1
eng_test_track_c_00259,0,0,1,0,0
eng_test_track_c_00260,0,1,0,0,1
eng_test_track_c_00261,0,1,0,1,0
eng_test_track_c_00262,0,0,0,0,1
eng_test_track_c_00263,0,1,0,0,1
eng_test_track_c_00264,0,1,0,0,1
eng_test_track_c_00265,0,0,0,0,0
eng_test_track_c_00266,0,0,0,0,1
eng_test_track_c_00267,0,1,0,1,1
eng_test_track_c_00268,0,1,0,0,0
eng_test_track_c_00269,0,0,1,0,1
eng_test_track_c_00270,0,1,0,0,0
eng_test_track_c_00271,0,0,0,0,1
eng_test_track_c_00272,0,1,0,1,0
eng_test_track_c_00273,0,1,0,1,1
eng_test_track_c_00274,0,1,0,1,0
eng_test_track_c_00275,0,1,0,1,0
eng_test_track_c_00276,0,1,0,1,0
eng_test_track_c_00277,0,0,1,0,0
eng_test_track_c_00278,0,1,0,0,0
eng_test_track_c_00279,0,1,0,0,0
eng_test_track_c_00280,0,1,0,1,0
eng_test_track_c_00281,0,0,0,0,0
eng_test_track_c_00282,0,1,0,0,0
eng_test_track_c_00283,0,0,1,0,0
eng_test_track_c_00284,0,1,0,0,0
eng_test_track_c_00285,0,0,1,0,0
eng_test_track_c_00286,0,1,0,1,0
eng_test_track_c_00287,0,1,0,0,1
eng_test_track_c_00288,0,1,0,1,0
eng_test_track_c_00289,0,0,0,0,0
eng_test_track_c_00290,0,1,0,0,1
eng_test_track_c_00291,0,0,0,0,1
eng_test_track_c_00292,0,1,0,1,0
eng_test_track_c_00293,0,0,1,0,0
eng_test_track_c_00294,0,1,0,0,0
eng_test_track_c_00295,0,1,0,0,1
eng_test_track_c_00296,0,1,0,1,0
eng_test_track_c_00297,0,0,0,0,1
eng_test_track_c_00298,0,1,0,0,0
eng_test_track_c_00299,0,1,0,0,0
eng_test_track_c_00300,1,0,0,0,0
eng_test_track_c_00301,0,1,0,1,0
eng_test_track_c_00302,0,0,0,0,0
eng_test_track_c_00303,0,1,0,0,1
eng_test_track_c_00304,0,1,0,0,0
eng_test_track_c_00305,0,0,0,0,1
eng_test_track_c_00306,0,0,0,0,0
eng_test_track_c_00307,0,1,0,1,0
eng_test_track_c_00308,0,0,1,0,0
eng_test_track_c_00309,0,1,0,1,0
eng_test_track_c_00310,0,1,0,0,1
eng_test_track_c_00311,0,0,0,0,1
eng_test_track_c_00312,0,0,0,0,0
eng_test_track_c_00313,1,0,0,1,0
eng_test_track_c_00314,0,0,0,0,1
eng_test_track_c_00315,0,0,0,0,0
eng_test_track_c_00316,0,1,0,0,0
eng_test_track_c_00317,0,1,0,1,0
eng_test_track_c_00318,0,1,0,0,0
eng_test_track_c_00319,0,0,0,0,0
eng_test_track_c_00320,0,1,0,1,0
eng_test_track_c_00321,0,1,0,1,0
eng_test_track_c_00322,0,0,0,0,1
eng_test_track_c_00323,0,0,0,0,0
eng_test_track_c_00324,0,1,0,0,0
eng_test_track_c_00325,0,1,0,1,0
eng_test_track_c_00326,0,1,0,1,0
eng_test_track_c_00327,0,0,0,0,0
eng_test_track_c_00328,0,1,0,0,1
eng_test_track_c_00329,0,1,0,0,1
eng_test_track_c_00330,0,1,0,1,0
eng_test_track_c_00331,0,0,0,0,0
eng_test_track_c_00332,0,1,0,0,1
eng_test_track_c_00333,0,1,0,0,0
eng_test_track_c_00334,0,0,0,0,0
eng_test_track_c_00335,0,1,0,0,1
eng_test_track_c_00336,0,1,0,0,1
eng_test_track_c_00337,0,1,0,1,0
eng_test_track_c_00338,0,1,0,0,1
eng_test_track_c_00339,0,1,0,1,1
eng_test_track_c_00340,0,0,0,0,0
eng_test_track_c_00341,0,1,0,1,0
eng_test_track_c_00342,0,1,0,0,0
eng_test_track_c_00343,1,0,0,0,0
eng_test_track_c_00344,0,1,0,0,0
eng_test_track_c_00345,0,1,0,1,0
eng_test_track_c_00346,0,1,0,0,0
eng_test_track_c_00347,0,1,0,1,0
eng_test_track_c_00348,0,0,1,0,1
eng_test_track_c_00349,0,0,0,0,1
eng_test_track_c_00350,0,0,0,0,0
eng_test_track_c_00351,0,1,0,0,1
eng_test_track_c_00352,1,0,0,1,0
eng_test_track_c_00353,0,0,1,0,0
eng_test_track_c_00354,0,0,1,0,0
eng_test_track_c_00355,0,0,0,0,1
eng_test_track_c_00356,0,1,0,0,0
eng_test_track_c_00357,0,0,1,0,0
eng_test_track_c_00358,0,0,0,0,0
eng_test_track_c_00359,0,1,0,0,0
eng_test_track_c_00360,0,0,0,0,0
eng_test_track_c_00361,0,1,0,0,1
eng_test_track_c_00362,0,0,0,0,0
eng_test_track_c_00363,0,1,0,1,0
eng_test_track_c_00364,0,0,0,0,0
eng_test_track_c_00365,0,1,0,1,0
eng_test_track_c_00366,1,1,0,0,1
eng_test_track_c_00367,0,0,1,0,0
eng_test_track_c_00368,0,1,0,1,0
eng_test_track_c_00369,0,0,0,0,0
eng_test_track_c_00370,1,1,0,1,1
eng_test_track_c_00371,0,0,1,0,0
eng_test_track_c_00372,0,1,0,0,0
eng_test_track_c_00373,0,0,1,0,0
eng_test_track_c_00374,0,1,0,0,0
eng_test_track_c_00375,0,1,0,1,1
eng_test_track_c_00376,0,1,0,0,1
eng_test_track_c_00377,0,1,0,1,0
eng_test_track_c_00378,0,0,0,0,0
eng_test_track_c_00379,0,1,0,0,0
eng_test_track_c_00380,0,0,0,0,0
eng_test_track_c_00381,1,1,0,1,0
eng_test_track_c_00382,0,1,0,0,0
eng_test_track_c_00383,0,1,0,1,0
eng_test_track_c_00384,0,0,0,0,0
eng_test_track_c_00385,0,1,0,1,1
eng_test_track_c_00386,0,1,0,1,0
eng_test_track_c_00387,0,1,0,0,0
eng_test_track_c_00388,0,1,0,0,0
eng_test_track_c_00389,0,1,0,0,1
eng_test_track_c_00390,0,0,0,1,0
eng_test_track_c_00391,0,0,0,0,0
eng_test_track_c_00392,0,0,0,0,0
eng_test_track_c_00393,0,1,0,0,1
eng_test_track_c_00394,0,1,0,0,0
eng_test_track_c_00395,0,0,0,0,1
eng_test_track_c_00396,0,1,0,0,0
eng_test_track_c_00397,0,1,0,0,1
eng_test_track_c_00398,0,0,0,0,0
eng_test_track_c_00399,0,0,0,0,0
eng_test_track_c_00400,0,0,0,0,1
eng_test_track_c_00401,0,1,0,0,0
eng_test_track_c_00402,0,1,0,0,0
eng_test_track_c_00403,0,0,1,0,0
eng_test_track_c_00404,0,0,1,0,0
eng_test_track_c_00405,0,0,0,1,0
eng_test_track_c_00406,0,1,0,0,1
eng_test_track_c_00407,0,1,0,1,1
eng_test_track_c_00408,0,1,0,0,0
eng_test_track_c_00409,0,0,1,0,0
eng_test_track_c_00410,0,0,0,0,0
eng_test_track_c_00411,0,0,0,0,1
eng_test_track_c_00412,0,0,0,0,0
eng_test_track_c_00413,0,1,0,1,0
eng_test_track_c_00414,0,0,0,0,0
eng_test_track_c_00415,0,0,0,1,0
eng_test_track_c_00416,0,0,1,0,0
eng_test_track_c_00417,0,1,0,0,1
eng_test_track_c_00418,0,0,1,0,1
eng_test_track_c_00419,0,1,0,0,0
eng_test_track_c_00420,0,0,0,0,1
eng_test_track_c_00421,0,0,0,0,1
eng_test_track_c_00422,0,1,0,0,1
eng_test_track_c_00423,0,1,0,1,0
eng_test_track_c_00424,0,1,0,1,0
eng_test_track_c_00425,0,0,1,0,0
eng_test_track_c_00426,0,1,0,0,1
eng_test_track_c_00427,0,1,0,1,0
eng_test_track_c_00428,0,0,1,0,0
eng_test_track_c_00429,0,0,1,0,0
eng_test_track_c_00430,0,1,0,1,0
eng_test_track_c_00431,0,1,0,0,1
eng_test_track_c_00432,0,0,0,0,0
eng_test_track_c_00433,1,1,0,1,0
eng_test_track_c_00434,0,0,1,0,0
eng_test_track_c_00435,0,1,0,0,1
eng_test_track_c_00436,0,1,0,0,0
eng_test_track_c_00437,1,0,0,0,0
eng_test_track_c_00438,0,1,0,0,0
eng_test_track_c_00439,0,1,0,1,0
eng_test_track_c_00440,0,0,0,0,0
eng_test_track_c_00441,0,1,0,1,0
eng_test_track_c_00442,0,0,1,0,0
eng_test_track_c_00443,0,1,0,1,0
eng_test_track_c_00444,0,0,0,0,1
eng_test_track_c_00445,0,0,1,0,0
eng_test_track_c_00446,0,0,1,0,0
eng_test_track_c_00447,0,0,0,0,0
eng_test_track_c_00448,0,0,0,0,0
eng_test_track_c_00449,0,1,0,0,1
eng_test_track_c_00450,0,0,0,0,1
eng_test_track_c_00451,0,0,1,0,0
eng_test_track_c_00452,0,1,0,0,1
eng_test_track_c_00453,0,1,0,0,1
eng_test_track_c_00454,0,1,0,0,0
eng_test_track_c_00455,1,1,0,0,0
eng_test_track_c_00456,0,1,0,0,1
eng_test_track_c_00457,0,1,0,1,0
eng_test_track_c_00458,0,1,0,1,1
eng_test_track_c_00459,0,1,0,0,1
eng_test_track_c_00460,0,1,0,0,1
eng_test_track_c_00461,0,0,1,0,0
eng_test_track_c_00462,0,0,1,0,0
eng_test_track_c_00463,0,0,0,0,1
eng_test_track_c_00464,0,0,1,0,0
eng_test_track_c_00465,0,1,0,0,1
eng_test_track_c_00466,0,1,0,0,1
eng_test_track_c_00467,0,1,0,0,1
eng_test_track_c_00468,0,1,0,0,0
eng_test_track_c_00469,0,0,0,0,0
eng_test_track_c_00470,0,1,0,0,0
eng_test_track_c_00471,0,0,0,0,0
eng_test_track_c_00472,0,0,1,0,0
eng_test_track_c_00473,0,1,0,0,1
eng_test_track_c_00474,0,1,0,0,1
eng_test_track_c_00475,0,0,0,0,0
eng_test_track_c_00476,0,1,0,0,1
eng_test_track_c_00477,0,0,1,0,0
eng_test_track_c_00478,0,1,0,0,1
eng_test_track_c_00479,0,0,1,0,0
eng_test_track_c_00480,0,1,0,1,0
eng_test_track_c_00481,0,1,0,1,0
eng_test_track_c_00482,0,0,1,0,0
eng_test_track_c_00483,0,1,0,0,1
eng_test_track_c_00484,0,1,0,0,1
eng_test_track_c_00485,0,0,0,0,0
eng_test_track_c_00486,0,1,0,0,0
eng_test_track_c_00487,0,0,1,0,0
eng_test_track_c_00488,0,0,0,0,1
eng_test_track_c_00489,0,0,0,1,0
eng_test_track_c_00490,0,1,0,0,1
eng_test_track_c_00491,0,0,0,0,0
eng_test_track_c_00492,0,0,0,0,1
eng_test_track_c_00493,0,0,0,0,1
eng_test_track_c_00494,0,1,0,1,0
eng_test_track_c_00495,0,0,0,0,1
eng_test_track_c_00496,0,0,0,0,0
eng_test_track_c_00497,0,1,0,0,0
eng_test_track_c_00498,0,0,0,0,1
eng_test_track_c_00499,0,0,0,1,0
eng_test_track_c_00500,0,0,0,1,0
eng_test_track_c_00501,0,1,0,1,1
eng_test_track_c_00502,0,0,0,0,0
eng_test_track_c_00503,0,1,0,0,1
eng_test_track_c_00504,0,0,0,0,0
eng_test_track_c_00505,0,0,1,0,0
eng_test_track_c_00506,0,1,0,0,1
eng_test_track_c_00507,0,1,0,0,0
eng_test_track_c_00508,0,1,0,0,0
eng_test_track_c_00509,0,1,0,1,0
eng_test_track_c_00510,0,0,0,0,0
eng_test_track_c_00511,0,1,0,0,0
eng_test_track_c_00512,0,1,0,1,0
eng_test_track_c_00513,0,1,0,1,0
eng_test_track_c_00514,0,0,1,0,0
eng_test_track_c_00515,0,0,0,0,0
eng_test_track_c_00516,0,0,1,0,0
eng_test_track_c_00517,1,1,0,0,1
eng_test_track_c_00518,0,1,0,0,0
eng_test_track_c_00519,0,0,1,0,0
eng_test_track_c_00520,0,1,0,0,1
eng_test_track_c_00521,0,1,0,0,0
eng_test_track_c_00522,0,1,0,0,1
eng_test_track_c_00523,1,0,0,0,0
eng_test_track_c_00524,0,0,0,0,1
eng_test_track_c_00525,0,0,1,0,0
eng_test_track_c_00526,0,1,0,1,0
eng_test_track_c_00527,0,1,0,1,0
eng_test_track_c_00528,0,1,0,0,0
eng_test_track_c_00529,0,1,0,0,0
eng_test_track_c_00530,1,0,0,0,0
eng_test_track_c_00531,0,1,0,1,0
eng_test_track_c_00532,0,0,1,0,0
eng_test_track_c_00533,0,0,0,0,0
eng_test_track_c_00534,0,1,0,0,0
eng_test_track_c_00535,0,0,0,0,0
eng_test_track_c_00536,0,0,0,0,0
eng_test_track_c_00537,0,1,0,0,1
eng_test_track_c_00538,0,1,0,0,0
eng_test_track_c_00539,0,0,0,0,0
eng_test_track_c_00540,0,0,0,0,1
eng_test_track_c_00541,0,1,0,1,0
eng_test_track_c_00542,0,0,0,0,0
eng_test_track_c_00543,0,1,0,0,0
eng_test_track_c_00544,0,1,0,0,0
eng_test_track_c_00545,0,1,0,0,0
eng_test_track_c_00546,0,0,0,0,0
eng_test_track_c_00547,0,0,1,0,0
eng_test_track_c_00548,0,0,0,0,0
eng_test_track_c_00549,0,0,0,0,1
eng_test_track_c_00550,0,0,0,0,0
eng_test_track_c_00551,0,1,0,0,1
eng_test_track_c_00552,0,0,0,0,0
eng_test_track_c_00553,0,0,1,0,0
eng_test_track_c_00554,0,1,0,0,1
eng_test_track_c_00555,0,1,0,1,1
eng_test_track_c_00556,0,1,0,0,1
eng_test_track_c_00557,0,1,0,1,0
eng_test_track_c_00558,0,0,0,0,0
eng_test_track_c_00559,0,1,0,0,0
eng_test_track_c_00560,0,0,0,0,0
eng_test_track_c_00561,0,0,1,0,0
eng_test_track_c_00562,0,1,0,0,0
eng_test_track_c_00563,0,1,0,0,1
eng_test_track_c_00564,0,1,0,1,0
eng_test_track_c_00565,0,1,0,1,0
eng_test_track_c_00566,0,0,1,0,0
eng_test_track_c_00567,0,0,1,0,1
eng_test_track_c_00568,0,1,0,0,0
eng_test_track_c_00569,0,1,0,0,1
eng_test_track_c_00570,0,1,0,0,1
eng_test_track_c_00571,0,0,0,0,1
eng_test_track_c_00572,0,0,0,0,0
eng_test_track_c_00573,0,1,0,0,0
eng_test_track_c_00574,0,0,0,0,0
eng_test_track_c_00575,0,0,0,0,0
eng_test_track_c_00576,0,1,0,1,0
eng_test_track_c_00577,0,1,0,1,0
eng_test_track_c_00578,0,0,0,0,0
eng_test_track_c_00579,0,1,0,0,1
eng_test_track_c_00580,1,1,0,0,0
eng_test_track_c_00581,0,0,1,0,0
eng_test_track_c_00582,0,1,0,0,0
eng_test_track_c_00583,0,1,0,0,0
eng_test_track_c_00584,1,1,0,1,0
eng_test_track_c_00585,0,1,0,1,0
eng_test_track_c_00586,0,1,0,0,0
eng_test_track_c_00587,0,1,0,0,0
eng_test_track_c_00588,0,0,0,0,0
eng_test_track_c_00589,0,1,0,0,0
eng_test_track_c_00590,0,1,0,0,0
eng_test_track_c_00591,0,1,0,1,1
eng_test_track_c_00592,0,1,0,0,1
eng_test_track_c_00593,0,0,0,0,1
eng_test_track_c_00594,0,1,0,1,0
eng_test_track_c_00595,0,0,0,0,0
eng_test_track_c_00596,0,1,0,1,0
eng_test_track_c_00597,0,0,1,0,0
eng_test_track_c_00598,0,1,0,0,1
eng_test_track_c_00599,0,1,0,0,0
eng_test_track_c_00600,0,0,0,1,0
eng_test_track_c_00601,0,1,0,0,1
eng_test_track_c_00602,0,0,0,0,0
eng_test_track_c_00603,0,1,0,0,0
eng_test_track_c_00604,0,1,0,1,0
eng_test_track_c_00605,0,1,0,1,0
eng_test_track_c_00606,0,1,0,0,0
eng_test_track_c_00607,0,1,0,0,1
eng_test_track_c_00608,0,0,1,0,0
eng_test_track_c_00609,0,0,0,0,0
eng_test_track_c_00610,0,1,0,1,1
eng_test_track_c_00611,0,1,0,1,1
eng_test_track_c_00612,0,1,0,0,0
eng_test_track_c_00613,0,1,0,0,1
eng_test_track_c_00614,0,1,0,1,0
eng_test_track_c_00615,0,1,0,0,0
eng_test_track_c_00616,0,1,0,0,0
eng_test_track_c_00617,0,0,0,0,0
eng_test_track_c_00618,1,1,0,0,1
eng_test_track_c_00619,0,1,0,0,0
eng_test_track_c_00620,0,0,1,0,0
eng_test_track_c_00621,0,1,0,0,0
eng_test_track_c_00622,0,0,1,0,0
eng_test_track_c_00623,0,0,0,1,0
eng_test_track_c_00624,1,0,0,0,0
eng_test_track_c_00625,0,0,0,0,0
eng_test_track_c_00626,0,0,1,0,0
eng_test_track_c_00627,0,1,0,0,0
eng_test_track_c_00628,0,1,0,0,0
eng_test_track_c_00629,0,1,0,0,1
eng_test_track_c_00630,0,1,0,0,0
eng_test_track_c_00631,0,0,1,0,0
eng_test_track_c_00632,0,0,0,1,0
eng_test_track_c_00633,0,1,0,0,0
eng_test_track_c_00634,0,0,1,0,0
eng_test_track_c_00635,0,0,0,0,0
eng_test_track_c_00636,0,1,0,0,1
eng_test_track_c_00637,0,0,0,0,0
eng_test_track_c_00638,0,0,0,0,0
eng_test_track_c_00639,0,1,0,0,1
eng_test_track_c_00640,0,0,0,0,0
eng_test_track_c_00641,0,1,0,0,0
eng_test_track_c_00642,0,0,0,0,0
eng_test_track_c_00643,0,1,0,0,1
eng_test_track_c_00644,0,0,0,0,1
eng_test_track_c_00645,0,1,0,0,0
eng_test_track_c_00646,0,1,0,0,0
eng_test_track_c_00647,0,0,1,0,0
eng_test_track_c_00648,0,0,0,0,0
eng_test_track_c_00649,0,0,0,0,0
eng_test_track_c_00650,0,1,0,0,1
eng_test_track_c_00651,0,1,0,0,0
eng_test_track_c_00652,0,0,0,0,1
eng_test_track_c_00653,0,1,0,1,0
eng_test_track_c_00654,0,0,1,0,0
eng_test_track_c_00655,0,0,1,0,0
eng_test_track_c_00656,0,1,0,0,0
eng_test_track_c_00657,0,1,0,1,0
eng_test_track_c_00658,0,0,1,0,0
eng_test_track_c_00659,0,1,0,0,0
eng_test_track_c_00660,0,0,0,0,0
eng_test_track_c_00661,0,1,0,1,0
eng_test_track_c_00662,0,1,0,0,0
eng_test_track_c_00663,0,0,0,0,1
eng_test_track_c_00664,0,0,0,0,0
eng_test_track_c_00665,0,0,1,0,0
eng_test_track_c_00666,0,1,0,1,0
eng_test_track_c_00667,0,0,0,0,0
eng_test_track_c_00668,0,1,0,0,0
eng_test_track_c_00669,0,0,0,0,1
eng_test_track_c_00670,0,1,0,0,1
eng_test_track_c_00671,0,1,0,0,1
eng_test_track_c_00672,0,1,0,0,1
eng_test_track_c_00673,0,1,0,0,1
eng_test_track_c_00674,0,0,0,0,0
eng_test_track_c_00675,1,1,0,0,0
eng_test_track_c_00676,0,0,1,0,1
eng_test_track_c_00677,0,1,0,1,0
eng_test_track_c_00678,1,1,0,1,0
eng_test_track_c_00679,0,0,1,0,0
eng_test_track_c_00680,0,0,0,0,0
eng_test_track_c_00681,0,0,0,1,0
eng_test_track_c_00682,0,0,0,1,0
eng_test_track_c_00683,0,0,1,0,1
eng_test_track_c_00684,0,1,0,1,0
eng_test_track_c_00685,0,1,0,0,1
eng_test_track_c_00686,0,1,0,0,1
eng_test_track_c_00687,0,1,0,0,0
eng_test_track_c_00688,0,1,0,0,0
eng_test_track_c_00689,0,1,0,0,0
eng_test_track_c_00690,0,0,1,0,0
eng_test_track_c_00691,0,1,0,0,0
eng_test_track_c_00692,0,0,0,0,1
eng_test_track_c_00693,0,0,0,0,1
eng_test_track_c_00694,0,1,0,0,0
eng_test_track_c_00695,0,1,0,0,0
eng_test_track_c_00696,0,1,0,0,1
eng_test_track_c_00697,0,1,0,1,0
eng_test_track_c_00698,0,0,0,1,0
eng_test_track_c_00699,0,0,0,0,0
eng_test_track_c_00700,0,0,1,0,0
eng_test_track_c_00701,0,0,0,0,0
eng_test_track_c_00702,0,1,0,1,0
eng_test_track_c_00703,0,0,0,0,0
eng_test_track_c_00704,0,1,0,0,1
eng_test_track_c_00705,0,1,0,0,0
eng_test_track_c_00706,0,1,0,1,0
eng_test_track_c_00707,0,1,0,0,0
eng_test_track_c_00708,0,0,0,0,0
eng_test_track_c_00709,0,1,0,0,0
eng_test_track_c_00710,0,0,0,0,0
eng_test_track_c_00711,0,0,1,0,0
eng_test_track_c_00712,0,1,0,0,1
eng_test_track_c_00713,0,1,0,1,0
eng_test_track_c_00714,0,1,0,0,0
eng_test_track_c_00715,0,1,0,1,1
eng_test_track_c_00716,0,1,0,0,1
eng_test_track_c_00717,0,1,0,0,0
eng_test_track_c_00718,0,0,0,0,0
eng_test_track_c_00719,0,0,0,1,0
eng_test_track_c_00720,0,1,0,0,1
eng_test_track_c_00721,0,0,0,0,1
eng_test_track_c_00722,0,0,1,0,0
eng_test_track_c_00723,0,0,0,0,0
eng_test_track_c_00724,0,1,0,0,0
eng_test_track_c_00725,0,0,1,0,1
eng_test_track_c_00726,0,0,0,0,0
eng_test_track_c_00727,0,0,0,1,0
eng_test_track_c_00728,0,0,0,0,1
eng_test_track_c_00729,0,0,0,0,0
eng_test_track_c_00730,0,0,0,0,0
eng_test_track_c_00731,0,1,0,0,1
eng_test_track_c_00732,0,1,0,0,0
eng_test_track_c_00733,0,0,1,0,0
eng_test_track_c_00734,0,0,0,0,0
eng_test_track_c_00735,0,1,0,0,1
eng_test_track_c_00736,0,1,0,0,1
eng_test_track_c_00737,0,0,1,0,0
eng_test_track_c_00738,0,1,0,0,0
eng_test_track_c_00739,0,0,0,0,1
eng_test_track_c_00740,0,1,0,0,0
eng_test_track_c_00741,0,0,1,0,0
eng_test_track_c_00742,0,0,0,1,0
eng_test_track_c_00743,0,0,0,0,0
eng_test_track_c_00744,0,0,1,0,0
eng_test_track_c_00745,0,1,0,0,0
eng_test_track_c_00746,0,1,0,1,0
eng_test_track_c_00747,0,1,0,1,0
eng_test_track_c_00748,0,0,0,0,1
eng_test_track_c_00749,0,1,0,0,0
eng_test_track_c_00750,0,1,1,0,1
eng_test_track_c_00751,0,0,0,0,1
eng_test_track_c_00752,0,1,0,0,1
eng_test_track_c_00753,0,0,0,1,0
eng_test_track_c_00754,0,0,0,0,0
eng_test_track_c_00755,0,0,0,0,0
eng_test_track_c_00756,0,0,1,0,0
eng_test_track_c_00757,0,1,0,0,1
eng_test_track_c_00758,0,0,1,0,0
eng_test_track_c_00759,0,0,0,0,0
eng_test_track_c_00760,0,1,0,1,0
eng_test_track_c_00761,0,0,1,0,1
eng_test_track_c_00762,0,1,0,0,0
eng_test_track_c_00763,0,0,0,0,0
eng_test_track_c_00764,0,1,0,0,0
eng_test_track_c_00765,0,0,0,0,0
eng_test_track_c_00766,0,1,0,0,0
eng_test_track_c_00767,0,0,0,0,1
eng_test_track_c_00768,0,1,0,1,0
eng_test_track_c_00769,0,0,0,0,0
eng_test_track_c_00770,0,1,0,0,0
eng_test_track_c_00771,0,1,0,1,0
eng_test_track_c_00772,0,0,0,1,0
eng_test_track_c_00773,0,0,1,0,0
eng_test_track_c_00774,1,0,0,1,0
eng_test_track_c_00775,0,0,1,0,0
eng_test_track_c_00776,0,1,0,0,0
eng_test_track_c_00777,0,1,0,1,0
eng_test_track_c_00778,0,1,0,0,1
eng_test_track_c_00779,0,0,1,1,0
eng_test_track_c_00780,0,1,0,1,1
eng_test_track_c_00781,0,1,0,0,0
eng_test_track_c_00782,0,1,0,1,1
eng_test_track_c_00783,0,0,0,0,0
eng_test_track_c_00784,0,1,0,0,0
eng_test_track_c_00785,0,1,0,1,0
eng_test_track_c_00786,0,1,0,0,0
eng_test_track_c_00787,0,1,0,0,0
eng_test_track_c_00788,0,1,0,1,0
eng_test_track_c_00789,0,0,0,0,0
eng_test_track_c_00790,0,0,0,0,0
eng_test_track_c_00791,0,1,0,0,0
eng_test_track_c_00792,0,1,0,0,1
eng_test_track_c_00793,0,0,0,0,0
eng_test_track_c_00794,0,0,1,0,0
eng_test_track_c_00795,0,1,0,0,1
eng_test_track_c_00796,0,1,0,0,0
eng_test_track_c_00797,0,0,0,0,0
eng_test_track_c_00798,0,1,0,0,0
eng_test_track_c_00799,0,0,0,0,0
eng_test_track_c_00800,0,0,1,0,1
eng_test_track_c_00801,0,1,0,1,0
eng_test_track_c_00802,1,1,0,0,1
eng_test_track_c_00803,0,1,0,1,0
eng_test_track_c_00804,0,1,0,0,1
eng_test_track_c_00805,0,0,0,0,0
eng_test_track_c_00806,0,0,0,0,0
eng_test_track_c_00807,0,1,0,0,1
eng_test_track_c_00808,0,0,0,0,0
eng_test_track_c_00809,0,0,0,0,1
eng_test_track_c_00810,0,0,1,0,0
eng_test_track_c_00811,0,0,0,0,0
eng_test_track_c_00812,0,1,0,1,1
eng_test_track_c_00813,0,0,1,0,0
eng_test_track_c_00814,1,1,0,0,0
eng_test_track_c_00815,0,0,0,0,0
eng_test_track_c_00816,0,1,0,0,0
eng_test_track_c_00817,0,0,0,0,0
eng_test_track_c_00818,0,1,0,1,0
eng_test_track_c_00819,0,0,1,0,0
eng_test_track_c_00820,0,1,0,1,0
eng_test_track_c_00821,0,1,0,0,1
eng_test_track_c_00822,1,0,0,0,0
eng_test_track_c_00823,0,0,1,0,0
eng_test_track_c_00824,0,0,0,0,0
eng_test_track_c_00825,0,0,0,0,0
eng_test_track_c_00826,0,1,0,1,0
eng_test_track_c_00827,0,1,0,1,0
eng_test_track_c_00828,0,0,0,0,0
eng_test_track_c_00829,0,0,1,0,1
eng_test_track_c_00830,0,1,0,0,1
eng_test_track_c_00831,0,1,0,0,1
eng_test_track_c_00832,0,1,0,0,0
eng_test_track_c_00833,0,1,0,0,0
eng_test_track_c_00834,0,0,0,0,0
eng_test_track_c_00835,0,1,0,0,0
eng_test_track_c_00836,0,1,0,0,0
eng_test_track_c_00837,0,0,0,0,1
eng_test_track_c_00838,0,1,0,1,0
eng_test_track_c_00839,0,0,0,0,0
eng_test_track_c_00840,0,1,0,1,0
eng_test_track_c_00841,0,0,0,0,0
eng_test_track_c_00842,0,1,0,0,0
eng_test_track_c_00843,0,0,1,0,0
eng_test_track_c_00844,0,0,1,0,0
eng_test_track_c_00845,0,1,0,1,0
eng_test_track_c_00846,0,1,0,0,0
eng_test_track_c_00847,0,1,0,1,1
eng_test_track_c_00848,1,0,0,1,0
eng_test_track_c_00849,0,1,0,0,1
eng_test_track_c_00850,0,1,0,1,0
eng_test_track_c_00851,0,0,1,0,1
eng_test_track_c_00852,0,1,0,1,0
eng_test_track_c_00853,0,0,0,0,0
eng_test_track_c_00854,0,1,0,0,0
eng_test_track_c_00855,0,1,0,1,0
eng_test_track_c_00856,0,1,0,1,1
eng_test_track_c_00857,0,0,0,0,0
eng_test_track_c_00858,0,0,1,0,1
eng_test_track_c_00859,0,0,1,0,0
eng_test_track_c_00860,0,0,0,0,1
eng_test_track_c_00861,0,0,0,1,0
eng_test_track_c_00862,0,1,0,0,1
eng_test_track_c_00863,0,1,0,0,0
eng_test_track_c_00864,0,1,0,0,0
eng_test_track_c_00865,1,0,0,0,1
eng_test_track_c_00866,0,1,0,0,0
eng_test_track_c_00867,0,0,1,0,0
eng_test_track_c_00868,0,1,0,1,0
eng_test_track_c_00869,0,1,0,1,0
eng_test_track_c_00870,0,0,0,0,1
eng_test_track_c_00871,0,0,0,0,1
eng_test_track_c_00872,0,0,1,0,0
eng_test_track_c_00873,0,1,0,0,1
eng_test_track_c_00874,0,0,0,0,0
eng_test_track_c_00875,0,0,0,1,0
eng_test_track_c_00876,0,1,0,0,1
eng_test_track_c_00877,0,0,1,0,0
eng_test_track_c_00878,0,1,0,0,0
eng_test_track_c_00879,0,1,0,1,0
eng_test_track_c_00880,0,1,0,0,1
eng_test_track_c_00881,0,1,0,0,0
eng_test_track_c_00882,0,1,0,0,1
eng_test_track_c_00883,0,0,0,1,0
eng_test_track_c_00884,0,0,0,0,1
eng_test_track_c_00885,0,0,1,0,0
eng_test_track_c_00886,0,1,0,0,1
eng_test_track_c_00887,0,0,0,1,0
eng_test_track_c_00888,0,0,1,0,0
eng_test_track_c_00889,1,1,0,0,0
eng_test_track_c_00890,0,1,0,0,0
eng_test_track_c_00891,0,0,0,0,0
eng_test_track_c_00892,0,0,0,1,0
eng_test_track_c_00893,0,0,1,0,0
eng_test_track_c_00894,0,0,1,0,0
eng_test_track_c_00895,0,1,0,0,1
eng_test_track_c_00896,0,1,0,0,0
eng_test_track_c_00897,0,1,0,0,0
eng_test_track_c_00898,0,0,0,0,1
eng_test_track_c_00899,0,0,0,1,0
eng_test_track_c_00900,0,1,0,0,1
eng_test_track_c_00901,0,0,1,0,0
eng_test_track_c_00902,0,0,0,0,0
eng_test_track_c_00903,0,1,0,1,0
eng_test_track_c_00904,0,1,0,0,1
eng_test_track_c_00905,0,1,0,1,0
eng_test_track_c_00906,0,0,0,0,0
eng_test_track_c_00907,0,0,0,0,0
eng_test_track_c_00908,0,0,0,0,1
eng_test_track_c_00909,0,1,0,0,0
eng_test_track_c_00910,0,1,0,0,1
eng_test_track_c_00911,0,0,0,0,0
eng_test_track_c_00912,0,1,0,0,0
eng_test_track_c_00913,0,1,0,0,0
eng_test_track_c_00914,0,1,0,1,0
eng_test_track_c_00915,0,0,0,0,0
eng_test_track_c_00916,0,0,0,0,0
eng_test_track_c_00917,0,0,0,0,1
eng_test_track_c_00918,0,1,0,0,1
eng_test_track_c_00919,0,1,0,0,1
eng_test_track_c_00920,0,0,0,1,0
eng_test_track_c_00921,0,0,0,0,0
eng_test_track_c_00922,0,1,0,0,0
eng_test_track_c_00923,0,1,0,0,1
eng_test_track_c_00924,0,1,0,1,0
eng_test_track_c_00925,0,1,0,0,1
eng_test_track_c_00926,0,0,1,0,0
eng_test_track_c_00927,0,1,0,0,0
eng_test_track_c_00928,0,1,0,1,0
eng_test_track_c_00929,0,0,1,0,0
eng_test_track_c_00930,1,0,0,1,1
eng_test_track_c_00931,0,1,0,0,0
eng_test_track_c_00932,0,1,0,0,1
eng_test_track_c_00933,0,0,1,0,0
eng_test_track_c_00934,0,0,1,0,0
eng_test_track_c_00935,0,0,0,1,0
eng_test_track_c_00936,0,1,0,0,1
eng_test_track_c_00937,0,0,0,0,0
eng_test_track_c_00938,0,0,1,0,0
eng_test_track_c_00939,0,1,0,1,0
eng_test_track_c_00940,0,0,1,0,0
eng_test_track_c_00941,0,0,0,0,0
eng_test_track_c_00942,0,0,0,0,1
eng_test_track_c_00943,0,0,1,0,0
eng_test_track_c_00944,0,0,1,0,0
eng_test_track_c_00945,0,0,1,0,0
eng_test_track_c_00946,0,1,0,0,1
eng_test_track_c_00947,0,1,0,1,0
eng_test_track_c_00948,0,0,0,1,0
eng_test_track_c_00949,0,1,0,1,0
eng_test_track_c_00950,0,1,0,0,0
eng_test_track_c_00951,0,1,0,0,0
eng_test_track_c_00952,0,1,0,0,1
eng_test_track_c_00953,0,1,0,0,0
eng_test_track_c_00954,0,1,0,0,1
eng_test_track_c_00955,0,0,1,0,0
eng_test_track_c_00956,0,1,0,0,0
eng_test_track_c_00957,0,1,0,1,0
eng_test_track_c_00958,0,1,0,0,0
eng_test_track_c_00959,0,1,0,1,0
eng_test_track_c_00960,0,0,0,0,0
eng_test_track_c_00961,0,1,0,1,0
eng_test_track_c_00962,0,1,0,0,0
eng_test_track_c_00963,0,0,1,0,0
eng_test_track_c_00964,0,0,1,0,0
eng_test_track_c_00965,0,1,0,0,1
eng_test_track_c_00966,0,0,1,1,0
eng_test_track_c_00967,0,1,0,1,0
eng_test_track_c_00968,0,1,0,1,1
eng_test_track_c_00969,0,0,1,0,0
eng_test_track_c_00970,0,1,0,0,1
eng_test_track_c_00971,0,1,0,1,0
eng_test_track_c_00972,0,1,0,0,0
eng_test_track_c_00973,0,0,0,0,0
eng_test_track_c_00974,0,1,0,1,0
eng_test_track_c_00975,0,0,1,0,0
eng_test_track_c_00976,0,1,0,0,0
eng_test_track_c_00977,0,1,0,1,0
eng_test_track_c_00978,0,0,0,0,1
eng_test_track_c_00979,0,1,0,1,0
eng_test_track_c_00980,0,0,1,0,1
eng_test_track_c_00981,0,0,0,0,1
eng_test_track_c_00982,0,1,0,0,0
eng_test_track_c_00983,0,0,1,0,0
eng_test_track_c_00984,0,1,0,0,1
eng_test_track_c_00985,0,1,0,0,0
eng_test_track_c_00986,0,0,0,0,0
eng_test_track_c_00987,0,1,0,0,0
eng_test_track_c_00988,0,1,0,0,1
eng_test_track_c_00989,0,0,1,0,1
eng_test_track_c_00990,0,1,0,0,0
eng_test_track_c_00991,0,1,0,1,0
eng_test_track_c_00992,0,0,1,0,1
eng_test_track_c_00993,0,0,0,0,0
eng_test_track_c_00994,0,1,0,1,0
eng_test_track_c_00995,0,0,1,0,0
eng_test_track_c_00996,0,0,1,0,0
eng_test_track_c_00997,0,0,0,0,0
eng_test_track_c_00998,0,0,1,0,0
eng_test_track_c_00999,0,0,0,1,0
eng_test_track_c_01000,0,1,0,0,0
eng_test_track_c_01001,0,0,1,0,1
eng_test_track_c_01002,0,0,1,0,0
eng_test_track_c_01003,0,1,0,0,1
eng_test_track_c_01004,0,0,1,0,0
eng_test_track_c_01005,0,1,0,0,0
eng_test_track_c_01006,0,1,0,0,0
eng_test_track_c_01007,0,1,0,0,1
eng_test_track_c_01008,0,1,0,0,0
eng_test_track_c_01009,0,1,0,0,0
eng_test_track_c_01010,0,1,0,1,0
eng_test_track_c_01011,1,0,0,0,0
eng_test_track_c_01012,0,1,0,0,1
eng_test_track_c_01013,0,1,0,0,0
eng_test_track_c_01014,0,1,0,0,1
eng_test_track_c_01015,0,1,0,0,0
eng_test_track_c_01016,0,1,0,1,0
eng_test_track_c_01017,0,1,0,1,0
eng_test_track_c_01018,0,1,0,0,0
eng_test_track_c_01019,0,1,0,0,0
eng_test_track_c_01020,0,1,0,0,0
eng_test_track_c_01021,0,1,0,0,0
eng_test_track_c_01022,0,1,0,1,1
eng_test_track_c_01023,0,1,0,0,0
eng_test_track_c_01024,0,0,0,0,0
eng_test_track_c_01025,0,1,0,0,0
eng_test_track_c_01026,0,1,0,1,0
eng_test_track_c_01027,0,1,0,1,0
eng_test_track_c_01028,0,1,0,0,1
eng_test_track_c_01029,0,1,0,0,0
eng_test_track_c_01030,0,1,0,0,0
eng_test_track_c_01031,0,0,1,0,0
eng_test_track_c_01032,0,0,1,0,0
eng_test_track_c_01033,0,0,1,0,0
eng_test_track_c_01034,0,1,0,0,0
eng_test_track_c_01035,0,1,0,0,0
eng_test_track_c_01036,0,0,1,0,0
eng_test_track_c_01037,0,1,0,1,0
eng_test_track_c_01038,0,0,1,0,0
eng_test_track_c_01039,0,0,0,0,1
eng_test_track_c_01040,0,1,0,0,1
eng_test_track_c_01041,0,0,0,0,0
eng_test_track_c_01042,0,0,0,0,0
eng_test_track_c_01043,0,0,1,0,1
eng_test_track_c_01044,1,0,0,0,0
eng_test_track_c_01045,0,0,1,0,0
eng_test_track_c_01046,0,0,0,0,1
eng_test_track_c_01047,0,0,0,0,1
eng_test_track_c_01048,0,1,0,0,0
eng_test_track_c_01049,0,0,0,0,1
eng_test_track_c_01050,0,1,0,0,0
eng_test_track_c_01051,0,0,1,0,0
eng_test_track_c_01052,0,1,0,0,1
eng_test_track_c_01053,0,1,0,0,0
eng_test_track_c_01054,0,1,0,0,0
eng_test_track_c_01055,0,0,1,0,0
eng_test_track_c_01056,0,0,0,1,0
eng_test_track_c_01057,0,0,1,0,0
eng_test_track_c_01058,0,1,0,1,0
eng_test_track_c_01059,0,0,0,0,0
eng_test_track_c_01060,0,0,0,0,0
eng_test_track_c_01061,0,1,0,0,0
eng_test_track_c_01062,0,1,0,0,0
eng_test_track_c_01063,0,1,0,1,0
eng_test_track_c_01064,0,1,0,0,0
eng_test_track_c_01065,0,1,0,0,1
eng_test_track_c_01066,0,1,0,0,1
eng_test_track_c_01067,0,0,1,0,0
eng_test_track_c_01068,0,1,0,0,1
eng_test_track_c_01069,0,0,0,0,0
eng_test_track_c_01070,0,1,0,0,0
eng_test_track_c_01071,0,0,1,0,0
eng_test_track_c_01072,1,1,0,1,1
eng_test_track_c_01073,0,1,0,0,0
eng_test_track_c_01074,0,0,0,0,0
eng_test_track_c_01075,0,0,1,0,0
eng_test_track_c_01076,1,0,0,0,0
eng_test_track_c_01077,0,0,0,0,1
eng_test_track_c_01078,0,0,0,0,0
eng_test_track_c_01079,0,0,1,0,0
eng_test_track_c_01080,0,1,0,0,1
eng_test_track_c_01081,0,1,0,1,1
eng_test_track_c_01082,0,0,1,0,0
eng_test_track_c_01083,0,1,0,0,0
eng_test_track_c_01084,0,0,1,0,0
eng_test_track_c_01085,0,1,0,0,0
eng_test_track_c_01086,0,1,0,0,0
eng_test_track_c_01087,0,0,1,0,0
eng_test_track_c_01088,0,1,0,1,0
eng_test_track_c_01089,0,0,1,0,0
eng_test_track_c_01090,0,1,0,0,1
eng_test_track_c_01091,0,0,1,0,1
eng_test_track_c_01092,0,1,0,0,0
eng_test_track_c_01093,1,0,0,0,0
eng_test_track_c_01094,0,1,0,1,1
eng_test_track_c_01095,0,0,0,1,0
eng_test_track_c_01096,0,1,0,0,0
eng_test_track_c_01097,0,0,1,0,0
eng_test_track_c_01098,0,0,1,0,0
eng_test_track_c_01099,0,0,0,1,0
eng_test_track_c_01100,0,1,0,1,0
eng_test_track_c_01101,0,1,0,0,1
eng_test_track_c_01102,0,1,0,1,0
eng_test_track_c_01103,0,1,0,0,0
eng_test_track_c_01104,0,1,0,0,0
eng_test_track_c_01105,0,0,1,0,0
eng_test_track_c_01106,0,1,0,0,1
eng_test_track_c_01107,0,0,0,0,0
eng_test_track_c_01108,0,0,1,0,0
eng_test_track_c_01109,0,1,0,0,0
eng_test_track_c_01110,0,1,0,0,0
eng_test_track_c_01111,0,1,0,1,1
eng_test_track_c_01112,0,1,0,0,0
eng_test_track_c_01113,0,1,0,0,0
eng_test_track_c_01114,0,1,0,0,0
eng_test_track_c_01115,0,1,0,0,1
eng_test_track_c_01116,1,0,0,0,0
eng_test_track_c_01117,0,1,0,0,1
eng_test_track_c_01118,0,0,0,0,0
eng_test_track_c_01119,0,1,0,0,1
eng_test_track_c_01120,0,0,0,0,1
eng_test_track_c_01121,0,1,0,1,0
eng_test_track_c_01122,0,1,0,0,0
eng_test_track_c_01123,0,1,0,1,0
eng_test_track_c_01124,1,0,0,0,1
eng_test_track_c_01125,0,1,0,1,0
eng_test_track_c_01126,0,1,0,0,1
eng_test_track_c_01127,0,0,1,0,0
eng_test_track_c_01128,0,1,0,0,0
eng_test_track_c_01129,0,1,0,0,1
eng_test_track_c_01130,0,1,0,0,1
eng_test_track_c_01131,0,1,0,0,0
eng_test_track_c_01132,0,1,0,0,0
eng_test_track_c_01133,0,0,0,0,0
eng_test_track_c_01134,0,1,0,1,0
eng_test_track_c_01135,0,1,0,1,0
eng_test_track_c_01136,0,0,1,0,1
eng_test_track_c_01137,0,0,0,0,0
eng_test_track_c_01138,0,0,0,1,0
eng_test_track_c_01139,0,1,0,0,0
eng_test_track_c_01140,0,0,0,0,0
eng_test_track_c_01141,0,1,0,0,0
eng_test_track_c_01142,0,1,0,0,1
eng_test_track_c_01143,0,1,0,0,0
eng_test_track_c_01144,0,1,0,0,1
eng_test_track_c_01145,0,1,0,0,1
eng_test_track_c_01146,0,0,1,0,0
eng_test_track_c_01147,0,0,0,0,1
eng_test_track_c_01148,0,0,1,0,1
eng_test_track_c_01149,0,1,0,1,0
eng_test_track_c_01150,0,1,0,0,0
eng_test_track_c_01151,0,0,1,0,0
eng_test_track_c_01152,0,1,0,1,0
eng_test_track_c_01153,0,0,0,0,1
eng_test_track_c_01154,0,0,1,0,0
eng_test_track_c_01155,1,1,0,1,1
eng_test_track_c_01156,0,0,0,0,1
eng_test_track_c_01157,0,1,0,1,0
eng_test_track_c_01158,0,0,0,0,1
eng_test_track_c_01159,0,1,0,1,1
eng_test_track_c_01160,0,1,0,0,0
eng_test_track_c_01161,0,0,0,0,0
eng_test_track_c_01162,0,0,1,0,0
eng_test_track_c_01163,0,1,0,0,0
eng_test_track_c_01164,0,1,0,1,1
eng_test_track_c_01165,0,1,0,1,0
eng_test_track_c_01166,0,1,0,0,0
eng_test_track_c_01167,0,1,0,0,0
eng_test_track_c_01168,0,0,1,0,0
eng_test_track_c_01169,0,0,0,0,0
eng_test_track_c_01170,0,1,0,1,0
eng_test_track_c_01171,0,1,0,1,0
eng_test_track_c_01172,0,1,0,0,0
eng_test_track_c_01173,0,1,0,1,0
eng_test_track_c_01174,0,1,0,0,1
eng_test_track_c_01175,0,1,0,1,0
eng_test_track_c_01176,0,1,0,0,0
eng_test_track_c_01177,0,0,0,0,0
eng_test_track_c_01178,0,1,0,0,0
eng_test_track_c_01179,0,1,0,1,0
eng_test_track_c_01180,0,1,0,0,1
eng_test_track_c_01181,0,0,0,0,0
eng_test_track_c_01182,0,1,0,0,1
eng_test_track_c_01183,0,1,0,0,1
eng_test_track_c_01184,0,0,0,1,0
eng_test_track_c_01185,0,0,0,0,0
eng_test_track_c_01186,0,1,0,0,0
eng_test_track_c_01187,0,0,1,0,0
eng_test_track_c_01188,0,0,0,0,1
eng_test_track_c_01189,0,0,1,0,1
eng_test_track_c_01190,0,0,0,0,1
eng_test_track_c_01191,0,0,0,0,0
eng_test_track_c_01192,0,1,0,0,0
eng_test_track_c_01193,0,1,0,0,1
eng_test_track_c_01194,0,0,1,0,0
eng_test_track_c_01195,0,1,0,0,1
eng_test_track_c_01196,0,0,1,0,1
eng_test_track_c_01197,0,0,0,0,0
eng_test_track_c_01198,0,0,0,0,0
eng_test_track_c_01199,0,0,0,0,0
eng_test_track_c_01200,0,1,0,1,0
eng_test_track_c_01201,0,1,0,1,0
eng_test_track_c_01202,0,0,1,0,0
eng_test_track_c_01203,0,0,0,1,0
eng_test_track_c_01204,0,0,0,0,1
eng_test_track_c_01205,0,1,0,0,1
eng_test_track_c_01206,0,1,0,0,0
eng_test_track_c_01207,1,1,0,0,0
eng_test_track_c_01208,0,0,0,0,0
eng_test_track_c_01209,1,1,0,1,0
eng_test_track_c_01210,0,0,0,0,1
eng_test_track_c_01211,0,1,0,1,0
eng_test_track_c_01212,0,1,0,0,1
eng_test_track_c_01213,0,1,0,0,1
eng_test_track_c_01214,0,1,0,0,1
eng_test_track_c_01215,0,1,0,1,0
eng_test_track_c_01216,0,1,0,0,0
eng_test_track_c_01217,0,0,1,0,0
eng_test_track_c_01218,0,0,1,0,0
eng_test_track_c_01219,0,0,0,0,0
eng_test_track_c_01220,0,1,0,0,0
eng_test_track_c_01221,0,1,0,0,1
eng_test_track_c_01222,0,1,0,0,1
eng_test_track_c_01223,0,0,1,0,0
eng_test_track_c_01224,0,1,0,0,0
eng_test_track_c_01225,0,1,0,0,1
eng_test_track_c_01226,0,0,1,0,1
eng_test_track_c_01227,0,0,0,0,1
eng_test_track_c_01228,0,1,0,1,0
eng_test_track_c_01229,0,1,0,0,1
eng_test_track_c_01230,0,1,0,0,0
eng_test_track_c_01231,0,1,0,0,0
eng_test_track_c_01232,0,0,1,0,0
eng_test_track_c_01233,0,1,0,0,0
eng_test_track_c_01234,0,1,0,1,0
eng_test_track_c_01235,0,0,0,0,0
eng_test_track_c_01236,0,0,0,0,0
eng_test_track_c_01237,0,0,1,0,0
eng_test_track_c_01238,0,0,1,0,0
eng_test_track_c_01239,0,1,0,0,0
eng_test_track_c_01240,0,0,0,0,0
eng_test_track_c_01241,0,0,1,0,1
eng_test_track_c_01242,0,1,0,1,0
eng_test_track_c_01243,0,1,0,1,0
eng_test_track_c_01244,0,1,0,0,0
eng_test_track_c_01245,0,0,1,0,0
eng_test_track_c_01246,0,1,0,0,1
eng_test_track_c_01247,0,0,0,0,0
eng_test_track_c_01248,0,1,0,1,0
eng_test_track_c_01249,0,1,0,0,1
eng_test_track_c_01250,0,0,0,0,1
eng_test_track_c_01251,0,0,0,1,0
eng_test_track_c_01252,0,0,1,0,0
eng_test_track_c_01253,0,0,0,0,1
eng_test_track_c_01254,0,1,0,0,1
eng_test_track_c_01255,1,0,0,0,0
eng_test_track_c_01256,0,0,0,1,0
eng_test_track_c_01257,0,0,1,0,0
eng_test_track_c_01258,0,0,0,0,0
eng_test_track_c_01259,0,1,0,0,1
eng_test_track_c_01260,0,1,0,1,0
eng_test_track_c_01261,0,0,0,0,1
eng_test_track_c_01262,0,1,0,0,1
eng_test_track_c_01263,0,1,0,0,1
eng_test_track_c_01264,0,0,0,0,0
eng_test_track_c_01265,0,0,0,0,1
eng_test_track_c_01266,0,0,0,0,0
eng_test_track_c_01267,0,0,0,1,1
eng_test_track_c_01268,0,1,0,0,1
eng_test_track_c_01269,0,1,0,1,0
eng_test_track_c_01270,0,1,0,0,0
eng_test_track_c_01271,0,1,0,0,1
eng_test_track_c_01272,0,0,0,0,0
eng_test_track_c_01273,0,0,0,0,0
eng_test_track_c_01274,0,0,0,0,0
eng_test_track_c_01275,0,0,0,0,0
eng_test_track_c_01276,1,1,0,1,0
eng_test_track_c_01277,0,0,0,0,0
eng_test_track_c_01278,0,0,0,0,0
eng_test_track_c_01279,0,1,0,1,0
eng_test_track_c_01280,0,0,1,0,0
eng_test_track_c_01281,0,0,1,0,1
eng_test_track_c_01282,1,1,0,0,0
eng_test_track_c_01283,0,1,0,1,0
eng_test_track_c_01284,0,1,0,1,0
eng_test_track_c_01285,0,0,1,0,0
eng_test_track_c_01286,0,1,0,1,0
eng_test_track_c_01287,0,1,0,1,0
eng_test_track_c_01288,0,0,0,0,1
eng_test_track_c_01289,0,1,0,1,0
eng_test_track_c_01290,0,0,1,0,0
eng_test_track_c_01291,0,0,0,0,0
eng_test_track_c_01292,0,0,1,0,0
eng_test_track_c_01293,0,0,0,1,1
eng_test_track_c_01294,0,1,0,1,0
eng_test_track_c_01295,0,1,0,0,0
eng_test_track_c_01296,0,1,0,0,1
eng_test_track_c_01297,0,1,0,1,0
eng_test_track_c_01298,1,0,0,1,0
eng_test_track_c_01299,0,0,0,1,1
eng_test_track_c_01300,0,0,1,0,0
eng_test_track_c_01301,0,0,0,0,1
eng_test_track_c_01302,0,0,1,0,0
eng_test_track_c_01303,0,1,0,0,1
eng_test_track_c_01304,0,1,0,1,0
eng_test_track_c_01305,0,1,0,1,0
eng_test_track_c_01306,0,1,0,1,0
eng_test_track_c_01307,0,0,0,0,0
eng_test_track_c_01308,0,0,1,0,0
eng_test_track_c_01309,0,1,0,0,1
eng_test_track_c_01310,0,1,0,0,0
eng_test_track_c_01311,0,0,0,0,0
eng_test_track_c_01312,1,0,0,0,0
eng_test_track_c_01313,1,1,0,0,0
eng_test_track_c_01314,0,0,0,0,0
eng_test_track_c_01315,0,1,0,1,0
eng_test_track_c_01316,0,0,0,0,0
eng_test_track_c_01317,0,0,0,0,1
eng_test_track_c_01318,0,1,0,0,0
eng_test_track_c_01319,0,1,0,0,0
eng_test_track_c_01320,0,0,0,0,0
eng_test_track_c_01321,0,1,0,0,1
eng_test_track_c_01322,0,0,1,0,0
eng_test_track_c_01323,0,1,0,0,1
eng_test_track_c_01324,0,0,0,0,0
eng_test_track_c_01325,0,0,0,1,0
eng_test_track_c_01326,0,1,0,0,1
eng_test_track_c_01327,0,0,1,0,1
eng_test_track_c_01328,0,0,0,0,0
eng_test_track_c_01329,0,1,0,0,0
eng_test_track_c_01330,1,1,0,0,0
eng_test_track_c_01331,0,0,1,0,0
eng_test_track_c_01332,0,0,0,0,1
eng_test_track_c_01333,0,0,1,0,0
eng_test_track_c_01334,1,1,0,0,0
eng_test_track_c_01335,0,0,0,1,0
eng_test_track_c_01336,0,1,0,0,1
eng_test_track_c_01337,0,0,0,0,0
eng_test_track_c_01338,0,0,0,1,0
eng_test_track_c_01339,0,1,0,0,1
eng_test_track_c_01340,0,1,0,1,1
eng_test_track_c_01341,0,0,1,0,0
eng_test_track_c_01342,0,0,0,1,0
eng_test_track_c_01343,0,1,0,1,0
eng_test_track_c_01344,1,0,0,0,0
eng_test_track_c_01345,0,1,0,0,1
eng_test_track_c_01346,0,0,0,0,0
eng_test_track_c_01347,0,1,0,1,0
eng_test_track_c_01348,0,1,0,0,0
eng_test_track_c_01349,0,1,0,1,1
eng_test_track_c_01350,0,1,0,0,0
eng_test_track_c_01351,0,0,0,0,0
eng_test_track_c_01352,1,0,0,0,0
eng_test_track_c_01353,0,0,1,0,0
eng_test_track_c_01354,0,1,0,0,0
eng_test_track_c_01355,0,1,0,1,0
eng_test_track_c_01356,0,0,0,0,0
eng_test_track_c_01357,0,1,0,1,0
eng_test_track_c_01358,0,0,0,0,0
eng_test_track_c_01359,0,1,0,1,1
eng_test_track_c_01360,1,0,0,0,0
eng_test_track_c_01361,0,1,0,0,0
eng_test_track_c_01362,0,0,0,0,0
eng_test_track_c_01363,1,0,0,0,0
eng_test_track_c_01364,0,0,0,0,1
eng_test_track_c_01365,0,0,0,0,0
eng_test_track_c_01366,0,1,0,0,1
eng_test_track_c_01367,0,1,0,0,0
eng_test_track_c_01368,0,0,1,0,0
eng_test_track_c_01369,0,0,1,0,0
eng_test_track_c_01370,0,0,1,0,0
eng_test_track_c_01371,0,1,0,1,0
eng_test_track_c_01372,1,0,0,0,0
eng_test_track_c_01373,0,1,0,1,1
eng_test_track_c_01374,0,1,0,1,0
eng_test_track_c_01375,0,0,1,0,0
eng_test_track_c_01376,0,1,0,0,1
eng_test_track_c_01377,0,1,0,0,1
eng_test_track_c_01378,0,0,0,0,0
eng_test_track_c_01379,0,0,1,0,0
eng_test_track_c_01380,0,1,0,1,0
eng_test_track_c_01381,0,0,0,0,0
eng_test_track_c_01382,0,0,1,0,0
eng_test_track_c_01383,0,1,0,1,0
eng_test_track_c_01384,0,1,0,0,0
eng_test_track_c_01385,0,1,0,0,0
eng_test_track_c_01386,0,1,0,0,0
eng_test_track_c_01387,0,1,0,1,0
eng_test_track_c_01388,0,0,1,0,0
eng_test_track_c_01389,0,1,0,1,0
eng_test_track_c_01390,0,0,1,0,0
eng_test_track_c_01391,0,0,0,0,0
eng_test_track_c_01392,0,0,0,1,0
eng_test_track_c_01393,0,0,1,0,0
eng_test_track_c_01394,0,0,0,0,0
eng_test_track_c_01395,0,1,0,1,0
eng_test_track_c_01396,0,1,0,1,1
eng_test_track_c_01397,0,0,0,0,0
eng_test_track_c_01398,0,1,0,0,0
eng_test_track_c_01399,0,1,0,0,0
eng_test_track_c_01400,0,0,0,0,0
eng_test_track_c_01401,0,1,0,0,1
eng_test_track_c_01402,0,0,0,0,0
eng_test_track_c_01403,0,1,0,1,0
eng_test_track_c_01404,0,0,0,0,0
eng_test_track_c_01405,0,0,0,0,0
eng_test_track_c_01406,0,0,1,0,0
eng_test_track_c_01407,0,1,0,0,1
eng_test_track_c_01408,0,0,0,0,0
eng_test_track_c_01409,0,1,0,0,0
eng_test_track_c_01410,1,0,0,0,0
eng_test_track_c_01411,1,1,0,1,0
eng_test_track_c_01412,0,1,0,0,1
eng_test_track_c_01413,0,0,0,0,1
eng_test_track_c_01414,0,0,0,0,0
eng_test_track_c_01415,0,1,0,0,0
eng_test_track_c_01416,0,0,0,0,0
eng_test_track_c_01417,0,0,0,0,0
eng_test_track_c_01418,0,1,0,0,0
eng_test_track_c_01419,0,0,0,0,0
eng_test_track_c_01420,0,0,1,0,0
eng_test_track_c_01421,1,0,0,0,0
eng_test_track_c_01422,0,0,1,0,0
eng_test_track_c_01423,0,0,0,0,0
eng_test_track_c_01424,0,1,0,0,0
eng_test_track_c_01425,0,1,0,1,0
eng_test_track_c_01426,0,0,0,1,0
eng_test_track_c_01427,0,1,0,1,0
eng_test_track_c_01428,0,1,0,0,0
eng_test_track_c_01429,1,1,0,0,0
eng_test_track_c_01430,0,1,0,0,0
eng_test_track_c_01431,0,0,0,0,0
eng_test_track_c_01432,0,0,0,1,0
eng_test_track_c_01433,0,1,0,1,0
eng_test_track_c_01434,0,1,0,1,1
eng_test_track_c_01435,0,0,0,0,0
eng_test_track_c_01436,0,1,0,0,0
eng_test_track_c_01437,0,1,0,0,1
eng_test_track_c_01438,0,1,0,1,0
eng_test_track_c_01439,0,1,0,1,0
eng_test_track_c_01440,0,0,1,0,0
eng_test_track_c_01441,0,1,0,0,0
eng_test_track_c_01442,0,1,0,0,1
eng_test_track_c_01443,0,0,1,0,0
eng_test_track_c_01444,0,1,0,1,0
eng_test_track_c_01445,0,0,1,0,0
eng_test_track_c_01446,0,1,0,0,0
eng_test_track_c_01447,0,0,1,0,0
eng_test_track_c_01448,0,0,0,1,0
eng_test_track_c_01449,0,0,0,0,0
eng_test_track_c_01450,0,1,0,0,1
eng_test_track_c_01451,0,0,0,0,0
eng_test_track_c_01452,0,1,0,0,0
eng_test_track_c_01453,0,0,0,0,1
eng_test_track_c_01454,0,0,0,0,1
eng_test_track_c_01455,0,1,0,0,1
eng_test_track_c_01456,0,1,0,0,1
eng_test_track_c_01457,0,0,0,1,0
eng_test_track_c_01458,0,1,0,0,1
eng_test_track_c_01459,0,0,0,0,1
eng_test_track_c_01460,0,1,0,0,0
eng_test_track_c_01461,0,0,0,0,0
eng_test_track_c_01462,0,1,0,1,0
eng_test_track_c_01463,0,0,0,1,0
eng_test_track_c_01464,1,1,0,0,0
eng_test_track_c_01465,0,0,0,0,0
eng_test_track_c_01466,0,1,0,0,0
eng_test_track_c_01467,0,1,0,0,1
eng_test_track_c_01468,0,1,0,1,0
eng_test_track_c_01469,0,1,0,1,0
eng_test_track_c_01470,0,1,0,0,1
eng_test_track_c_01471,0,0,0,0,1
eng_test_track_c_01472,0,0,1,0,0
eng_test_track_c_01473,0,1,0,0,1
eng_test_track_c_01474,0,0,0,0,1
eng_test_track_c_01475,0,0,0,0,0
eng_test_track_c_01476,0,1,0,0,0
eng_test_track_c_01477,0,1,0,0,0
eng_test_track_c_01478,0,1,0,1,0
eng_test_track_c_01479,0,0,0,1,0
eng_test_track_c_01480,0,1,0,0,0
eng_test_track_c_01481,0,1,0,1,0
eng_test_track_c_01482,0,1,0,0,1
eng_test_track_c_01483,0,1,0,1,0
eng_test_track_c_01484,0,0,1,0,0
eng_test_track_c_01485,0,1,0,0,1
eng_test_track_c_01486,0,1,0,0,1
eng_test_track_c_01487,0,0,1,0,0
eng_test_track_c_01488,0,0,1,0,0
eng_test_track_c_01489,0,1,0,1,0
eng_test_track_c_01490,0,1,0,0,0
eng_test_track_c_01491,0,1,0,1,0
eng_test_track_c_01492,0,1,0,0,1
eng_test_track_c_01493,0,0,0,0,1
eng_test_track_c_01494,0,0,1,0,0
eng_test_track_c_01495,0,1,0,1,0
eng_test_track_c_01496,0,1,0,0,1
eng_test_track_c_01497,0,1,0,1,0
eng_test_track_c_01498,0,1,0,0,1
eng_test_track_c_01499,0,1,0,0,0
eng_test_track_c_01500,0,0,0,0,0
eng_test_track_c_01501,0,0,0,0,1
eng_test_track_c_01502,0,1,0,0,1
eng_test_track_c_01503,0,0,0,0,1
eng_test_track_c_01504,0,0,1,0,0
eng_test_track_c_01505,0,0,1,0,0
eng_test_track_c_01506,0,1,0,0,0
eng_test_track_c_01507,0,1,0,0,0
eng_test_track_c_01508,0,1,0,0,1
eng_test_track_c_01509,0,1,0,0,0
eng_test_track_c_01510,0,0,1,0,0
eng_test_track_c_01511,0,0,1,0,0
eng_test_track_c_01512,0,1,0,0,1
eng_test_track_c_01513,0,0,1,0,0
eng_test_track_c_01514,0,0,0,0,0
eng_test_track_c_01515,0,1,0,0,0
eng_test_track_c_01516,0,1,0,1,0
eng_test_track_c_01517,0,1,0,0,1
eng_test_track_c_01518,1,0,0,0,0
eng_test_track_c_01519,0,1,0,1,1
eng_test_track_c_01520,0,1,0,0,0
eng_test_track_c_01521,0,1,0,0,1
eng_test_track_c_01522,0,1,0,0,0
eng_test_track_c_01523,0,1,0,1,1
eng_test_track_c_01524,0,1,0,0,0
eng_test_track_c_01525,0,0,1,0,0
eng_test_track_c_01526,0,0,0,0,0
eng_test_track_c_01527,0,1,0,0,0
eng_test_track_c_01528,0,1,0,0,1
eng_test_track_c_01529,0,1,0,0,0
eng_test_track_c_01530,0,1,0,0,1
eng_test_track_c_01531,0,0,0,0,0
eng_test_track_c_01532,0,1,0,0,0
eng_test_track_c_01533,0,1,0,0,0
eng_test_track_c_01534,0,0,0,1,0
eng_test_track_c_01535,0,0,0,0,0
eng_test_track_c_01536,0,0,1,0,0
eng_test_track_c_01537,0,1,0,0,0
eng_test_track_c_01538,0,1,0,1,1
eng_test_track_c_01539,0,0,0,1,0
eng_test_track_c_01540,0,1,0,0,0
eng_test_track_c_01541,0,0,0,0,1
eng_test_track_c_01542,0,1,0,0,1
eng_test_track_c_01543,0,0,0,0,1
eng_test_track_c_01544,0,1,0,0,1
eng_test_track_c_01545,0,1,0,0,0
eng_test_track_c_01546,0,0,0,1,0
eng_test_track_c_01547,0,1,0,0,0
eng_test_track_c_01548,0,0,1,0,0
eng_test_track_c_01549,0,1,0,0,0
eng_test_track_c_01550,0,0,0,0,0
eng_test_track_c_01551,0,0,1,0,0
eng_test_track_c_01552,0,1,0,0,0
eng_test_track_c_01553,0,1,0,0,0
eng_test_track_c_01554,0,1,0,0,0
eng_test_track_c_01555,0,0,0,1,0
eng_test_track_c_01556,0,0,1,0,0
eng_test_track_c_01557,0,1,0,1,0
eng_test_track_c_01558,1,1,0,0,0
eng_test_track_c_01559,0,1,0,1,0
eng_test_track_c_01560,0,0,0,0,1
eng_test_track_c_01561,0,0,1,0,0
eng_test_track_c_01562,0,1,0,0,0
eng_test_track_c_01563,0,0,1,0,1
eng_test_track_c_01564,0,0,0,0,0
eng_test_track_c_01565,0,0,0,0,0
eng_test_track_c_01566,0,1,0,1,0
eng_test_track_c_01567,0,1,0,1,0
eng_test_track_c_01568,0,1,0,0,1
eng_test_track_c_01569,0,0,1,0,0
eng_test_track_c_01570,0,0,1,0,1
eng_test_track_c_01571,0,1,0,1,0
eng_test_track_c_01572,0,1,0,0,1
eng_test_track_c_01573,0,1,0,1,0
eng_test_track_c_01574,0,1,0,1,0
eng_test_track_c_01575,0,1,0,0,1
eng_test_track_c_01576,0,1,0,0,0
eng_test_track_c_01577,0,0,0,0,0
eng_test_track_c_01578,0,1,0,0,1
eng_test_track_c_01579,0,1,0,0,1
eng_test_track_c_01580,0,1,0,0,0
eng_test_track_c_01581,0,1,0,1,0
eng_test_track_c_01582,0,0,0,0,0
eng_test_track_c_01583,0,1,0,0,1
eng_test_track_c_01584,0,1,0,1,0
eng_test_track_c_01585,0,0,0,0,1
eng_test_track_c_01586,0,1,0,1,0
eng_test_track_c_01587,0,1,0,1,0
eng_test_track_c_01588,0,0,1,0,0
eng_test_track_c_01589,0,1,0,0,0
eng_test_track_c_01590,0,1,0,1,0
eng_test_track_c_01591,0,0,1,0,0
eng_test_track_c_01592,0,1,0,1,0
eng_test_track_c_01593,0,0,1,1,0
eng_test_track_c_01594,0,0,0,0,0
eng_test_track_c_01595,0,1,0,0,1
eng_test_track_c_01596,0,1,0,0,1
eng_test_track_c_01597,0,1,0,1,1
eng_test_track_c_01598,0,1,0,0,0
eng_test_track_c_01599,0,1,0,0,1
eng_test_track_c_01600,0,1,0,0,1
eng_test_track_c_01601,0,1,0,0,0
eng_test_track_c_01602,0,1,0,1,0
eng_test_track_c_01603,0,0,0,0,0
eng_test_track_c_01604,0,1,0,0,0
eng_test_track_c_01605,0,1,0,1,0
eng_test_track_c_01606,0,1,0,0,1
eng_test_track_c_01607,0,0,0,0,0
eng_test_track_c_01608,0,1,0,0,0
eng_test_track_c_01609,0,0,1,0,1
eng_test_track_c_01610,0,1,0,0,0
eng_test_track_c_01611,0,1,0,1,1
eng_test_track_c_01612,0,1,0,0,1
eng_test_track_c_01613,0,1,0,0,1
eng_test_track_c_01614,1,1,0,0,0
eng_test_track_c_01615,0,1,0,1,1
eng_test_track_c_01616,0,1,0,0,0
eng_test_track_c_01617,0,1,0,0,0
eng_test_track_c_01618,0,0,0,1,0
eng_test_track_c_01619,0,1,0,0,1
eng_test_track_c_01620,1,0,0,0,0
eng_test_track_c_01621,0,0,1,0,0
eng_test_track_c_01622,0,1,0,0,1
eng_test_track_c_01623,0,0,0,0,0
eng_test_track_c_01624,0,1,0,1,0
eng_test_track_c_01625,0,1,0,0,1
eng_test_track_c_01626,0,0,1,0,0
eng_test_track_c_01627,0,0,0,0,0
eng_test_track_c_01628,0,0,0,0,0
eng_test_track_c_01629,0,1,0,1,0
eng_test_track_c_01630,0,1,0,0,1
eng_test_track_c_01631,0,0,0,1,0
eng_test_track_c_01632,0,1,0,0,0
eng_test_track_c_01633,0,1,0,1,0
eng_test_track_c_01634,0,1,0,0,0
eng_test_track_c_01635,0,0,1,0,0
eng_test_track_c_01636,0,1,0,0,1
eng_test_track_c_01637,0,1,0,0,1
eng_test_track_c_01638,0,0,1,0,0
eng_test_track_c_01639,0,1,0,1,0
eng_test_track_c_01640,0,1,0,1,0
eng_test_track_c_01641,0,0,0,1,0
eng_test_track_c_01642,0,1,0,1,0
eng_test_track_c_01643,0,1,0,0,1
eng_test_track_c_01644,0,1,0,0,0
eng_test_track_c_01645,0,0,1,0,0
eng_test_track_c_01646,0,1,0,1,0
eng_test_track_c_01647,0,1,0,0,0
eng_test_track_c_01648,0,0,1,0,0
eng_test_track_c_01649,0,0,0,0,1
eng_test_track_c_01650,0,1,0,0,1
eng_test_track_c_01651,0,1,0,0,1
eng_test_track_c_01652,0,1,0,1,1
eng_test_track_c_01653,0,1,0,0,0
eng_test_track_c_01654,0,0,1,0,0
eng_test_track_c_01655,0,0,0,0,0
eng_test_track_c_01656,0,0,1,0,0
eng_test_track_c_01657,0,0,1,0,0
eng_test_track_c_01658,0,1,0,1,1
eng_test_track_c_01659,0,1,0,1,0
eng_test_track_c_01660,1,1,0,0,1
eng_test_track_c_01661,0,1,0,0,0
eng_test_track_c_01662,0,1,0,0,0
eng_test_track_c_01663,0,1,0,1,0
eng_test_track_c_01664,0,0,0,0,1
eng_test_track_c_01665,0,0,1,0,0
eng_test_track_c_01666,0,0,0,0,1
eng_test_track_c_01667,0,1,0,0,0
eng_test_track_c_01668,0,1,0,1,1
eng_test_track_c_01669,0,0,1,0,0
eng_test_track_c_01670,0,1,0,0,0
eng_test_track_c_01671,0,1,0,0,0
eng_test_track_c_01672,0,1,0,0,0
eng_test_track_c_01673,0,1,0,1,0
eng_test_track_c_01674,1,1,0,0,0
eng_test_track_c_01675,0,0,1,0,0
eng_test_track_c_01676,0,1,0,1,1
eng_test_track_c_01677,0,1,0,0,1
eng_test_track_c_01678,0,0,1,0,0
eng_test_track_c_01679,0,1,0,1,0
eng_test_track_c_01680,0,0,0,0,1
eng_test_track_c_01681,0,0,0,0,1
eng_test_track_c_01682,0,1,0,0,0
eng_test_track_c_01683,0,1,0,1,0
eng_test_track_c_01684,0,0,0,0,0
eng_test_track_c_01685,0,0,0,0,0
eng_test_track_c_01686,0,0,0,0,0
eng_test_track_c_01687,0,1,0,0,1
eng_test_track_c_01688,0,0,1,0,0
eng_test_track_c_01689,0,0,0,1,0
eng_test_track_c_01690,0,1,0,0,0
eng_test_track_c_01691,0,1,0,0,0
eng_test_track_c_01692,0,0,0,1,0
eng_test_track_c_01693,0,1,0,0,0
eng_test_track_c_01694,0,1,0,0,1
eng_test_track_c_01695,0,0,0,0,1
eng_test_track_c_01696,0,1,0,0,0
eng_test_track_c_01697,0,1,0,0,0
eng_test_track_c_01698,0,1,0,1,0
eng_test_track_c_01699,0,1,0,0,0
eng_test_track_c_01700,0,1,0,0,1
eng_test_track_c_01701,0,1,0,0,1
eng_test_track_c_01702,0,0,0,0,1
eng_test_track_c_01703,0,1,0,0,1
eng_test_track_c_01704,1,0,0,0,0
eng_test_track_c_01705,0,1,0,0,1
eng_test_track_c_01706,0,1,0,1,0
eng_test_track_c_01707,0,0,0,0,0
eng_test_track_c_01708,0,0,0,0,0
eng_test_track_c_01709,0,0,1,0,0
eng_test_track_c_01710,0,1,0,1,0
eng_test_track_c_01711,1,1,0,0,0
eng_test_track_c_01712,0,1,0,0,1
eng_test_track_c_01713,0,1,0,0,0
eng_test_track_c_01714,0,1,0,0,0
eng_test_track_c_01715,0,0,0,0,0
eng_test_track_c_01716,0,1,0,0,0
eng_test_track_c_01717,0,0,1,0,0
eng_test_track_c_01718,0,0,0,0,0
eng_test_track_c_01719,1,0,0,0,0
eng_test_track_c_01720,0,1,0,0,1
eng_test_track_c_01721,1,0,0,0,1
eng_test_track_c_01722,0,1,0,1,1
eng_test_track_c_01723,0,0,1,0,0
eng_test_track_c_01724,0,0,0,0,1
eng_test_track_c_01725,0,1,0,0,0
eng_test_track_c_01726,0,1,0,0,0
eng_test_track_c_01727,0,1,0,0,1
eng_test_track_c_01728,0,1,0,1,1
eng_test_track_c_01729,0,1,0,0,1
eng_test_track_c_01730,0,1,0,0,0
eng_test_track_c_01731,0,0,0,0,1
eng_test_track_c_01732,0,1,0,1,1
eng_test_track_c_01733,0,1,0,0,1
eng_test_track_c_01734,0,1,0,0,1
eng_test_track_c_01735,0,1,0,1,0
eng_test_track_c_01736,0,1,0,0,1
eng_test_track_c_01737,0,1,0,0,1
eng_test_track_c_01738,0,0,1,0,0
eng_test_track_c_01739,0,1,0,0,0
eng_test_track_c_01740,0,1,0,1,0
eng_test_track_c_01741,0,1,0,1,0
eng_test_track_c_01742,0,1,0,1,0
eng_test_track_c_01743,0,1,0,0,0
eng_test_track_c_01744,0,1,0,1,1
eng_test_track_c_01745,0,1,0,0,0
eng_test_track_c_01746,0,1,0,1,0
eng_test_track_c_01747,0,0,0,0,0
eng_test_track_c_01748,0,1,0,0,0
eng_test_track_c_01749,0,1,0,1,0
eng_test_track_c_01750,0,0,0,0,0
eng_test_track_c_01751,0,0,0,0,0
eng_test_track_c_01752,0,1,0,0,1
eng_test_track_c_01753,0,0,0,0,0
eng_test_track_c_01754,0,1,0,0,0
eng_test_track_c_01755,1,1,0,1,0
eng_test_track_c_01756,0,1,0,0,0
eng_test_track_c_01757,0,0,0,1,0
eng_test_track_c_01758,0,1,0,0,0
eng_test_track_c_01759,1,0,0,0,0
eng_test_track_c_01760,0,0,0,0,0
eng_test_track_c_01761,0,0,1,0,0
eng_test_track_c_01762,0,1,0,0,1
eng_test_track_c_01763,0,1,0,0,1
eng_test_track_c_01764,0,0,0,0,0
eng_test_track_c_01765,0,0,0,1,0
eng_test_track_c_01766,0,0,1,0,1
eng_test_track_c_01767,0,1,0,0,1
eng_test_track_c_01768,0,1,0,1,0
eng_test_track_c_01769,0,1,0,0,0
eng_test_track_c_01770,0,0,0,0,0
eng_test_track_c_01771,0,0,0,0,1
eng_test_track_c_01772,0,0,1,0,0
eng_test_track_c_01773,0,1,0,0,1
eng_test_track_c_01774,0,1,0,1,0
eng_test_track_c_01775,0,0,1,0,0
eng_test_track_c_01776,0,1,0,0,0
eng_test_track_c_01777,1,0,0,0,0
eng_test_track_c_01778,0,1,0,1,0
eng_test_track_c_01779,1,0,0,0,0
eng_test_track_c_01780,0,1,0,1,0
eng_test_track_c_01781,0,1,0,1,0
eng_test_track_c_01782,0,0,1,0,0
eng_test_track_c_01783,0,1,0,1,0
eng_test_track_c_01784,0,0,0,0,0
eng_test_track_c_01785,0,1,0,0,1
eng_test_track_c_01786,0,1,0,0,0
eng_test_track_c_01787,1,0,0,1,0
eng_test_track_c_01788,0,1,0,0,1
eng_test_track_c_01789,0,1,0,0,1
eng_test_track_c_01790,0,1,0,0,1
eng_test_track_c_01791,0,1,0,0,0
eng_test_track_c_01792,0,1,0,0,0
eng_test_track_c_01793,0,1,0,1,0
eng_test_track_c_01794,0,1,0,1,0
eng_test_track_c_01795,0,0,1,0,0
eng_test_track_c_01796,0,0,0,0,1
eng_test_track_c_01797,0,1,0,0,1
eng_test_track_c_01798,0,1,0,0,0
eng_test_track_c_01799,0,1,0,1,0
eng_test_track_c_01800,0,0,0,1,0
eng_test_track_c_01801,0,1,0,0,1
eng_test_track_c_01802,0,0,0,0,0
eng_test_track_c_01803,0,0,0,0,0
eng_test_track_c_01804,0,1,0,0,1
eng_test_track_c_01805,0,0,0,0,0
eng_test_track_c_01806,0,1,0,0,0
eng_test_track_c_01807,0,1,0,1,1
eng_test_track_c_01808,0,0,1,0,0
eng_test_track_c_01809,0,1,0,0,1
eng_test_track_c_01810,0,1,0,1,1
eng_test_track_c_01811,0,0,1,0,0
eng_test_track_c_01812,0,1,0,1,0
eng_test_track_c_01813,0,0,0,0,1
eng_test_track_c_01814,0,1,0,0,0
eng_test_track_c_01815,0,1,0,0,1
eng_test_track_c_01816,0,1,0,0,1
eng_test_track_c_01817,0,1,0,0,1
eng_test_track_c_01818,0,1,0,0,1
eng_test_track_c_01819,0,1,0,1,1
eng_test_track_c_01820,0,0,1,0,0
eng_test_track_c_01821,0,1,0,1,0
eng_test_track_c_01822,0,0,1,0,0
eng_test_track_c_01823,0,1,0,1,1
eng_test_track_c_01824,0,1,0,1,0
eng_test_track_c_01825,0,0,0,0,1
eng_test_track_c_01826,0,0,0,0,0
eng_test_track_c_01827,0,1,0,1,0
eng_test_track_c_01828,0,0,0,0,0
eng_test_track_c_01829,0,0,1,0,0
eng_test_track_c_01830,0,1,0,0,1
eng_test_track_c_01831,0,1,0,1,0
eng_test_track_c_01832,0,0,1,0,0
eng_test_track_c_01833,0,1,0,1,0
eng_test_track_c_01834,0,0,0,0,0
eng_test_track_c_01835,0,0,1,0,0
eng_test_track_c_01836,0,1,0,1,1
eng_test_track_c_01837,0,1,0,0,0
eng_test_track_c_01838,0,0,0,1,0
eng_test_track_c_01839,0,1,0,0,1
eng_test_track_c_01840,0,0,0,1,0
eng_test_track_c_01841,0,1,0,0,0
eng_test_track_c_01842,0,1,0,0,0
eng_test_track_c_01843,0,1,0,0,0
eng_test_track_c_01844,0,0,1,0,0
eng_test_track_c_01845,0,0,0,1,0
eng_test_track_c_01846,0,1,0,1,1
eng_test_track_c_01847,0,0,1,0,0
eng_test_track_c_01848,0,1,0,1,0
eng_test_track_c_01849,0,1,0,1,0
eng_test_track_c_01850,0,1,0,0,0
eng_test_track_c_01851,0,1,0,0,0
eng_test_track_c_01852,0,1,0,0,1
eng_test_track_c_01853,1,1,0,0,1
eng_test_track_c_01854,0,1,0,0,1
eng_test_track_c_01855,0,1,0,0,1
eng_test_track_c_01856,0,1,0,1,0
eng_test_track_c_01857,0,1,0,1,0
eng_test_track_c_01858,0,0,0,0,1
eng_test_track_c_01859,0,0,1,0,0
eng_test_track_c_01860,0,1,0,1,0
eng_test_track_c_01861,0,1,0,1,1
eng_test_track_c_01862,0,0,0,1,0
eng_test_track_c_01863,0,0,1,0,1
eng_test_track_c_01864,1,1,0,0,1
eng_test_track_c_01865,0,0,1,0,0
eng_test_track_c_01866,0,0,0,0,1
eng_test_track_c_01867,0,1,0,0,0
eng_test_track_c_01868,0,1,0,1,1
eng_test_track_c_01869,0,0,1,0,0
eng_test_track_c_01870,0,0,0,0,1
eng_test_track_c_01871,0,0,1,0,1
eng_test_track_c_01872,0,1,0,1,0
eng_test_track_c_01873,0,1,0,0,0
eng_test_track_c_01874,0,1,0,0,1
eng_test_track_c_01875,0,1,0,0,1
eng_test_track_c_01876,0,1,0,1,0
eng_test_track_c_01877,0,1,0,0,1
eng_test_track_c_01878,0,1,0,1,1
eng_test_track_c_01879,0,1,0,0,0
eng_test_track_c_01880,0,0,1,0,0
eng_test_track_c_01881,0,1,0,0,1
eng_test_track_c_01882,0,1,0,1,0
eng_test_track_c_01883,0,1,0,0,0
eng_test_track_c_01884,0,1,0,0,0
eng_test_track_c_01885,0,1,0,0,0
eng_test_track_c_01886,1,0,0,0,1
eng_test_track_c_01887,0,1,0,0,1
eng_test_track_c_01888,0,1,0,0,1
eng_test_track_c_01889,0,0,1,0,0
eng_test_track_c_01890,0,1,0,0,1
eng_test_track_c_01891,0,0,0,0,0
eng_test_track_c_01892,0,0,1,0,0
eng_test_track_c_01893,0,1,0,0,1
eng_test_track_c_01894,0,0,0,0,0
eng_test_track_c_01895,0,1,0,0,1
eng_test_track_c_01896,0,0,1,0,0
eng_test_track_c_01897,0,1,0,0,1
eng_test_track_c_01898,0,0,0,0,0
eng_test_track_c_01899,0,0,0,1,0
eng_test_track_c_01900,0,1,0,1,0
eng_test_track_c_01901,0,1,0,1,0
eng_test_track_c_01902,0,1,0,1,0
eng_test_track_c_01903,0,0,0,0,1
eng_test_track_c_01904,0,0,0,0,0
eng_test_track_c_01905,0,0,0,0,0
eng_test_track_c_01906,0,1,0,0,1
eng_test_track_c_01907,0,0,1,0,0
eng_test_track_c_01908,0,0,0,0,0
eng_test_track_c_01909,0,0,0,0,1
eng_test_track_c_01910,0,1,0,1,0
eng_test_track_c_01911,0,1,0,1,0
eng_test_track_c_01912,0,1,0,0,0
eng_test_track_c_01913,0,0,0,1,0
eng_test_track_c_01914,0,1,0,0,0
eng_test_track_c_01915,0,0,1,0,0
eng_test_track_c_01916,0,1,0,0,0
eng_test_track_c_01917,0,1,0,0,0
eng_test_track_c_01918,0,1,0,1,0
eng_test_track_c_01919,0,0,0,0,0
eng_test_track_c_01920,0,0,1,0,0
eng_test_track_c_01921,0,0,0,0,0
eng_test_track_c_01922,0,0,0,0,0
eng_test_track_c_01923,0,0,0,0,1
eng_test_track_c_01924,0,1,0,0,1
eng_test_track_c_01925,0,1,0,1,0
eng_test_track_c_01926,0,0,0,0,1
eng_test_track_c_01927,0,0,0,0,0
eng_test_track_c_01928,0,1,0,0,1
eng_test_track_c_01929,0,1,0,0,1
eng_test_track_c_01930,0,1,0,1,0
eng_test_track_c_01931,0,1,0,1,0
eng_test_track_c_01932,0,0,0,0,0
eng_test_track_c_01933,1,0,0,0,0
eng_test_track_c_01934,0,0,0,1,0
eng_test_track_c_01935,0,1,0,1,1
eng_test_track_c_01936,0,1,0,0,0
eng_test_track_c_01937,0,1,0,0,0
eng_test_track_c_01938,0,1,0,0,0
eng_test_track_c_01939,0,0,0,1,0
eng_test_track_c_01940,0,1,0,0,1
eng_test_track_c_01941,0,1,0,0,0
eng_test_track_c_01942,0,1,0,0,0
eng_test_track_c_01943,0,1,0,1,0
eng_test_track_c_01944,0,0,0,1,0
eng_test_track_c_01945,1,1,0,0,1
eng_test_track_c_01946,0,1,0,1,0
eng_test_track_c_01947,0,0,1,0,0
eng_test_track_c_01948,0,1,0,0,0
eng_test_track_c_01949,1,0,0,0,0
eng_test_track_c_01950,0,1,0,0,1
eng_test_track_c_01951,0,0,0,1,0
eng_test_track_c_01952,0,1,0,1,0
eng_test_track_c_01953,0,1,0,0,1
eng_test_track_c_01954,0,1,0,0,0
eng_test_track_c_01955,0,0,1,0,0
eng_test_track_c_01956,0,0,1,0,0
eng_test_track_c_01957,0,1,0,0,0
eng_test_track_c_01958,1,0,0,0,0
eng_test_track_c_01959,0,0,0,0,0
eng_test_track_c_01960,0,1,0,0,0
eng_test_track_c_01961,0,1,0,0,1
eng_test_track_c_01962,0,0,0,0,0
eng_test_track_c_01963,0,1,0,1,0
eng_test_track_c_01964,0,0,0,0,1
eng_test_track_c_01965,0,0,1,0,0
eng_test_track_c_01966,0,0,0,0,0
eng_test_track_c_01967,0,0,0,1,0
eng_test_track_c_01968,0,1,0,1,0
eng_test_track_c_01969,0,0,0,1,0
eng_test_track_c_01970,0,1,0,1,0
eng_test_track_c_01971,0,1,0,0,0
eng_test_track_c_01972,0,0,0,0,1
eng_test_track_c_01973,0,1,0,0,0
eng_test_track_c_01974,0,1,0,0,1
eng_test_track_c_01975,0,1,0,1,1
eng_test_track_c_01976,0,1,0,0,1
eng_test_track_c_01977,0,0,0,1,0
eng_test_track_c_01978,0,1,0,0,1
eng_test_track_c_01979,0,1,0,0,0
eng_test_track_c_01980,0,1,0,1,0
eng_test_track_c_01981,0,0,1,0,0
eng_test_track_c_01982,0,0,0,0,0
eng_test_track_c_01983,0,0,0,1,0
eng_test_track_c_01984,0,0,1,0,0
eng_test_track_c_01985,0,1,0,1,0
eng_test_track_c_01986,0,1,0,0,0
eng_test_track_c_01987,0,1,0,0,0
eng_test_track_c_01988,0,0,1,0,0
eng_test_track_c_01989,0,0,0,1,0
eng_test_track_c_01990,0,0,1,0,1
eng_test_track_c_01991,0,1,0,1,0
eng_test_track_c_01992,0,1,0,0,0
eng_test_track_c_01993,0,1,0,1,0
eng_test_track_c_01994,0,0,1,0,0
eng_test_track_c_01995,0,1,0,1,0
eng_test_track_c_01996,0,1,0,0,0
eng_test_track_c_01997,0,0,0,0,0
eng_test_track_c_01998,0,1,0,0,1
eng_test_track_c_01999,0,0,1,0,0
eng_test_track_c_02000,0,1,0,0,1
eng_test_track_c_02001,0,1,0,0,1
eng_test_track_c_02002,0,1,0,1,0
eng_test_track_c_02003,0,1,0,0,0
eng_test_track_c_02004,0,0,1,0,0
eng_test_track_c_02005,0,1,0,1,0
eng_test_track_c_02006,0,0,1,0,0
eng_test_track_c_02007,0,0,0,1,0
eng_test_track_c_02008,0,1,0,1,0
eng_test_track_c_02009,0,0,1,0,1
eng_test_track_c_02010,0,0,1,0,0
eng_test_track_c_02011,0,1,0,0,0
eng_test_track_c_02012,0,1,0,0,1
eng_test_track_c_02013,0,1,0,0,0
eng_test_track_c_02014,0,1,0,1,0
eng_test_track_c_02015,0,0,0,0,0
eng_test_track_c_02016,0,1,0,1,0
eng_test_track_c_02017,0,0,0,0,0
eng_test_track_c_02018,0,0,1,0,0
eng_test_track_c_02019,0,1,0,1,0
eng_test_track_c_02020,0,1,0,0,1
eng_test_track_c_02021,0,1,0,0,1
eng_test_track_c_02022,0,1,0,0,0
eng_test_track_c_02023,0,0,0,0,1
eng_test_track_c_02024,0,1,0,0,1
eng_test_track_c_02025,0,1,0,0,0
eng_test_track_c_02026,0,1,0,0,1
eng_test_track_c_02027,0,1,0,0,0
eng_test_track_c_02028,0,1,0,0,0
eng_test_track_c_02029,0,1,0,0,0
eng_test_track_c_02030,0,1,0,0,0
eng_test_track_c_02031,0,0,0,0,0
eng_test_track_c_02032,0,0,1,0,0
eng_test_track_c_02033,0,0,0,0,0
eng_test_track_c_02034,0,1,0,0,0
eng_test_track_c_02035,0,0,0,0,0
eng_test_track_c_02036,0,0,0,0,0
eng_test_track_c_02037,0,0,0,0,0
eng_test_track_c_02038,0,0,0,1,1
eng_test_track_c_02039,0,1,0,1,0
eng_test_track_c_02040,0,0,1,0,0
eng_test_track_c_02041,0,1,0,0,0
eng_test_track_c_02042,0,0,0,0,1
eng_test_track_c_02043,0,0,1,0,0
eng_test_track_c_02044,0,0,0,0,1
eng_test_track_c_02045,0,0,1,0,0
eng_test_track_c_02046,0,1,0,0,0
eng_test_track_c_02047,0,1,0,1,0
eng_test_track_c_02048,0,1,0,0,1
eng_test_track_c_02049,0,1,0,0,1
eng_test_track_c_02050,0,1,0,1,0
eng_test_track_c_02051,0,1,0,0,1
eng_test_track_c_02052,0,1,0,0,1
eng_test_track_c_02053,0,1,0,0,0
eng_test_track_c_02054,0,1,0,0,0
eng_test_track_c_02055,0,0,0,0,0
eng_test_track_c_02056,0,0,0,0,1
eng_test_track_c_02057,0,0,0,0,1
eng_test_track_c_02058,1,1,0,0,0
eng_test_track_c_02059,0,0,1,0,0
eng_test_track_c_02060,0,0,1,0,1
eng_test_track_c_02061,0,0,0,0,0
eng_test_track_c_02062,0,0,1,0,1
eng_test_track_c_02063,0,1,0,0,1
eng_test_track_c_02064,1,1,0,0,0
eng_test_track_c_02065,0,1,0,1,0
eng_test_track_c_02066,0,1,0,0,0
eng_test_track_c_02067,0,1,0,1,0
eng_test_track_c_02068,0,1,0,0,0
eng_test_track_c_02069,0,1,0,0,0
eng_test_track_c_02070,0,1,0,0,0
eng_test_track_c_02071,0,1,0,0,1
eng_test_track_c_02072,0,1,0,0,0
eng_test_track_c_02073,0,1,0,0,1
eng_test_track_c_02074,0,1,0,1,0
eng_test_track_c_02075,0,1,0,0,1
eng_test_track_c_02076,0,0,0,0,1
eng_test_track_c_02077,0,0,0,0,1
eng_test_track_c_02078,0,0,1,0,0
eng_test_track_c_02079,0,1,0,1,0
eng_test_track_c_02080,0,1,0,0,0
eng_test_track_c_02081,0,0,1,0,0
eng_test_track_c_02082,0,1,0,0,0
eng_test_track_c_02083,0,0,1,0,0
eng_test_track_c_02084,0,0,0,0,1
eng_test_track_c_02085,0,1,0,0,1
eng_test_track_c_02086,0,1,0,1,1
eng_test_track_c_02087,0,0,0,1,0
eng_test_track_c_02088,0,1,0,0,0
eng_test_track_c_02089,0,0,0,0,0
eng_test_track_c_02090,0,0,0,1,0
eng_test_track_c_02091,0,0,0,0,0
eng_test_track_c_02092,0,0,0,0,0
eng_test_track_c_02093,0,1,0,0,0
eng_test_track_c_02094,0,1,0,0,0
eng_test_track_c_02095,0,1,0,0,0
eng_test_track_c_02096,0,1,0,0,1
eng_test_track_c_02097,0,0,0,0,0
eng_test_track_c_02098,0,1,0,1,0
eng_test_track_c_02099,1,0,0,1,0
eng_test_track_c_02100,0,1,0,1,0
eng_test_track_c_02101,0,0,1,0,0
eng_test_track_c_02102,0,1,0,0,1
eng_test_track_c_02103,0,1,0,1,1
eng_test_track_c_02104,0,0,0,0,1
eng_test_track_c_02105,0,1,0,0,0
eng_test_track_c_02106,0,0,0,0,0
eng_test_track_c_02107,0,0,0,1,0
eng_test_track_c_02108,0,1,0,0,0
eng_test_track_c_02109,0,0,1,0,1
eng_test_track_c_02110,0,1,0,0,1
eng_test_track_c_02111,1,1,0,1,1
eng_test_track_c_02112,0,1,0,0,0
eng_test_track_c_02113,0,0,0,0,1
eng_test_track_c_02114,0,1,0,1,1
eng_test_track_c_02115,0,0,0,0,0
eng_test_track_c_02116,0,0,1,0,0
eng_test_track_c_02117,0,0,0,0,0
eng_test_track_c_02118,0,1,0,0,0
eng_test_track_c_02119,0,0,1,0,0
eng_test_track_c_02120,0,1,0,0,1
eng_test_track_c_02121,0,1,0,0,1
eng_test_track_c_02122,0,1,0,0,0
eng_test_track_c_02123,0,0,0,0,1
eng_test_track_c_02124,1,0,0,0,0
eng_test_track_c_02125,0,1,0,0,0
eng_test_track_c_02126,0,1,0,1,0
eng_test_track_c_02127,0,0,1,0,0
eng_test_track_c_02128,0,0,1,0,1
eng_test_track_c_02129,0,0,1,0,0
eng_test_track_c_02130,1,1,0,0,1
eng_test_track_c_02131,0,0,1,0,0
eng_test_track_c_02132,0,0,0,1,0
eng_test_track_c_02133,0,1,0,0,0
eng_test_track_c_02134,0,0,0,0,1
eng_test_track_c_02135,0,1,0,0,0
eng_test_track_c_02136,0,1,0,1,0
eng_test_track_c_02137,0,0,0,0,0
eng_test_track_c_02138,0,1,0,1,0
eng_test_track_c_02139,0,0,1,0,0
eng_test_track_c_02140,0,0,0,0,0
eng_test_track_c_02141,0,0,0,0,0
eng_test_track_c_02142,0,1,0,0,1
eng_test_track_c_02143,0,0,1,0,0
eng_test_track_c_02144,0,1,0,0,0
eng_test_track_c_02145,0,1,0,1,0
eng_test_track_c_02146,1,0,0,0,0
eng_test_track_c_02147,0,1,0,1,0
eng_test_track_c_02148,0,0,0,0,1
eng_test_track_c_02149,0,1,0,1,0
eng_test_track_c_02150,0,0,0,0,1
eng_test_track_c_02151,0,1,0,0,0
eng_test_track_c_02152,0,0,0,0,0
eng_test_track_c_02153,0,1,0,0,0
eng_test_track_c_02154,0,0,0,0,0
eng_test_track_c_02155,0,1,0,0,1
eng_test_track_c_02156,0,0,0,0,0
eng_test_track_c_02157,0,1,0,0,0
eng_test_track_c_02158,0,1,0,0,0
eng_test_track_c_02159,0,0,0,1,0
eng_test_track_c_02160,0,1,0,0,0
eng_test_track_c_02161,0,1,0,1,0
eng_test_track_c_02162,0,0,1,0,0
eng_test_track_c_02163,0,0,0,0,0
eng_test_track_c_02164,0,1,0,0,1
eng_test_track_c_02165,0,0,1,0,0
eng_test_track_c_02166,0,0,0,1,0
eng_test_track_c_02167,0,0,0,0,0
eng_test_track_c_02168,0,0,1,0,0
eng_test_track_c_02169,0,1,0,1,0
eng_test_track_c_02170,0,1,0,0,0
eng_test_track_c_02171,0,0,0,0,0
eng_test_track_c_02172,0,1,0,1,0
eng_test_track_c_02173,0,0,0,0,0
eng_test_track_c_02174,0,0,1,0,0
eng_test_track_c_02175,0,1,0,1,0
eng_test_track_c_02176,0,1,0,0,1
eng_test_track_c_02177,0,0,0,0,0
eng_test_track_c_02178,0,1,0,1,0
eng_test_track_c_02179,0,1,0,0,0
eng_test_track_c_02180,0,0,0,1,0
eng_test_track_c_02181,0,1,0,0,0
eng_test_track_c_02182,0,1,0,1,0
eng_test_track_c_02183,0,0,0,0,0
eng_test_track_c_02184,0,0,0,0,0
eng_test_track_c_02185,0,1,0,0,1
eng_test_track_c_02186,0,0,1,0,1
eng_test_track_c_02187,0,0,1,0,0
eng_test_track_c_02188,0,1,0,1,0
eng_test_track_c_02189,0,1,0,1,0
eng_test_track_c_02190,0,1,0,0,0
eng_test_track_c_02191,0,0,1,0,0
eng_test_track_c_02192,0,1,0,0,1
eng_test_track_c_02193,0,1,0,0,1
eng_test_track_c_02194,0,0,0,0,0
eng_test_track_c_02195,0,0,0,0,0
eng_test_track_c_02196,0,1,0,0,0
eng_test_track_c_02197,1,1,0,1,0
eng_test_track_c_02198,0,0,1,0,0
eng_test_track_c_02199,0,1,0,0,0
eng_test_track_c_02200,0,1,0,0,1
eng_test_track_c_02201,0,0,0,0,0
eng_test_track_c_02202,0,1,0,1,1
eng_test_track_c_02203,0,0,1,0,1
eng_test_track_c_02204,0,0,0,0,0
eng_test_track_c_02205,0,1,0,1,0
eng_test_track_c_02206,0,1,0,0,0
eng_test_track_c_02207,0,0,0,0,1
eng_test_track_c_02208,0,0,1,0,0
eng_test_track_c_02209,0,1,0,0,0
eng_test_track_c_02210,0,1,0,1,1
eng_test_track_c_02211,0,1,0,1,0
eng_test_track_c_02212,0,0,0,0,1
eng_test_track_c_02213,0,1,0,0,0
eng_test_track_c_02214,0,0,1,0,0
eng_test_track_c_02215,0,1,0,1,0
eng_test_track_c_02216,0,0,1,0,0
eng_test_track_c_02217,0,0,0,0,0
eng_test_track_c_02218,0,1,0,0,0
eng_test_track_c_02219,0,1,0,0,1
eng_test_track_c_02220,0,1,0,1,1
eng_test_track_c_02221,0,1,0,0,0
eng_test_track_c_02222,0,1,0,1,0
eng_test_track_c_02223,0,1,0,1,0
eng_test_track_c_02224,0,0,1,0,0
eng_test_track_c_02225,0,1,0,0,0
eng_test_track_c_02226,0,0,0,0,1
eng_test_track_c_02227,0,0,0,1,0
eng_test_track_c_02228,0,0,1,0,0
eng_test_track_c_02229,0,1,0,0,1
eng_test_track_c_02230,0,1,0,1,0
eng_test_track_c_02231,0,1,0,1,1
eng_test_track_c_02232,0,1,0,0,0
eng_test_track_c_02233,0,0,0,0,0
eng_test_track_c_02234,0,1,0,0,1
eng_test_track_c_02235,0,1,0,0,0
eng_test_track_c_02236,0,1,0,1,1
eng_test_track_c_02237,0,1,0,0,0
eng_test_track_c_02238,0,1,0,0,1
eng_test_track_c_02239,0,0,1,0,0
eng_test_track_c_02240,0,1,0,1,0
eng_test_track_c_02241,0,0,0,0,0
eng_test_track_c_02242,0,0,0,0,0
eng_test_track_c_02243,0,0,0,1,0
eng_test_track_c_02244,0,0,1,0,0
eng_test_track_c_02245,0,0,0,0,0
eng_test_track_c_02246,0,1,0,0,1
eng_test_track_c_02247,0,1,0,0,0
eng_test_track_c_02248,0,1,0,0,0
eng_test_track_c_02249,0,1,0,0,1
eng_test_track_c_02250,0,0,1,0,0
eng_test_track_c_02251,0,1,0,0,0
eng_test_track_c_02252,0,0,0,0,0
eng_test_track_c_02253,0,0,1,0,1
eng_test_track_c_02254,0,1,0,1,1
eng_test_track_c_02255,0,1,0,1,0
eng_test_track_c_02256,0,0,0,0,0
eng_test_track_c_02257,0,0,0,0,0
eng_test_track_c_02258,0,0,0,0,1
eng_test_track_c_02259,0,1,0,0,0
eng_test_track_c_02260,0,1,0,1,0
eng_test_track_c_02261,0,1,0,0,0
eng_test_track_c_02262,0,1,0,0,0
eng_test_track_c_02263,0,1,0,1,0
eng_test_track_c_02264,0,0,0,0,0
eng_test_track_c_02265,0,1,0,0,1
eng_test_track_c_02266,0,0,0,0,0
eng_test_track_c_02267,0,1,0,1,0
eng_test_track_c_02268,0,0,0,1,0
eng_test_track_c_02269,0,1,0,1,0
eng_test_track_c_02270,0,0,1,0,0
eng_test_track_c_02271,0,1,0,0,0
eng_test_track_c_02272,0,1,0,0,0
eng_test_track_c_02273,0,1,0,1,0
eng_test_track_c_02274,0,1,0,1,0
eng_test_track_c_02275,0,1,0,1,0
eng_test_track_c_02276,0,1,0,0,0
eng_test_track_c_02277,0,0,1,0,0
eng_test_track_c_02278,0,1,0,0,1
eng_test_track_c_02279,0,1,0,0,1
eng_test_track_c_02280,0,0,0,0,0
eng_test_track_c_02281,0,1,0,1,0
eng_test_track_c_02282,0,0,0,1,0
eng_test_track_c_02283,1,1,0,0,0
eng_test_track_c_02284,0,1,0,0,1
eng_test_track_c_02285,0,1,0,0,1
eng_test_track_c_02286,0,1,0,1,1
eng_test_track_c_02287,0,0,1,0,0
eng_test_track_c_02288,0,1,0,0,1
eng_test_track_c_02289,0,0,0,0,0
eng_test_track_c_02290,0,1,0,0,0
eng_test_track_c_02291,0,1,0,0,1
eng_test_track_c_02292,0,0,0,0,1
eng_test_track_c_02293,0,1,0,0,0
eng_test_track_c_02294,0,0,1,0,1
eng_test_track_c_02295,0,1,0,0,0
eng_test_track_c_02296,0,0,0,0,1
eng_test_track_c_02297,0,1,0,0,0
eng_test_track_c_02298,1,0,0,1,0
eng_test_track_c_02299,0,1,0,0,0
eng_test_track_c_02300,0,1,0,0,0
eng_test_track_c_02301,0,0,1,0,0
eng_test_track_c_02302,1,0,0,0,0
eng_test_track_c_02303,0,1,0,0,1
eng_test_track_c_02304,0,1,0,0,0
eng_test_track_c_02305,0,1,0,1,0
eng_test_track_c_02306,0,0,1,0,0
eng_test_track_c_02307,0,1,0,0,0
eng_test_track_c_02308,0,1,0,0,0
eng_test_track_c_02309,0,1,0,0,0
eng_test_track_c_02310,0,1,0,1,1
eng_test_track_c_02311,0,0,0,0,0
eng_test_track_c_02312,0,0,0,1,1
eng_test_track_c_02313,0,0,0,0,0
eng_test_track_c_02314,1,0,0,0,0
eng_test_track_c_02315,0,1,0,1,1
eng_test_track_c_02316,0,0,0,0,0
eng_test_track_c_02317,0,0,1,0,0
eng_test_track_c_02318,1,1,0,1,1
eng_test_track_c_02319,0,0,0,0,1
eng_test_track_c_02320,0,1,0,0,1
eng_test_track_c_02321,0,0,1,0,0
eng_test_track_c_02322,0,1,0,0,1
eng_test_track_c_02323,0,0,1,0,0
eng_test_track_c_02324,0,0,0,0,0
eng_test_track_c_02325,0,1,0,0,1
eng_test_track_c_02326,0,0,1,0,0
eng_test_track_c_02327,0,1,0,0,0
eng_test_track_c_02328,0,0,0,0,0
eng_test_track_c_02329,0,0,0,1,0
eng_test_track_c_02330,0,0,0,0,0
eng_test_track_c_02331,0,1,0,0,1
eng_test_track_c_02332,0,0,0,0,1
eng_test_track_c_02333,0,1,0,0,0
eng_test_track_c_02334,0,0,0,0,0
eng_test_track_c_02335,0,1,0,1,0
eng_test_track_c_02336,0,0,1,0,0
eng_test_track_c_02337,0,1,0,1,0
eng_test_track_c_02338,0,0,1,0,0
eng_test_track_c_02339,0,0,1,0,0
eng_test_track_c_02340,0,1,0,0,0
eng_test_track_c_02341,0,1,0,0,1
eng_test_track_c_02342,0,0,1,0,0
eng_test_track_c_02343,0,0,1,0,0
eng_test_track_c_02344,0,0,0,0,0
eng_test_track_c_02345,0,1,0,1,0
eng_test_track_c_02346,0,1,0,1,0
eng_test_track_c_02347,0,1,0,1,0
eng_test_track_c_02348,0,1,0,1,0
eng_test_track_c_02349,1,1,0,0,0
eng_test_track_c_02350,0,1,0,0,1
eng_test_track_c_02351,0,0,0,0,0
eng_test_track_c_02352,1,1,0,0,0
eng_test_track_c_02353,0,0,0,0,0
eng_test_track_c_02354,0,1,0,0,1
eng_test_track_c_02355,0,1,0,0,0
eng_test_track_c_02356,0,1,0,1,0
eng_test_track_c_02357,0,0,1,0,0
eng_test_track_c_02358,0,1,0,1,1
eng_test_track_c_02359,0,0,1,0,1
eng_test_track_c_02360,0,1,0,1,0
eng_test_track_c_02361,0,1,0,0,1
eng_test_track_c_02362,0,0,1,0,1
eng_test_track_c_02363,0,1,0,1,0
eng_test_track_c_02364,1,1,0,0,1
eng_test_track_c_02365,0,0,0,0,0
eng_test_track_c_02366,0,1,0,0,0
eng_test_track_c_02367,0,1,0,0,0
eng_test_track_c_02368,0,0,0,0,0
eng_test_track_c_02369,0,1,0,0,0
eng_test_track_c_02370,0,0,0,0,0
eng_test_track_c_02371,0,1,0,1,0
eng_test_track_c_02372,0,0,0,0,0
eng_test_track_c_02373,0,1,0,0,0
eng_test_track_c_02374,0,0,0,0,0
eng_test_track_c_02375,0,0,0,0,0
eng_test_track_c_02376,0,1,0,0,1
eng_test_track_c_02377,0,0,0,0,1
eng_test_track_c_02378,0,0,0,0,0
eng_test_track_c_02379,0,1,0,1,0
eng_test_track_c_02380,0,0,0,0,0
eng_test_track_c_02381,0,0,0,0,0
eng_test_track_c_02382,0,0,0,0,0
eng_test_track_c_02383,0,1,0,0,0
eng_test_track_c_02384,0,0,0,0,0
eng_test_track_c_02385,0,0,1,0,0
eng_test_track_c_02386,0,0,1,0,0
eng_test_track_c_02387,0,1,0,1,0
eng_test_track_c_02388,0,1,0,1,1
eng_test_track_c_02389,0,1,0,0,1
eng_test_track_c_02390,0,0,0,0,1
eng_test_track_c_02391,0,0,1,0,0
eng_test_track_c_02392,0,1,0,0,1
eng_test_track_c_02393,0,0,1,0,0
eng_test_track_c_02394,0,1,0,1,0
eng_test_track_c_02395,0,1,0,0,1
eng_test_track_c_02396,0,1,0,1,1
eng_test_track_c_02397,0,1,0,0,0
eng_test_track_c_02398,1,1,0,0,1
eng_test_track_c_02399,0,0,0,1,0
eng_test_track_c_02400,0,0,0,0,0
eng_test_track_c_02401,0,1,0,1,0
eng_test_track_c_02402,0,1,0,1,0
eng_test_track_c_02403,0,1,0,1,0
eng_test_track_c_02404,0,1,0,1,0
eng_test_track_c_02405,0,1,0,0,0
eng_test_track_c_02406,0,0,0,0,0
eng_test_track_c_02407,1,0,0,1,0
eng_test_track_c_02408,0,1,0,1,0
eng_test_track_c_02409,0,1,0,0,0
eng_test_track_c_02410,0,1,0,0,1
eng_test_track_c_02411,0,0,0,0,0
eng_test_track_c_02412,0,1,0,1,1
eng_test_track_c_02413,0,1,0,1,1
eng_test_track_c_02414,0,1,0,0,0
eng_test_track_c_02415,1,1,0,1,0
eng_test_track_c_02416,0,0,0,0,0
eng_test_track_c_02417,0,1,0,0,0
eng_test_track_c_02418,0,1,0,0,1
eng_test_track_c_02419,0,1,0,1,1
eng_test_track_c_02420,0,1,0,1,1
eng_test_track_c_02421,0,0,1,0,0
eng_test_track_c_02422,0,1,0,0,1
eng_test_track_c_02423,0,1,0,1,0
eng_test_track_c_02424,0,1,0,1,0
eng_test_track_c_02425,0,1,0,0,1
eng_test_track_c_02426,0,1,0,1,0
eng_test_track_c_02427,0,0,1,0,0
eng_test_track_c_02428,1,1,0,0,0
eng_test_track_c_02429,0,1,0,0,1
eng_test_track_c_02430,1,0,0,0,0
eng_test_track_c_02431,0,1,0,1,1
eng_test_track_c_02432,0,0,0,1,0
eng_test_track_c_02433,0,1,0,0,1
eng_test_track_c_02434,0,0,0,0,0
eng_test_track_c_02435,0,0,0,0,0
eng_test_track_c_02436,0,1,0,1,0
eng_test_track_c_02437,0,0,1,0,0
eng_test_track_c_02438,1,1,0,0,0
eng_test_track_c_02439,0,0,0,0,0
eng_test_track_c_02440,0,1,0,0,0
eng_test_track_c_02441,0,0,0,0,1
eng_test_track_c_02442,0,1,0,0,0
eng_test_track_c_02443,0,1,0,0,0
eng_test_track_c_02444,0,1,0,1,0
eng_test_track_c_02445,0,1,0,0,0
eng_test_track_c_02446,0,1,0,0,0
eng_test_track_c_02447,0,0,0,0,1
eng_test_track_c_02448,0,0,0,0,0
eng_test_track_c_02449,0,0,0,0,0
eng_test_track_c_02450,0,0,0,1,0
eng_test_track_c_02451,0,0,0,0,0
eng_test_track_c_02452,0,1,0,0,1
eng_test_track_c_02453,0,1,0,0,1
eng_test_track_c_02454,0,0,1,0,0
eng_test_track_c_02455,0,0,0,0,0
eng_test_track_c_02456,0,1,0,0,0
eng_test_track_c_02457,0,0,1,0,0
eng_test_track_c_02458,0,0,0,0,0
eng_test_track_c_02459,0,0,1,0,0
eng_test_track_c_02460,0,1,0,0,0
eng_test_track_c_02461,0,1,0,0,0
eng_test_track_c_02462,0,0,1,0,0
eng_test_track_c_02463,0,0,0,1,0
eng_test_track_c_02464,0,1,0,0,0
eng_test_track_c_02465,0,0,0,1,0
eng_test_track_c_02466,0,1,0,1,0
eng_test_track_c_02467,1,0,0,0,0
eng_test_track_c_02468,0,1,0,0,1
eng_test_track_c_02469,0,1,0,1,0
eng_test_track_c_02470,0,0,1,0,0
eng_test_track_c_02471,0,0,1,0,0
eng_test_track_c_02472,0,0,1,0,0
eng_test_track_c_02473,0,1,0,0,0
eng_test_track_c_02474,0,1,0,0,0
eng_test_track_c_02475,0,1,0,0,1
eng_test_track_c_02476,1,1,0,1,1
eng_test_track_c_02477,1,0,0,0,0
eng_test_track_c_02478,0,1,0,1,1
eng_test_track_c_02479,0,1,0,0,1
eng_test_track_c_02480,0,0,1,0,0
eng_test_track_c_02481,0,0,0,0,0
eng_test_track_c_02482,0,1,0,1,0
eng_test_track_c_02483,0,1,0,0,0
eng_test_track_c_02484,0,0,0,0,0
eng_test_track_c_02485,0,0,0,0,0
eng_test_track_c_02486,0,0,1,0,0
eng_test_track_c_02487,0,1,0,1,0
eng_test_track_c_02488,0,0,0,1,0
eng_test_track_c_02489,0,0,1,0,0
eng_test_track_c_02490,0,1,0,0,1
eng_test_track_c_02491,0,0,0,0,0
eng_test_track_c_02492,0,0,0,0,1
eng_test_track_c_02493,0,0,1,0,0
eng_test_track_c_02494,0,0,1,0,0
eng_test_track_c_02495,0,0,0,0,0
eng_test_track_c_02496,0,1,0,0,0
eng_test_track_c_02497,0,0,1,0,0
eng_test_track_c_02498,0,1,0,0,1
eng_test_track_c_02499,0,0,0,0,1
eng_test_track_c_02500,0,0,0,0,0
eng_test_track_c_02501,0,1,0,0,0
eng_test_track_c_02502,0,0,1,0,1
eng_test_track_c_02503,0,1,0,0,0
eng_test_track_c_02504,0,0,0,0,0
eng_test_track_c_02505,0,0,1,0,1
eng_test_track_c_02506,0,0,1,0,0
eng_test_track_c_02507,0,1,0,0,0
eng_test_track_c_02508,0,1,0,1,0
eng_test_track_c_02509,0,0,0,0,0
eng_test_track_c_02510,0,1,0,0,0
eng_test_track_c_02511,0,0,0,0,0
eng_test_track_c_02512,1,0,0,0,0
eng_test_track_c_02513,0,1,0,0,1
eng_test_track_c_02514,0,1,0,0,1
eng_test_track_c_02515,0,1,0,0,1
eng_test_track_c_02516,0,1,0,1,0
eng_test_track_c_02517,0,0,0,0,1
eng_test_track_c_02518,0,0,0,0,1
eng_test_track_c_02519,0,0,0,0,0
eng_test_track_c_02520,0,0,1,0,0
eng_test_track_c_02521,0,0,0,0,0
eng_test_track_c_02522,0,0,1,0,0
eng_test_track_c_02523,0,1,0,0,0
eng_test_track_c_02524,0,1,0,0,1
eng_test_track_c_02525,0,1,0,1,1
eng_test_track_c_02526,0,1,0,0,1
eng_test_track_c_02527,0,1,0,0,0
eng_test_track_c_02528,0,0,1,0,0
eng_test_track_c_02529,0,1,0,1,0
eng_test_track_c_02530,0,0,1,0,0
eng_test_track_c_02531,0,1,0,0,1
eng_test_track_c_02532,0,0,1,0,0
eng_test_track_c_02533,0,0,0,0,0
eng_test_track_c_02534,0,1,0,0,0
eng_test_track_c_02535,0,0,0,0,1
eng_test_track_c_02536,0,1,0,0,0
eng_test_track_c_02537,0,0,0,0,0
eng_test_track_c_02538,0,1,0,0,0
eng_test_track_c_02539,0,0,1,0,0
eng_test_track_c_02540,0,0,0,0,0
eng_test_track_c_02541,0,1,0,0,0
eng_test_track_c_02542,0,0,0,0,0
eng_test_track_c_02543,0,1,0,1,0
eng_test_track_c_02544,0,1,0,0,0
eng_test_track_c_02545,0,1,0,1,0
eng_test_track_c_02546,0,1,0,1,0
eng_test_track_c_02547,0,1,0,0,0
eng_test_track_c_02548,1,1,0,0,0
eng_test_track_c_02549,0,0,0,0,0
eng_test_track_c_02550,0,0,0,0,0
eng_test_track_c_02551,1,0,0,1,0
eng_test_track_c_02552,0,0,0,0,0
eng_test_track_c_02553,0,1,0,1,0
eng_test_track_c_02554,0,1,0,0,0
eng_test_track_c_02555,0,1,0,0,0
eng_test_track_c_02556,0,1,0,0,0
eng_test_track_c_02557,0,1,0,0,1
eng_test_track_c_02558,0,0,0,0,0
eng_test_track_c_02559,0,1,0,0,1
eng_test_track_c_02560,0,0,0,0,0
eng_test_track_c_02561,0,1,0,1,0
eng_test_track_c_02562,0,0,0,0,0
eng_test_track_c_02563,0,1,0,0,0
eng_test_track_c_02564,0,0,0,0,0
eng_test_track_c_02565,0,1,0,1,1
eng_test_track_c_02566,0,0,1,0,0
eng_test_track_c_02567,0,0,1,0,1
eng_test_track_c_02568,0,0,0,1,0
eng_test_track_c_02569,0,1,0,0,0
eng_test_track_c_02570,0,0,0,0,0
eng_test_track_c_02571,0,0,1,0,0
eng_test_track_c_02572,0,1,0,0,0
eng_test_track_c_02573,0,0,0,0,1
eng_test_track_c_02574,0,1,0,0,0
eng_test_track_c_02575,0,0,1,0,0
eng_test_track_c_02576,0,1,0,0,0
eng_test_track_c_02577,1,1,0,0,0
eng_test_track_c_02578,0,1,0,1,0
eng_test_track_c_02579,0,0,1,0,1
eng_test_track_c_02580,0,1,0,0,0
eng_test_track_c_02581,0,0,0,0,1
eng_test_track_c_02582,0,0,1,0,0
eng_test_track_c_02583,0,0,1,0,0
eng_test_track_c_02584,0,1,0,0,0
eng_test_track_c_02585,0,0,0,0,0
eng_test_track_c_02586,0,1,0,1,0
eng_test_track_c_02587,0,1,0,1,0
eng_test_track_c_02588,0,1,0,0,0
eng_test_track_c_02589,0,1,0,0,0
eng_test_track_c_02590,0,0,0,0,0
eng_test_track_c_02591,0,0,1,0,1
eng_test_track_c_02592,0,0,0,1,0
eng_test_track_c_02593,0,0,0,0,0
eng_test_track_c_02594,0,0,1,0,0
eng_test_track_c_02595,0,0,1,0,0
eng_test_track_c_02596,0,0,1,0,0
eng_test_track_c_02597,0,1,0,1,0
eng_test_track_c_02598,0,1,0,1,0
eng_test_track_c_02599,0,1,0,0,1
eng_test_track_c_02600,0,0,0,0,0
eng_test_track_c_02601,0,0,1,0,0
eng_test_track_c_02602,0,1,0,0,0
eng_test_track_c_02603,0,0,0,0,0
eng_test_track_c_02604,0,1,0,1,0
eng_test_track_c_02605,0,0,1,0,0
eng_test_track_c_02606,0,1,0,0,1
eng_test_track_c_02607,0,1,0,0,1
eng_test_track_c_02608,0,1,0,0,1
eng_test_track_c_02609,0,1,0,1,0
eng_test_track_c_02610,0,1,0,1,0
eng_test_track_c_02611,0,1,0,1,0
eng_test_track_c_02612,0,0,0,0,0
eng_test_track_c_02613,0,1,0,1,0
eng_test_track_c_02614,0,0,0,0,0
eng_test_track_c_02615,0,0,1,0,0
eng_test_track_c_02616,0,1,0,0,1
eng_test_track_c_02617,0,0,1,0,1
eng_test_track_c_02618,1,1,0,1,0
eng_test_track_c_02619,0,1,0,0,1
eng_test_track_c_02620,0,1,0,1,0
eng_test_track_c_02621,0,0,1,0,0
eng_test_track_c_02622,0,1,0,0,0
eng_test_track_c_02623,0,0,0,0,0
eng_test_track_c_02624,0,1,0,0,1
eng_test_track_c_02625,0,1,0,0,0
eng_test_track_c_02626,1,0,0,0,0
eng_test_track_c_02627,0,1,0,0,1
eng_test_track_c_02628,0,1,0,0,0
eng_test_track_c_02629,0,1,0,0,0
eng_test_track_c_02630,0,1,0,1,0
eng_test_track_c_02631,0,0,0,0,0
eng_test_track_c_02632,0,1,0,0,1
eng_test_track_c_02633,0,1,0,1,0
eng_test_track_c_02634,0,1,0,0,0
eng_test_track_c_02635,0,1,0,0,1
eng_test_track_c_02636,0,0,1,0,0
eng_test_track_c_02637,0,1,0,0,0
eng_test_track_c_02638,0,0,0,1,1
eng_test_track_c_02639,0,0,1,0,0
eng_test_track_c_02640,1,1,0,0,0
eng_test_track_c_02641,0,0,1,0,0
eng_test_track_c_02642,0,0,1,0,0
eng_test_track_c_02643,0,1,0,1,0
eng_test_track_c_02644,0,1,0,0,0
eng_test_track_c_02645,0,0,1,0,0
eng_test_track_c_02646,0,1,0,1,0
eng_test_track_c_02647,0,0,0,0,0
eng_test_track_c_02648,0,1,0,0,0
eng_test_track_c_02649,0,0,1,0,0
eng_test_track_c_02650,0,1,0,0,0
eng_test_track_c_02651,0,0,0,0,0
eng_test_track_c_02652,0,0,0,0,0
eng_test_track_c_02653,0,0,0,1,0
eng_test_track_c_02654,0,0,0,1,1
eng_test_track_c_02655,0,0,1,0,0
eng_test_track_c_02656,0,0,1,0,0
eng_test_track_c_02657,1,0,0,0,0
eng_test_track_c_02658,0,0,1,0,0
eng_test_track_c_02659,0,0,0,0,0
eng_test_track_c_02660,0,1,0,0,0
eng_test_track_c_02661,0,1,0,0,0
eng_test_track_c_02662,0,1,0,1,1
eng_test_track_c_02663,0,1,0,0,0
eng_test_track_c_02664,1,0,0,0,0
eng_test_track_c_02665,0,1,0,0,0
eng_test_track_c_02666,0,1,0,1,0
eng_test_track_c_02667,0,1,0,0,0
eng_test_track_c_02668,0,0,0,0,1
eng_test_track_c_02669,0,0,0,0,1
eng_test_track_c_02670,0,1,0,0,0
eng_test_track_c_02671,0,1,0,0,0
eng_test_track_c_02672,0,0,1,0,0
eng_test_track_c_02673,0,0,0,0,1
eng_test_track_c_02674,0,1,0,1,0
eng_test_track_c_02675,0,1,0,1,0
eng_test_track_c_02676,1,0,0,0,0
eng_test_track_c_02677,0,0,1,0,0
eng_test_track_c_02678,0,0,0,0,0
eng_test_track_c_02679,0,1,0,1,1
eng_test_track_c_02680,0,0,0,0,0
eng_test_track_c_02681,0,1,0,1,0
eng_test_track_c_02682,0,0,1,0,0
eng_test_track_c_02683,0,0,0,1,0
eng_test_track_c_02684,0,1,0,1,1
eng_test_track_c_02685,0,1,0,0,1
eng_test_track_c_02686,0,0,1,0,0
eng_test_track_c_02687,0,1,0,0,0
eng_test_track_c_02688,0,1,0,0,1
eng_test_track_c_02689,0,0,0,0,1
eng_test_track_c_02690,1,1,0,0,0
eng_test_track_c_02691,0,1,0,0,0
eng_test_track_c_02692,0,1,0,0,1
eng_test_track_c_02693,0,1,0,1,0
eng_test_track_c_02694,0,1,0,1,0
eng_test_track_c_02695,0,0,1,0,0
eng_test_track_c_02696,1,1,0,0,1
eng_test_track_c_02697,0,0,0,0,0
eng_test_track_c_02698,0,0,1,0,0
eng_test_track_c_02699,0,1,0,0,1
eng_test_track_c_02700,0,1,0,0,1
eng_test_track_c_02701,0,1,0,0,0
eng_test_track_c_02702,0,1,0,1,0
eng_test_track_c_02703,0,1,0,1,0
eng_test_track_c_02704,0,1,0,1,1
eng_test_track_c_02705,0,0,0,0,0
eng_test_track_c_02706,0,1,0,0,0
eng_test_track_c_02707,1,0,0,0,0
eng_test_track_c_02708,0,0,1,0,0
eng_test_track_c_02709,0,0,0,0,0
eng_test_track_c_02710,0,0,1,0,0
eng_test_track_c_02711,0,1,0,0,0
eng_test_track_c_02712,0,1,0,0,0
eng_test_track_c_02713,0,0,1,0,1
eng_test_track_c_02714,0,0,1,0,0
eng_test_track_c_02715,0,0,1,0,0
eng_test_track_c_02716,0,1,0,1,0
eng_test_track_c_02717,0,0,0,0,0
eng_test_track_c_02718,0,1,0,1,0
eng_test_track_c_02719,0,1,0,1,0
eng_test_track_c_02720,0,1,0,0,1
eng_test_track_c_02721,0,0,1,0,1
eng_test_track_c_02722,1,1,0,1,1
eng_test_track_c_02723,0,1,0,0,0
eng_test_track_c_02724,0,0,0,0,1
eng_test_track_c_02725,0,0,1,0,0
eng_test_track_c_02726,1,0,0,1,0
eng_test_track_c_02727,0,0,1,0,0
eng_test_track_c_02728,0,1,0,0,1
eng_test_track_c_02729,0,0,1,0,0
eng_test_track_c_02730,0,1,0,0,1
eng_test_track_c_02731,0,1,0,0,0
eng_test_track_c_02732,0,0,0,0,1
eng_test_track_c_02733,0,0,0,0,0
eng_test_track_c_02734,0,0,1,0,0
eng_test_track_c_02735,0,0,0,1,0
eng_test_track_c_02736,0,1,0,1,0
eng_test_track_c_02737,0,1,0,0,0
eng_test_track_c_02738,0,0,1,0,1
eng_test_track_c_02739,0,1,0,0,1
eng_test_track_c_02740,0,1,0,1,0
eng_test_track_c_02741,0,0,1,0,1
eng_test_track_c_02742,0,1,0,0,0
eng_test_track_c_02743,0,1,0,0,0
eng_test_track_c_02744,0,0,0,0,1
eng_test_track_c_02745,0,1,0,0,1
eng_test_track_c_02746,0,1,0,0,0
eng_test_track_c_02747,1,0,0,0,0
eng_test_track_c_02748,0,0,0,0,0
eng_test_track_c_02749,0,1,0,0,1
eng_test_track_c_02750,1,1,0,1,1
eng_test_track_c_02751,1,0,0,0,0
eng_test_track_c_02752,0,0,1,0,0
eng_test_track_c_02753,0,1,0,0,1
eng_test_track_c_02754,0,0,1,0,0
eng_test_track_c_02755,0,1,0,1,0
eng_test_track_c_02756,0,0,0,0,0
eng_test_track_c_02757,0,1,0,0,0
eng_test_track_c_02758,0,1,0,1,0
eng_test_track_c_02759,0,0,0,0,1
eng_test_track_c_02760,0,1,0,0,1
eng_test_track_c_02761,0,1,0,0,1
eng_test_track_c_02762,0,0,1,0,0
eng_test_track_c_02763,0,1,0,0,0
eng_test_track_c_02764,0,0,0,0,0
eng_test_track_c_02765,0,1,0,1,0
eng_test_track_c_02766,1,1,0,1,0
eng_test_track_c_02767,0,1,0,0,1
