id,anger,disgust,fear,joy,sadness,surprise
swe_test_track_c_00001,0,1,0,0,1,0
swe_test_track_c_00002,1,0,0,1,0,0
swe_test_track_c_00003,0,0,0,1,0,0
swe_test_track_c_00004,0,0,0,0,0,0
swe_test_track_c_00005,0,0,0,1,0,0
swe_test_track_c_00006,0,0,0,1,0,0
swe_test_track_c_00007,1,0,0,0,0,0
swe_test_track_c_00008,0,0,0,1,0,0
swe_test_track_c_00009,0,1,0,1,1,0
swe_test_track_c_00010,0,0,0,1,0,0
swe_test_track_c_00011,0,0,0,0,0,0
swe_test_track_c_00012,0,0,0,0,0,0
swe_test_track_c_00013,0,0,0,0,1,0
swe_test_track_c_00014,0,0,0,1,0,0
swe_test_track_c_00015,0,0,0,1,0,0
swe_test_track_c_00016,1,1,0,0,0,0
swe_test_track_c_00017,0,0,0,0,0,0
swe_test_track_c_00018,1,1,0,0,0,0
swe_test_track_c_00019,0,0,0,1,0,0
swe_test_track_c_00020,0,0,0,0,0,0
swe_test_track_c_00021,0,0,0,0,0,0
swe_test_track_c_00022,1,0,0,0,0,0
swe_test_track_c_00023,1,1,0,0,0,0
swe_test_track_c_00024,0,0,0,0,0,0
swe_test_track_c_00025,0,0,0,1,0,0
swe_test_track_c_00026,1,1,0,0,0,0
swe_test_track_c_00027,1,0,0,0,1,0
swe_test_track_c_00028,0,0,0,0,0,1
swe_test_track_c_00029,0,1,0,0,0,0
swe_test_track_c_00030,1,1,0,0,0,0
swe_test_track_c_00031,0,0,0,1,0,0
swe_test_track_c_00032,1,1,0,0,1,0
swe_test_track_c_00033,1,1,0,0,0,0
swe_test_track_c_00034,0,0,0,1,0,0
swe_test_track_c_00035,0,0,0,1,0,0
swe_test_track_c_00036,0,0,0,0,0,0
swe_test_track_c_00037,0,0,0,0,0,0
swe_test_track_c_00038,0,0,0,0,0,0
swe_test_track_c_00039,0,0,0,1,1,0
swe_test_track_c_00040,0,0,0,1,0,0
swe_test_track_c_00041,0,0,0,0,0,0
swe_test_track_c_00042,0,0,0,1,0,0
swe_test_track_c_00043,0,0,0,0,0,0
swe_test_track_c_00044,1,1,0,0,0,0
swe_test_track_c_00045,0,0,0,0,0,0
swe_test_track_c_00046,0,0,0,1,0,0
swe_test_track_c_00047,0,1,0,0,0,0
swe_test_track_c_00048,0,0,0,1,0,0
swe_test_track_c_00049,0,0,0,0,0,0
swe_test_track_c_00050,0,0,0,0,0,0
swe_test_track_c_00051,0,0,0,0,0,0
swe_test_track_c_00052,0,0,0,0,0,0
swe_test_track_c_00053,0,0,0,1,0,0
swe_test_track_c_00054,0,0,0,0,0,0
swe_test_track_c_00055,0,0,0,1,0,0
swe_test_track_c_00056,1,0,0,0,0,0
swe_test_track_c_00057,0,0,0,0,0,0
swe_test_track_c_00058,0,0,0,1,0,0
swe_test_track_c_00059,0,0,0,0,0,1
swe_test_track_c_00060,0,0,0,1,0,0
swe_test_track_c_00061,0,1,0,0,1,0
swe_test_track_c_00062,0,0,0,0,0,0
swe_test_track_c_00063,0,0,0,1,0,0
swe_test_track_c_00064,0,0,0,0,0,0
swe_test_track_c_00065,0,0,0,0,0,0
swe_test_track_c_00066,0,0,0,0,0,0
swe_test_track_c_00067,1,1,0,0,1,0
swe_test_track_c_00068,0,0,0,0,0,0
swe_test_track_c_00069,0,0,0,0,0,0
swe_test_track_c_00070,1,1,0,0,1,0
swe_test_track_c_00071,0,0,0,1,0,0
swe_test_track_c_00072,0,0,0,1,0,0
swe_test_track_c_00073,1,0,0,1,1,0
swe_test_track_c_00074,0,0,0,0,0,0
swe_test_track_c_00075,0,0,0,1,0,0
swe_test_track_c_00076,0,1,0,0,0,0
swe_test_track_c_00077,0,0,0,1,0,0
swe_test_track_c_00078,0,0,0,0,0,0
swe_test_track_c_00079,0,0,0,0,0,0
swe_test_track_c_00080,1,0,0,0,0,0
swe_test_track_c_00081,1,0,0,0,0,0
swe_test_track_c_00082,1,0,0,0,1,0
swe_test_track_c_00083,0,0,0,0,0,0
swe_test_track_c_00084,0,0,0,0,0,0
swe_test_track_c_00085,0,0,0,1,1,0
swe_test_track_c_00086,0,0,0,0,0,0
swe_test_track_c_00087,0,0,0,0,0,0
swe_test_track_c_00088,0,0,0,1,0,0
swe_test_track_c_00089,0,0,0,0,0,0
swe_test_track_c_00090,0,0,0,0,1,0
swe_test_track_c_00091,0,1,0,0,0,0
swe_test_track_c_00092,0,0,0,0,0,0
swe_test_track_c_00093,0,0,0,1,0,0
swe_test_track_c_00094,0,0,0,1,0,0
swe_test_track_c_00095,0,0,0,1,0,0
swe_test_track_c_00096,0,0,0,0,0,0
swe_test_track_c_00097,0,0,0,0,1,0
swe_test_track_c_00098,0,0,0,1,0,0
swe_test_track_c_00099,1,1,0,0,0,0
swe_test_track_c_00100,1,1,0,0,1,0
swe_test_track_c_00101,1,0,0,0,0,0
swe_test_track_c_00102,0,0,0,0,0,0
swe_test_track_c_00103,0,0,0,1,0,0
swe_test_track_c_00104,0,0,0,1,0,0
swe_test_track_c_00105,0,0,0,1,0,0
swe_test_track_c_00106,0,0,0,0,0,0
swe_test_track_c_00107,0,0,0,1,0,0
swe_test_track_c_00108,1,1,0,0,0,0
swe_test_track_c_00109,0,0,0,1,0,0
swe_test_track_c_00110,0,0,0,1,0,0
swe_test_track_c_00111,0,0,0,0,0,0
swe_test_track_c_00112,0,0,0,0,0,0
swe_test_track_c_00113,0,0,0,1,0,0
swe_test_track_c_00114,0,0,0,0,0,0
swe_test_track_c_00115,1,1,0,0,0,0
swe_test_track_c_00116,0,0,0,1,0,0
swe_test_track_c_00117,0,0,0,0,0,0
swe_test_track_c_00118,0,0,0,1,0,0
swe_test_track_c_00119,0,0,0,1,1,0
swe_test_track_c_00120,0,0,0,0,0,0
swe_test_track_c_00121,1,0,0,0,0,0
swe_test_track_c_00122,0,0,0,0,0,0
swe_test_track_c_00123,0,0,0,1,0,0
swe_test_track_c_00124,0,0,0,1,0,0
swe_test_track_c_00125,0,0,0,0,0,0
swe_test_track_c_00126,0,0,0,1,0,0
swe_test_track_c_00127,1,1,0,0,0,0
swe_test_track_c_00128,1,1,0,0,0,0
swe_test_track_c_00129,1,0,0,0,0,0
swe_test_track_c_00130,0,0,0,0,0,0
swe_test_track_c_00131,0,0,0,0,0,0
swe_test_track_c_00132,1,1,0,0,0,0
swe_test_track_c_00133,0,0,0,1,0,0
swe_test_track_c_00134,0,0,0,1,0,0
swe_test_track_c_00135,0,0,0,0,1,0
swe_test_track_c_00136,1,0,0,0,0,0
swe_test_track_c_00137,0,0,0,0,0,0
swe_test_track_c_00138,0,0,0,0,0,0
swe_test_track_c_00139,0,0,0,1,0,0
swe_test_track_c_00140,0,0,0,0,0,0
swe_test_track_c_00141,0,0,0,1,0,0
swe_test_track_c_00142,0,1,0,0,0,0
swe_test_track_c_00143,0,0,0,1,0,0
swe_test_track_c_00144,1,1,0,0,0,0
swe_test_track_c_00145,0,0,0,0,0,0
swe_test_track_c_00146,0,0,0,1,0,0
swe_test_track_c_00147,1,1,0,0,1,0
swe_test_track_c_00148,0,0,0,1,0,0
swe_test_track_c_00149,0,0,0,0,0,0
swe_test_track_c_00150,0,0,0,1,0,0
swe_test_track_c_00151,0,0,0,0,0,0
swe_test_track_c_00152,0,0,0,0,0,0
swe_test_track_c_00153,0,0,0,0,0,0
swe_test_track_c_00154,1,1,0,0,0,0
swe_test_track_c_00155,0,0,0,1,0,0
swe_test_track_c_00156,1,1,0,0,0,0
swe_test_track_c_00157,0,0,0,1,0,0
swe_test_track_c_00158,1,1,0,0,0,0
swe_test_track_c_00159,0,0,0,0,0,0
swe_test_track_c_00160,0,0,0,0,0,0
swe_test_track_c_00161,0,0,0,1,0,0
swe_test_track_c_00162,0,0,0,0,0,0
swe_test_track_c_00163,0,0,0,0,0,0
swe_test_track_c_00164,0,0,0,0,0,0
swe_test_track_c_00165,0,0,0,1,0,0
swe_test_track_c_00166,0,0,0,0,0,0
swe_test_track_c_00167,0,0,0,1,0,0
swe_test_track_c_00168,0,0,0,0,0,1
swe_test_track_c_00169,0,0,0,0,0,0
swe_test_track_c_00170,0,0,0,1,0,0
swe_test_track_c_00171,0,0,0,0,1,0
swe_test_track_c_00172,1,1,0,0,0,0
swe_test_track_c_00173,0,0,0,0,0,0
swe_test_track_c_00174,0,0,0,0,0,0
swe_test_track_c_00175,0,0,0,0,0,0
swe_test_track_c_00176,1,0,0,0,0,0
swe_test_track_c_00177,0,0,0,0,1,0
swe_test_track_c_00178,1,1,0,0,0,0
swe_test_track_c_00179,0,0,0,0,0,0
swe_test_track_c_00180,1,1,0,0,0,0
swe_test_track_c_00181,0,1,0,1,1,0
swe_test_track_c_00182,0,0,0,0,1,0
swe_test_track_c_00183,0,0,0,0,0,0
swe_test_track_c_00184,1,0,0,0,0,0
swe_test_track_c_00185,0,0,0,1,0,0
swe_test_track_c_00186,0,0,0,1,0,0
swe_test_track_c_00187,0,0,0,1,0,0
swe_test_track_c_00188,1,1,0,0,0,0
swe_test_track_c_00189,0,1,0,0,1,0
swe_test_track_c_00190,0,0,0,1,0,0
swe_test_track_c_00191,0,0,0,0,0,0
swe_test_track_c_00192,0,0,0,0,1,0
swe_test_track_c_00193,1,1,0,0,0,0
swe_test_track_c_00194,0,0,0,1,0,0
swe_test_track_c_00195,0,0,0,0,0,0
swe_test_track_c_00196,0,0,0,0,0,0
swe_test_track_c_00197,0,0,0,1,0,0
swe_test_track_c_00198,1,0,0,0,0,0
swe_test_track_c_00199,0,0,0,1,0,0
swe_test_track_c_00200,0,0,0,1,0,0
swe_test_track_c_00201,0,0,0,1,0,0
swe_test_track_c_00202,0,0,0,0,0,1
swe_test_track_c_00203,0,1,0,0,1,0
swe_test_track_c_00204,0,0,0,1,0,0
swe_test_track_c_00205,0,0,0,0,0,0
swe_test_track_c_00206,0,0,0,0,0,0
swe_test_track_c_00207,1,1,0,0,0,0
swe_test_track_c_00208,0,0,0,1,0,0
swe_test_track_c_00209,0,0,0,1,0,0
swe_test_track_c_00210,0,0,0,1,0,0
swe_test_track_c_00211,0,0,0,0,0,0
swe_test_track_c_00212,0,0,0,0,0,0
swe_test_track_c_00213,1,1,0,0,0,0
swe_test_track_c_00214,1,1,0,0,0,0
swe_test_track_c_00215,0,0,1,0,0,0
swe_test_track_c_00216,0,0,0,0,0,1
swe_test_track_c_00217,0,0,0,1,0,0
swe_test_track_c_00218,1,1,0,0,0,0
swe_test_track_c_00219,0,0,0,0,0,0
swe_test_track_c_00220,0,0,0,0,0,0
swe_test_track_c_00221,0,0,0,0,1,0
swe_test_track_c_00222,1,0,0,0,0,0
swe_test_track_c_00223,0,0,0,0,0,0
swe_test_track_c_00224,0,0,0,1,0,0
swe_test_track_c_00225,0,0,0,1,0,0
swe_test_track_c_00226,0,0,0,1,0,0
swe_test_track_c_00227,0,0,0,0,1,0
swe_test_track_c_00228,0,0,0,1,0,0
swe_test_track_c_00229,0,0,0,1,0,0
swe_test_track_c_00230,1,0,0,0,0,0
swe_test_track_c_00231,0,0,0,1,0,0
swe_test_track_c_00232,0,0,0,1,0,0
swe_test_track_c_00233,0,0,0,1,0,0
swe_test_track_c_00234,0,0,0,1,0,0
swe_test_track_c_00235,0,0,0,1,0,0
swe_test_track_c_00236,0,0,0,0,0,0
swe_test_track_c_00237,0,0,0,0,0,0
swe_test_track_c_00238,0,0,0,1,0,0
swe_test_track_c_00239,1,1,0,0,0,0
swe_test_track_c_00240,0,0,0,1,0,0
swe_test_track_c_00241,0,0,0,0,0,0
swe_test_track_c_00242,0,0,0,0,0,0
swe_test_track_c_00243,0,0,0,1,0,0
swe_test_track_c_00244,1,1,0,0,0,0
swe_test_track_c_00245,1,0,0,0,0,0
swe_test_track_c_00246,0,0,0,1,0,0
swe_test_track_c_00247,0,0,0,0,0,0
swe_test_track_c_00248,0,0,0,0,0,0
swe_test_track_c_00249,0,0,0,1,0,0
swe_test_track_c_00250,0,0,0,0,0,0
swe_test_track_c_00251,0,0,0,1,0,0
swe_test_track_c_00252,0,0,0,0,0,0
swe_test_track_c_00253,0,0,0,0,0,0
swe_test_track_c_00254,0,0,0,1,0,0
swe_test_track_c_00255,0,0,0,0,0,0
swe_test_track_c_00256,0,0,0,0,0,0
swe_test_track_c_00257,0,0,0,0,1,0
swe_test_track_c_00258,1,1,0,0,0,0
swe_test_track_c_00259,1,1,0,0,0,0
swe_test_track_c_00260,0,0,0,0,0,0
swe_test_track_c_00261,0,0,0,0,0,0
swe_test_track_c_00262,0,0,0,1,0,0
swe_test_track_c_00263,0,0,0,0,0,0
swe_test_track_c_00264,0,0,0,0,1,0
swe_test_track_c_00265,1,0,0,0,0,0
swe_test_track_c_00266,0,1,0,0,0,0
swe_test_track_c_00267,0,0,0,0,0,1
swe_test_track_c_00268,0,0,0,1,0,0
swe_test_track_c_00269,0,0,0,0,0,0
swe_test_track_c_00270,0,0,0,0,0,0
swe_test_track_c_00271,0,1,0,0,1,0
swe_test_track_c_00272,1,1,1,0,0,0
swe_test_track_c_00273,0,0,0,0,0,0
swe_test_track_c_00274,0,0,0,1,0,0
swe_test_track_c_00275,0,0,0,1,0,0
swe_test_track_c_00276,0,0,0,0,0,0
swe_test_track_c_00277,0,0,0,0,0,0
swe_test_track_c_00278,0,0,0,0,0,0
swe_test_track_c_00279,0,0,0,0,0,0
swe_test_track_c_00280,0,0,0,1,0,0
swe_test_track_c_00281,0,0,0,0,0,0
swe_test_track_c_00282,0,0,0,0,0,0
swe_test_track_c_00283,1,1,0,0,0,0
swe_test_track_c_00284,0,0,0,0,0,0
swe_test_track_c_00285,0,0,0,0,0,0
swe_test_track_c_00286,1,1,0,0,0,0
swe_test_track_c_00287,0,0,0,0,0,0
swe_test_track_c_00288,0,1,0,1,0,0
swe_test_track_c_00289,1,1,0,0,0,0
swe_test_track_c_00290,0,0,0,0,0,0
swe_test_track_c_00291,0,0,0,1,0,0
swe_test_track_c_00292,0,0,0,0,0,0
swe_test_track_c_00293,0,0,0,0,0,0
swe_test_track_c_00294,0,1,0,0,1,0
swe_test_track_c_00295,0,1,0,0,0,0
swe_test_track_c_00296,0,0,0,0,0,0
swe_test_track_c_00297,0,0,0,1,0,0
swe_test_track_c_00298,0,1,0,0,0,0
swe_test_track_c_00299,0,0,0,0,0,0
swe_test_track_c_00300,1,1,0,0,1,0
swe_test_track_c_00301,0,1,0,1,1,0
swe_test_track_c_00302,0,1,0,0,1,0
swe_test_track_c_00303,0,0,0,1,1,0
swe_test_track_c_00304,0,0,0,1,0,0
swe_test_track_c_00305,0,0,0,1,0,0
swe_test_track_c_00306,0,0,0,1,0,0
swe_test_track_c_00307,0,0,0,1,0,0
swe_test_track_c_00308,0,0,0,1,0,0
swe_test_track_c_00309,0,0,0,0,1,0
swe_test_track_c_00310,0,0,0,0,0,0
swe_test_track_c_00311,0,0,0,0,0,0
swe_test_track_c_00312,0,0,0,1,0,0
swe_test_track_c_00313,1,1,0,0,0,0
swe_test_track_c_00314,0,0,0,0,0,0
swe_test_track_c_00315,0,0,0,0,0,0
swe_test_track_c_00316,0,0,0,0,0,0
swe_test_track_c_00317,0,0,0,0,0,0
swe_test_track_c_00318,0,0,0,1,0,0
swe_test_track_c_00319,0,0,0,1,1,0
swe_test_track_c_00320,1,1,0,0,0,0
swe_test_track_c_00321,0,0,0,1,0,0
swe_test_track_c_00322,0,0,0,1,0,0
swe_test_track_c_00323,0,0,0,1,0,0
swe_test_track_c_00324,0,0,0,1,0,0
swe_test_track_c_00325,0,0,0,1,0,0
swe_test_track_c_00326,0,0,0,0,1,0
swe_test_track_c_00327,0,0,0,1,0,0
swe_test_track_c_00328,0,0,0,0,0,0
swe_test_track_c_00329,0,0,0,0,1,0
swe_test_track_c_00330,0,0,0,0,0,0
swe_test_track_c_00331,0,0,0,1,0,0
swe_test_track_c_00332,0,0,0,0,1,0
swe_test_track_c_00333,0,1,0,0,0,0
swe_test_track_c_00334,0,0,0,1,0,0
swe_test_track_c_00335,0,0,0,1,0,0
swe_test_track_c_00336,0,0,0,1,0,0
swe_test_track_c_00337,0,0,0,0,0,0
swe_test_track_c_00338,0,0,0,1,0,0
swe_test_track_c_00339,1,1,0,0,0,0
swe_test_track_c_00340,1,1,0,0,0,0
swe_test_track_c_00341,0,0,0,1,0,0
swe_test_track_c_00342,1,0,0,0,0,0
swe_test_track_c_00343,0,0,0,1,0,0
swe_test_track_c_00344,0,0,0,0,1,0
swe_test_track_c_00345,0,0,0,0,0,0
swe_test_track_c_00346,0,0,0,1,0,0
swe_test_track_c_00347,0,0,0,1,0,0
swe_test_track_c_00348,0,0,0,0,0,0
swe_test_track_c_00349,1,1,0,0,1,0
swe_test_track_c_00350,0,0,0,1,0,0
swe_test_track_c_00351,1,1,0,0,0,0
swe_test_track_c_00352,0,0,0,0,0,0
swe_test_track_c_00353,0,0,0,0,0,0
swe_test_track_c_00354,0,0,0,1,0,0
swe_test_track_c_00355,1,1,0,0,0,0
swe_test_track_c_00356,1,1,0,0,0,0
swe_test_track_c_00357,0,0,0,1,0,0
swe_test_track_c_00358,1,0,0,0,0,0
swe_test_track_c_00359,0,0,0,1,0,0
swe_test_track_c_00360,0,0,0,0,0,0
swe_test_track_c_00361,0,0,0,1,0,0
swe_test_track_c_00362,0,0,0,1,0,0
swe_test_track_c_00363,0,0,0,1,0,0
swe_test_track_c_00364,0,0,0,1,0,0
swe_test_track_c_00365,0,0,0,1,0,0
swe_test_track_c_00366,0,0,0,0,0,0
swe_test_track_c_00367,1,0,0,0,0,0
swe_test_track_c_00368,0,0,0,1,0,0
swe_test_track_c_00369,1,1,0,0,0,0
swe_test_track_c_00370,0,0,0,0,0,0
swe_test_track_c_00371,0,0,0,1,0,0
swe_test_track_c_00372,1,1,0,0,0,0
swe_test_track_c_00373,0,0,0,1,0,0
swe_test_track_c_00374,0,0,0,0,0,0
swe_test_track_c_00375,0,0,0,0,0,0
swe_test_track_c_00376,0,0,0,0,0,0
swe_test_track_c_00377,0,0,0,0,0,0
swe_test_track_c_00378,0,0,0,1,0,0
swe_test_track_c_00379,0,0,0,1,0,0
swe_test_track_c_00380,0,0,0,1,0,0
swe_test_track_c_00381,0,0,0,0,1,0
swe_test_track_c_00382,0,0,0,1,0,0
swe_test_track_c_00383,0,0,0,0,0,0
swe_test_track_c_00384,1,1,0,0,0,0
swe_test_track_c_00385,0,0,0,1,0,0
swe_test_track_c_00386,0,0,0,0,0,0
swe_test_track_c_00387,1,1,0,0,0,0
swe_test_track_c_00388,0,1,0,0,0,0
swe_test_track_c_00389,0,0,0,0,0,0
swe_test_track_c_00390,0,0,0,1,0,0
swe_test_track_c_00391,0,0,0,0,1,0
swe_test_track_c_00392,0,1,0,0,0,0
swe_test_track_c_00393,0,0,0,1,0,0
swe_test_track_c_00394,1,1,0,0,0,0
swe_test_track_c_00395,0,0,0,0,0,0
swe_test_track_c_00396,0,0,0,1,0,0
swe_test_track_c_00397,0,0,0,1,0,0
swe_test_track_c_00398,0,0,0,1,1,0
swe_test_track_c_00399,0,0,0,0,0,0
swe_test_track_c_00400,1,0,0,0,0,0
swe_test_track_c_00401,0,0,1,0,0,0
swe_test_track_c_00402,0,0,0,0,0,0
swe_test_track_c_00403,1,0,0,0,0,0
swe_test_track_c_00404,0,0,0,0,0,0
swe_test_track_c_00405,0,0,0,1,0,0
swe_test_track_c_00406,0,0,0,0,0,0
swe_test_track_c_00407,1,1,0,0,0,0
swe_test_track_c_00408,0,0,0,0,0,1
swe_test_track_c_00409,1,1,0,0,0,0
swe_test_track_c_00410,0,0,0,1,0,0
swe_test_track_c_00411,1,0,0,0,0,0
swe_test_track_c_00412,1,1,0,0,0,0
swe_test_track_c_00413,0,0,0,0,1,0
swe_test_track_c_00414,0,0,0,1,0,0
swe_test_track_c_00415,0,0,0,1,0,0
swe_test_track_c_00416,0,0,0,1,1,0
swe_test_track_c_00417,0,0,0,1,0,0
swe_test_track_c_00418,0,1,0,0,0,0
swe_test_track_c_00419,0,0,0,1,0,0
swe_test_track_c_00420,0,0,0,0,0,0
swe_test_track_c_00421,0,0,0,1,0,0
swe_test_track_c_00422,0,0,0,0,0,0
swe_test_track_c_00423,0,1,0,1,1,0
swe_test_track_c_00424,0,0,0,1,0,0
swe_test_track_c_00425,0,0,0,0,0,0
swe_test_track_c_00426,0,0,0,0,0,0
swe_test_track_c_00427,0,0,0,1,0,0
swe_test_track_c_00428,0,0,0,1,0,0
swe_test_track_c_00429,1,0,0,1,0,0
swe_test_track_c_00430,0,0,0,1,0,0
swe_test_track_c_00431,0,0,0,1,0,0
swe_test_track_c_00432,0,0,0,0,1,0
swe_test_track_c_00433,0,0,0,1,0,0
swe_test_track_c_00434,0,0,0,0,0,0
swe_test_track_c_00435,0,0,0,1,0,0
swe_test_track_c_00436,0,0,0,1,0,0
swe_test_track_c_00437,0,0,0,0,1,0
swe_test_track_c_00438,0,0,0,0,0,0
swe_test_track_c_00439,0,0,0,1,0,0
swe_test_track_c_00440,0,0,0,0,0,0
swe_test_track_c_00441,0,0,0,1,0,0
swe_test_track_c_00442,0,0,0,1,0,0
swe_test_track_c_00443,0,1,0,0,1,0
swe_test_track_c_00444,0,0,0,0,0,0
swe_test_track_c_00445,0,0,0,1,0,0
swe_test_track_c_00446,0,0,0,0,0,0
swe_test_track_c_00447,1,1,0,0,0,0
swe_test_track_c_00448,0,0,0,1,0,0
swe_test_track_c_00449,0,0,0,0,0,0
swe_test_track_c_00450,0,0,0,0,0,0
swe_test_track_c_00451,0,0,0,1,0,0
swe_test_track_c_00452,0,0,0,1,0,0
swe_test_track_c_00453,1,1,0,0,0,0
swe_test_track_c_00454,0,0,0,0,1,0
swe_test_track_c_00455,0,0,0,1,0,0
swe_test_track_c_00456,1,1,0,0,1,0
swe_test_track_c_00457,0,0,0,1,0,0
swe_test_track_c_00458,0,0,0,1,0,0
swe_test_track_c_00459,0,0,0,0,0,0
swe_test_track_c_00460,0,0,0,1,0,0
swe_test_track_c_00461,0,0,0,1,0,0
swe_test_track_c_00462,0,0,0,1,0,0
swe_test_track_c_00463,0,0,0,0,0,0
swe_test_track_c_00464,0,0,0,0,0,0
swe_test_track_c_00465,0,0,0,1,0,0
swe_test_track_c_00466,0,0,0,0,0,0
swe_test_track_c_00467,0,0,0,1,0,0
swe_test_track_c_00468,0,0,0,0,0,0
swe_test_track_c_00469,0,0,0,0,0,0
swe_test_track_c_00470,1,0,0,0,0,0
swe_test_track_c_00471,0,0,0,0,0,0
swe_test_track_c_00472,0,0,0,1,0,0
swe_test_track_c_00473,0,0,0,0,0,0
swe_test_track_c_00474,0,0,0,1,0,0
swe_test_track_c_00475,0,0,0,1,0,0
swe_test_track_c_00476,1,0,0,0,1,0
swe_test_track_c_00477,0,0,0,1,0,0
swe_test_track_c_00478,1,1,0,0,0,0
swe_test_track_c_00479,0,0,0,1,0,0
swe_test_track_c_00480,1,0,0,0,0,0
swe_test_track_c_00481,0,0,0,0,0,0
swe_test_track_c_00482,1,1,0,0,0,0
swe_test_track_c_00483,0,0,0,0,0,0
swe_test_track_c_00484,0,0,0,1,0,0
swe_test_track_c_00485,0,0,0,0,0,0
swe_test_track_c_00486,0,0,0,0,0,0
swe_test_track_c_00487,0,0,0,1,0,0
swe_test_track_c_00488,0,0,0,0,0,0
swe_test_track_c_00489,1,1,0,0,0,0
swe_test_track_c_00490,0,0,1,0,0,0
swe_test_track_c_00491,1,0,0,0,0,0
swe_test_track_c_00492,0,0,0,1,0,0
swe_test_track_c_00493,0,1,0,0,0,0
swe_test_track_c_00494,0,0,0,0,1,0
swe_test_track_c_00495,0,0,0,1,0,0
swe_test_track_c_00496,0,0,0,0,0,0
swe_test_track_c_00497,0,0,0,1,0,0
swe_test_track_c_00498,0,0,0,0,1,0
swe_test_track_c_00499,0,0,0,0,0,0
swe_test_track_c_00500,0,0,0,0,0,0
swe_test_track_c_00501,0,0,0,0,0,0
swe_test_track_c_00502,1,0,0,0,0,0
swe_test_track_c_00503,0,0,0,1,0,0
swe_test_track_c_00504,0,0,0,1,0,0
swe_test_track_c_00505,0,0,0,0,0,0
swe_test_track_c_00506,1,0,0,0,1,0
swe_test_track_c_00507,1,0,0,0,0,0
swe_test_track_c_00508,0,0,0,0,1,0
swe_test_track_c_00509,0,0,1,0,1,0
swe_test_track_c_00510,0,0,0,1,0,0
swe_test_track_c_00511,1,1,0,0,0,0
swe_test_track_c_00512,0,1,0,0,0,0
swe_test_track_c_00513,0,0,0,1,0,0
swe_test_track_c_00514,0,0,0,1,1,0
swe_test_track_c_00515,0,0,0,1,0,0
swe_test_track_c_00516,0,1,0,0,0,0
swe_test_track_c_00517,0,0,0,0,0,0
swe_test_track_c_00518,0,0,0,1,0,0
swe_test_track_c_00519,1,0,0,0,0,0
swe_test_track_c_00520,1,0,0,0,0,0
swe_test_track_c_00521,0,0,1,0,0,0
swe_test_track_c_00522,0,0,0,1,0,0
swe_test_track_c_00523,1,1,0,0,0,0
swe_test_track_c_00524,1,1,0,0,0,0
swe_test_track_c_00525,1,1,0,0,0,0
swe_test_track_c_00526,0,0,0,0,0,0
swe_test_track_c_00527,0,0,0,0,0,0
swe_test_track_c_00528,0,0,0,0,0,0
swe_test_track_c_00529,1,1,0,0,0,0
swe_test_track_c_00530,0,0,0,1,0,0
swe_test_track_c_00531,1,1,0,0,0,0
swe_test_track_c_00532,0,1,0,0,0,0
swe_test_track_c_00533,1,1,0,0,0,0
swe_test_track_c_00534,0,0,0,1,0,0
swe_test_track_c_00535,1,1,0,0,0,0
swe_test_track_c_00536,0,0,0,0,0,1
swe_test_track_c_00537,0,0,0,1,0,0
swe_test_track_c_00538,0,0,0,0,0,0
swe_test_track_c_00539,1,1,0,0,0,0
swe_test_track_c_00540,0,0,0,1,0,0
swe_test_track_c_00541,0,0,0,0,0,0
swe_test_track_c_00542,1,0,0,0,0,0
swe_test_track_c_00543,0,0,0,0,0,0
swe_test_track_c_00544,0,0,0,0,0,0
swe_test_track_c_00545,0,0,0,0,0,0
swe_test_track_c_00546,0,0,0,1,0,0
swe_test_track_c_00547,1,0,0,0,1,0
swe_test_track_c_00548,1,1,0,0,0,0
swe_test_track_c_00549,0,0,0,0,0,0
swe_test_track_c_00550,0,0,0,1,0,0
swe_test_track_c_00551,0,0,0,1,0,0
swe_test_track_c_00552,0,0,0,1,0,0
swe_test_track_c_00553,0,0,0,0,0,1
swe_test_track_c_00554,0,0,0,0,0,0
swe_test_track_c_00555,0,0,0,1,0,0
swe_test_track_c_00556,0,0,0,0,0,0
swe_test_track_c_00557,1,1,0,0,1,0
swe_test_track_c_00558,0,1,0,0,1,0
swe_test_track_c_00559,1,0,0,0,1,0
swe_test_track_c_00560,0,0,0,1,0,0
swe_test_track_c_00561,0,0,0,1,0,0
swe_test_track_c_00562,0,0,0,0,0,0
swe_test_track_c_00563,1,1,0,0,0,0
swe_test_track_c_00564,0,0,0,1,0,0
swe_test_track_c_00565,0,0,0,0,0,0
swe_test_track_c_00566,1,0,0,1,1,0
swe_test_track_c_00567,0,0,0,0,0,0
swe_test_track_c_00568,0,0,0,0,0,0
swe_test_track_c_00569,0,0,0,0,0,0
swe_test_track_c_00570,0,0,0,0,0,0
swe_test_track_c_00571,0,1,0,0,0,0
swe_test_track_c_00572,0,0,0,0,0,1
swe_test_track_c_00573,0,0,0,1,0,0
swe_test_track_c_00574,0,0,0,0,0,0
swe_test_track_c_00575,1,1,0,0,0,0
swe_test_track_c_00576,0,0,0,0,0,0
swe_test_track_c_00577,0,0,0,1,0,0
swe_test_track_c_00578,0,0,0,1,0,0
swe_test_track_c_00579,0,0,0,0,0,0
swe_test_track_c_00580,1,0,0,0,0,0
swe_test_track_c_00581,1,1,0,0,1,0
swe_test_track_c_00582,0,0,0,0,0,0
swe_test_track_c_00583,0,0,0,1,0,0
swe_test_track_c_00584,0,0,0,1,0,0
swe_test_track_c_00585,0,0,0,0,0,0
swe_test_track_c_00586,1,1,0,0,1,0
swe_test_track_c_00587,1,0,0,0,0,0
swe_test_track_c_00588,0,0,0,1,0,0
swe_test_track_c_00589,0,0,0,0,1,0
swe_test_track_c_00590,0,0,0,1,0,0
swe_test_track_c_00591,1,1,0,0,0,0
swe_test_track_c_00592,0,0,0,0,0,0
swe_test_track_c_00593,0,0,0,0,0,0
swe_test_track_c_00594,1,0,0,0,1,0
swe_test_track_c_00595,1,0,0,0,0,0
swe_test_track_c_00596,0,0,0,1,0,0
swe_test_track_c_00597,0,0,0,0,0,0
swe_test_track_c_00598,0,0,0,0,0,0
swe_test_track_c_00599,1,1,0,0,0,0
swe_test_track_c_00600,1,0,0,0,0,0
swe_test_track_c_00601,0,0,1,0,0,0
swe_test_track_c_00602,0,0,0,0,0,0
swe_test_track_c_00603,1,1,0,0,0,0
swe_test_track_c_00604,0,0,0,0,0,0
swe_test_track_c_00605,1,1,0,0,0,0
swe_test_track_c_00606,0,0,0,1,0,0
swe_test_track_c_00607,1,1,0,0,0,0
swe_test_track_c_00608,0,0,0,0,0,0
swe_test_track_c_00609,0,1,0,1,1,0
swe_test_track_c_00610,0,0,0,1,1,0
swe_test_track_c_00611,1,1,0,0,0,0
swe_test_track_c_00612,1,1,0,0,0,0
swe_test_track_c_00613,0,0,0,1,0,0
swe_test_track_c_00614,1,0,0,0,0,0
swe_test_track_c_00615,0,0,0,1,0,0
swe_test_track_c_00616,0,0,0,0,0,0
swe_test_track_c_00617,0,0,0,0,0,0
swe_test_track_c_00618,0,0,0,0,0,0
swe_test_track_c_00619,0,0,0,1,0,0
swe_test_track_c_00620,0,0,0,1,0,0
swe_test_track_c_00621,0,0,0,1,0,0
swe_test_track_c_00622,0,0,0,1,0,0
swe_test_track_c_00623,1,1,0,0,0,0
swe_test_track_c_00624,0,1,0,0,0,0
swe_test_track_c_00625,0,0,0,0,0,0
swe_test_track_c_00626,0,0,0,0,0,0
swe_test_track_c_00627,0,0,0,0,0,0
swe_test_track_c_00628,0,0,0,0,0,0
swe_test_track_c_00629,0,0,0,1,0,0
swe_test_track_c_00630,0,0,0,0,0,0
swe_test_track_c_00631,0,0,0,1,0,0
swe_test_track_c_00632,1,1,0,0,0,0
swe_test_track_c_00633,1,1,0,0,0,0
swe_test_track_c_00634,1,1,0,0,0,0
swe_test_track_c_00635,0,0,0,0,0,0
swe_test_track_c_00636,0,0,0,0,0,0
swe_test_track_c_00637,0,0,0,1,0,0
swe_test_track_c_00638,0,0,0,1,0,0
swe_test_track_c_00639,0,0,0,0,0,0
swe_test_track_c_00640,0,0,0,0,1,0
swe_test_track_c_00641,1,1,0,0,0,0
swe_test_track_c_00642,0,0,0,1,0,0
swe_test_track_c_00643,1,1,0,0,0,0
swe_test_track_c_00644,0,1,0,0,0,0
swe_test_track_c_00645,0,0,0,0,1,0
swe_test_track_c_00646,1,1,0,0,0,0
swe_test_track_c_00647,0,0,0,0,0,0
swe_test_track_c_00648,1,1,0,0,0,0
swe_test_track_c_00649,0,0,0,1,0,0
swe_test_track_c_00650,0,0,0,0,0,0
swe_test_track_c_00651,0,0,0,1,0,0
swe_test_track_c_00652,1,1,0,0,0,0
swe_test_track_c_00653,0,0,0,1,0,0
swe_test_track_c_00654,0,0,0,0,1,0
swe_test_track_c_00655,0,0,0,0,0,0
swe_test_track_c_00656,0,0,0,1,0,0
swe_test_track_c_00657,0,0,0,0,0,0
swe_test_track_c_00658,0,0,0,1,0,0
swe_test_track_c_00659,0,0,0,0,0,0
swe_test_track_c_00660,0,0,0,1,0,0
swe_test_track_c_00661,0,0,0,1,0,0
swe_test_track_c_00662,1,0,0,0,0,0
swe_test_track_c_00663,0,0,0,0,1,0
swe_test_track_c_00664,0,0,0,0,0,0
swe_test_track_c_00665,0,0,0,0,0,0
swe_test_track_c_00666,0,0,0,0,1,0
swe_test_track_c_00667,0,0,0,0,0,0
swe_test_track_c_00668,1,1,0,0,0,0
swe_test_track_c_00669,1,1,0,0,0,0
swe_test_track_c_00670,0,0,0,0,0,0
swe_test_track_c_00671,0,0,0,1,0,0
swe_test_track_c_00672,0,0,0,1,0,0
swe_test_track_c_00673,0,0,0,0,0,0
swe_test_track_c_00674,0,0,0,1,0,0
swe_test_track_c_00675,1,0,0,0,1,0
swe_test_track_c_00676,0,0,0,1,0,0
swe_test_track_c_00677,0,0,0,0,0,0
swe_test_track_c_00678,0,0,0,0,0,0
swe_test_track_c_00679,0,0,0,1,0,0
swe_test_track_c_00680,0,0,0,0,0,0
swe_test_track_c_00681,0,0,0,1,0,0
swe_test_track_c_00682,0,0,1,0,0,0
swe_test_track_c_00683,0,0,0,0,0,0
swe_test_track_c_00684,0,0,0,1,0,0
swe_test_track_c_00685,0,0,0,0,0,0
swe_test_track_c_00686,0,0,0,1,0,0
swe_test_track_c_00687,1,0,0,0,0,0
swe_test_track_c_00688,0,0,0,0,0,0
swe_test_track_c_00689,0,0,0,0,0,0
swe_test_track_c_00690,0,0,0,1,1,0
swe_test_track_c_00691,0,0,0,0,0,0
swe_test_track_c_00692,0,0,0,1,0,0
swe_test_track_c_00693,0,0,0,1,0,0
swe_test_track_c_00694,0,1,0,0,0,0
swe_test_track_c_00695,0,0,0,1,0,0
swe_test_track_c_00696,0,0,0,0,1,0
swe_test_track_c_00697,1,0,0,0,0,0
swe_test_track_c_00698,1,1,0,0,0,0
swe_test_track_c_00699,0,1,0,0,1,0
swe_test_track_c_00700,0,0,0,1,0,0
swe_test_track_c_00701,0,0,0,1,0,0
swe_test_track_c_00702,0,0,1,0,0,0
swe_test_track_c_00703,0,0,0,1,0,0
swe_test_track_c_00704,0,0,0,1,0,0
swe_test_track_c_00705,0,0,0,1,0,0
swe_test_track_c_00706,1,0,0,0,0,0
swe_test_track_c_00707,0,0,0,1,0,0
swe_test_track_c_00708,0,0,0,1,0,0
swe_test_track_c_00709,0,0,0,1,0,0
swe_test_track_c_00710,0,0,0,1,0,0
swe_test_track_c_00711,0,0,0,0,0,0
swe_test_track_c_00712,1,1,0,0,0,0
swe_test_track_c_00713,1,0,0,0,0,0
swe_test_track_c_00714,0,0,0,1,0,0
swe_test_track_c_00715,0,0,0,1,0,0
swe_test_track_c_00716,0,0,0,0,0,0
swe_test_track_c_00717,0,0,0,1,0,0
swe_test_track_c_00718,0,0,0,1,0,0
swe_test_track_c_00719,0,0,0,0,0,0
swe_test_track_c_00720,0,0,0,1,0,0
swe_test_track_c_00721,0,0,0,0,0,0
swe_test_track_c_00722,0,0,0,1,0,0
swe_test_track_c_00723,0,1,0,0,0,0
swe_test_track_c_00724,0,0,0,0,0,0
swe_test_track_c_00725,0,0,0,0,0,0
swe_test_track_c_00726,0,0,0,1,0,0
swe_test_track_c_00727,0,0,0,1,0,0
swe_test_track_c_00728,0,1,0,0,1,0
swe_test_track_c_00729,1,1,0,0,0,0
swe_test_track_c_00730,0,0,0,1,0,0
swe_test_track_c_00731,0,0,0,1,0,0
swe_test_track_c_00732,0,0,0,1,0,0
swe_test_track_c_00733,0,0,0,0,0,0
swe_test_track_c_00734,1,1,0,0,1,0
swe_test_track_c_00735,0,0,0,1,0,0
swe_test_track_c_00736,1,0,0,0,1,0
swe_test_track_c_00737,0,0,0,0,0,0
swe_test_track_c_00738,0,0,0,1,0,0
swe_test_track_c_00739,0,0,0,0,0,0
swe_test_track_c_00740,0,0,0,0,0,0
swe_test_track_c_00741,0,0,0,1,0,0
swe_test_track_c_00742,0,0,0,1,0,0
swe_test_track_c_00743,0,0,0,1,0,0
swe_test_track_c_00744,0,0,0,1,0,0
swe_test_track_c_00745,0,0,0,1,0,0
swe_test_track_c_00746,1,1,0,0,0,0
swe_test_track_c_00747,1,0,0,0,0,0
swe_test_track_c_00748,0,0,0,0,0,0
swe_test_track_c_00749,0,0,0,0,0,0
swe_test_track_c_00750,0,0,0,1,0,0
swe_test_track_c_00751,0,0,0,1,0,0
swe_test_track_c_00752,0,0,0,1,1,0
swe_test_track_c_00753,0,0,0,0,0,0
swe_test_track_c_00754,1,0,0,0,1,0
swe_test_track_c_00755,1,0,0,0,1,0
swe_test_track_c_00756,1,1,0,0,0,0
swe_test_track_c_00757,0,1,0,1,1,0
swe_test_track_c_00758,0,0,0,0,0,1
swe_test_track_c_00759,0,0,0,0,0,0
swe_test_track_c_00760,0,0,0,0,0,0
swe_test_track_c_00761,0,0,0,0,0,0
swe_test_track_c_00762,0,0,0,1,0,0
swe_test_track_c_00763,0,1,0,0,1,0
swe_test_track_c_00764,0,1,0,1,0,0
swe_test_track_c_00765,1,1,0,0,0,0
swe_test_track_c_00766,0,0,0,0,0,0
swe_test_track_c_00767,0,0,0,0,0,0
swe_test_track_c_00768,0,0,0,0,0,0
swe_test_track_c_00769,0,0,0,0,0,0
swe_test_track_c_00770,0,0,0,1,0,0
swe_test_track_c_00771,0,0,0,1,0,0
swe_test_track_c_00772,0,0,0,0,0,0
swe_test_track_c_00773,1,0,0,0,1,0
swe_test_track_c_00774,0,0,0,1,0,0
swe_test_track_c_00775,0,0,0,1,0,0
swe_test_track_c_00776,0,0,0,1,0,0
swe_test_track_c_00777,1,1,0,0,0,0
swe_test_track_c_00778,0,0,0,1,0,0
swe_test_track_c_00779,1,0,0,1,1,0
swe_test_track_c_00780,0,0,0,1,0,0
swe_test_track_c_00781,0,0,0,0,1,0
swe_test_track_c_00782,0,0,0,1,0,0
swe_test_track_c_00783,0,0,0,1,0,0
swe_test_track_c_00784,0,0,0,0,0,0
swe_test_track_c_00785,0,0,0,1,0,0
swe_test_track_c_00786,1,1,0,0,1,0
swe_test_track_c_00787,0,0,0,0,0,0
swe_test_track_c_00788,1,1,0,0,0,0
swe_test_track_c_00789,1,1,0,0,0,0
swe_test_track_c_00790,0,1,0,0,1,0
swe_test_track_c_00791,1,0,0,0,0,0
swe_test_track_c_00792,0,0,0,1,0,0
swe_test_track_c_00793,0,1,0,0,0,0
swe_test_track_c_00794,0,0,0,1,0,0
swe_test_track_c_00795,0,0,0,1,0,0
swe_test_track_c_00796,0,0,0,0,0,0
swe_test_track_c_00797,0,0,0,0,0,0
swe_test_track_c_00798,0,0,0,1,0,0
swe_test_track_c_00799,0,0,0,1,0,0
swe_test_track_c_00800,0,0,0,1,0,0
swe_test_track_c_00801,0,0,0,1,0,0
swe_test_track_c_00802,0,0,0,0,0,0
swe_test_track_c_00803,0,0,0,0,0,0
swe_test_track_c_00804,0,0,0,0,1,0
swe_test_track_c_00805,0,0,0,0,1,0
swe_test_track_c_00806,0,0,0,0,0,0
swe_test_track_c_00807,0,0,0,0,0,0
swe_test_track_c_00808,0,0,0,1,0,0
swe_test_track_c_00809,0,0,0,0,0,0
swe_test_track_c_00810,0,0,0,1,0,0
swe_test_track_c_00811,0,0,0,1,0,0
swe_test_track_c_00812,0,0,0,1,0,0
swe_test_track_c_00813,0,0,0,0,1,0
swe_test_track_c_00814,0,0,0,0,0,1
swe_test_track_c_00815,0,0,0,1,0,0
swe_test_track_c_00816,0,0,0,1,0,0
swe_test_track_c_00817,0,0,0,0,0,0
swe_test_track_c_00818,1,1,0,0,0,0
swe_test_track_c_00819,0,0,0,1,0,0
swe_test_track_c_00820,0,0,0,0,0,0
swe_test_track_c_00821,1,1,0,0,0,0
swe_test_track_c_00822,0,0,0,0,0,0
swe_test_track_c_00823,1,1,0,1,0,1
swe_test_track_c_00824,1,1,0,0,0,0
swe_test_track_c_00825,0,0,0,1,0,0
swe_test_track_c_00826,0,0,0,0,0,0
swe_test_track_c_00827,0,0,0,0,0,0
swe_test_track_c_00828,0,0,0,1,0,0
swe_test_track_c_00829,0,0,0,1,0,0
swe_test_track_c_00830,0,0,0,1,0,0
swe_test_track_c_00831,0,0,0,1,0,0
swe_test_track_c_00832,0,0,0,0,0,0
swe_test_track_c_00833,1,1,0,0,0,0
swe_test_track_c_00834,0,0,0,0,0,0
swe_test_track_c_00835,0,0,0,1,0,0
swe_test_track_c_00836,0,1,0,0,0,0
swe_test_track_c_00837,0,0,0,0,0,0
swe_test_track_c_00838,0,1,0,0,0,0
swe_test_track_c_00839,0,0,0,1,0,0
swe_test_track_c_00840,1,0,0,1,0,0
swe_test_track_c_00841,0,0,0,0,0,0
swe_test_track_c_00842,0,0,0,1,0,0
swe_test_track_c_00843,0,0,0,1,0,0
swe_test_track_c_00844,0,0,0,0,0,0
swe_test_track_c_00845,0,1,0,0,0,0
swe_test_track_c_00846,1,0,0,0,0,0
swe_test_track_c_00847,0,0,0,0,0,1
swe_test_track_c_00848,0,0,0,1,0,0
swe_test_track_c_00849,0,0,0,0,0,0
swe_test_track_c_00850,0,0,0,0,0,0
swe_test_track_c_00851,0,0,0,0,0,0
swe_test_track_c_00852,0,0,0,1,0,0
swe_test_track_c_00853,0,0,0,1,0,0
swe_test_track_c_00854,0,0,0,1,0,0
swe_test_track_c_00855,1,1,0,0,0,0
swe_test_track_c_00856,1,0,0,1,0,0
swe_test_track_c_00857,1,1,0,0,1,0
swe_test_track_c_00858,0,0,0,1,1,0
swe_test_track_c_00859,0,0,0,0,1,0
swe_test_track_c_00860,0,0,0,1,0,0
swe_test_track_c_00861,0,0,0,1,0,0
swe_test_track_c_00862,0,0,0,1,0,0
swe_test_track_c_00863,0,1,0,0,0,0
swe_test_track_c_00864,1,0,0,1,1,0
swe_test_track_c_00865,0,0,0,1,0,0
swe_test_track_c_00866,0,0,0,1,0,0
swe_test_track_c_00867,0,0,0,0,0,0
swe_test_track_c_00868,0,0,0,0,0,0
swe_test_track_c_00869,1,1,0,0,1,0
swe_test_track_c_00870,1,1,0,0,0,0
swe_test_track_c_00871,0,0,0,1,0,0
swe_test_track_c_00872,0,0,0,1,0,0
swe_test_track_c_00873,0,0,0,0,0,0
swe_test_track_c_00874,0,0,0,0,0,0
swe_test_track_c_00875,0,0,0,0,0,0
swe_test_track_c_00876,1,1,0,0,0,0
swe_test_track_c_00877,0,0,0,1,0,0
swe_test_track_c_00878,0,0,0,0,0,0
swe_test_track_c_00879,0,0,0,0,0,0
swe_test_track_c_00880,0,0,1,0,0,0
swe_test_track_c_00881,0,0,0,0,0,0
swe_test_track_c_00882,0,0,0,0,0,0
swe_test_track_c_00883,0,1,0,0,0,0
swe_test_track_c_00884,0,0,0,0,0,0
swe_test_track_c_00885,0,0,0,1,0,0
swe_test_track_c_00886,1,1,0,0,0,0
swe_test_track_c_00887,0,0,0,0,0,0
swe_test_track_c_00888,0,0,0,0,0,0
swe_test_track_c_00889,1,1,0,0,0,0
swe_test_track_c_00890,0,1,1,0,1,0
swe_test_track_c_00891,0,0,0,0,0,0
swe_test_track_c_00892,0,0,0,0,0,0
swe_test_track_c_00893,1,1,0,0,0,0
swe_test_track_c_00894,0,0,0,1,0,0
swe_test_track_c_00895,0,0,0,1,0,0
swe_test_track_c_00896,0,0,0,0,0,0
swe_test_track_c_00897,0,0,0,1,0,0
swe_test_track_c_00898,0,0,0,0,0,0
swe_test_track_c_00899,1,0,0,0,1,0
swe_test_track_c_00900,0,0,0,0,0,0
swe_test_track_c_00901,0,0,0,0,0,0
swe_test_track_c_00902,0,0,0,0,0,0
swe_test_track_c_00903,0,0,0,0,0,0
swe_test_track_c_00904,0,0,0,1,0,0
swe_test_track_c_00905,0,1,0,1,0,0
swe_test_track_c_00906,0,0,0,0,0,0
swe_test_track_c_00907,0,0,0,1,0,0
swe_test_track_c_00908,1,1,0,0,0,0
swe_test_track_c_00909,0,0,0,0,0,0
swe_test_track_c_00910,1,1,0,0,1,0
swe_test_track_c_00911,0,0,0,1,0,0
swe_test_track_c_00912,0,0,0,1,0,0
swe_test_track_c_00913,0,0,0,0,0,0
swe_test_track_c_00914,0,0,0,0,0,0
swe_test_track_c_00915,0,0,0,0,0,0
swe_test_track_c_00916,0,0,0,1,0,0
swe_test_track_c_00917,0,0,0,1,0,0
swe_test_track_c_00918,0,0,0,1,0,0
swe_test_track_c_00919,0,0,0,0,0,0
swe_test_track_c_00920,0,0,0,0,1,0
swe_test_track_c_00921,0,0,0,1,0,0
swe_test_track_c_00922,0,0,0,1,0,0
swe_test_track_c_00923,1,0,0,0,0,0
swe_test_track_c_00924,0,0,0,0,0,0
swe_test_track_c_00925,0,0,0,0,0,0
swe_test_track_c_00926,0,0,0,1,0,0
swe_test_track_c_00927,0,1,0,0,0,0
swe_test_track_c_00928,1,1,0,0,0,0
swe_test_track_c_00929,0,0,0,1,0,0
swe_test_track_c_00930,0,0,0,1,0,0
swe_test_track_c_00931,0,0,0,0,0,0
swe_test_track_c_00932,0,0,0,1,0,0
swe_test_track_c_00933,0,0,0,1,0,0
swe_test_track_c_00934,0,0,0,1,0,0
swe_test_track_c_00935,1,0,0,0,0,0
swe_test_track_c_00936,0,0,0,1,0,0
swe_test_track_c_00937,0,0,0,1,0,0
swe_test_track_c_00938,0,0,0,0,0,0
swe_test_track_c_00939,1,0,0,0,0,0
swe_test_track_c_00940,0,0,0,0,0,0
swe_test_track_c_00941,0,0,0,0,0,0
swe_test_track_c_00942,0,0,0,1,0,0
swe_test_track_c_00943,1,1,0,0,0,0
swe_test_track_c_00944,0,0,0,0,0,0
swe_test_track_c_00945,1,0,0,0,0,0
swe_test_track_c_00946,1,1,0,0,0,0
swe_test_track_c_00947,0,0,1,0,1,0
swe_test_track_c_00948,0,0,0,0,0,0
swe_test_track_c_00949,0,0,0,0,0,0
swe_test_track_c_00950,0,0,0,1,0,0
swe_test_track_c_00951,0,0,0,1,0,0
swe_test_track_c_00952,0,0,0,0,0,0
swe_test_track_c_00953,1,1,0,0,0,0
swe_test_track_c_00954,0,0,0,0,0,0
swe_test_track_c_00955,0,0,0,1,0,0
swe_test_track_c_00956,1,0,0,0,0,0
swe_test_track_c_00957,0,0,0,1,0,0
swe_test_track_c_00958,0,0,0,1,0,0
swe_test_track_c_00959,1,1,0,0,0,0
swe_test_track_c_00960,0,0,0,1,0,0
swe_test_track_c_00961,0,0,0,0,0,0
swe_test_track_c_00962,0,0,0,1,0,0
swe_test_track_c_00963,1,1,0,0,0,0
swe_test_track_c_00964,0,0,0,0,0,0
swe_test_track_c_00965,1,0,0,0,0,0
swe_test_track_c_00966,0,0,0,1,0,0
swe_test_track_c_00967,0,0,0,0,0,0
swe_test_track_c_00968,0,0,0,1,0,0
swe_test_track_c_00969,0,0,0,1,0,0
swe_test_track_c_00970,0,0,0,0,0,0
swe_test_track_c_00971,0,0,1,0,0,0
swe_test_track_c_00972,1,0,0,0,0,0
swe_test_track_c_00973,0,0,0,1,0,0
swe_test_track_c_00974,0,0,0,1,0,0
swe_test_track_c_00975,1,0,0,0,0,0
swe_test_track_c_00976,0,0,0,0,0,0
swe_test_track_c_00977,0,0,0,0,0,0
swe_test_track_c_00978,0,0,0,1,0,0
swe_test_track_c_00979,1,1,0,0,0,0
swe_test_track_c_00980,0,0,0,1,0,0
swe_test_track_c_00981,0,0,0,0,0,0
swe_test_track_c_00982,1,0,0,0,0,0
swe_test_track_c_00983,1,0,0,0,0,0
swe_test_track_c_00984,0,0,0,0,0,0
swe_test_track_c_00985,0,0,0,1,0,0
swe_test_track_c_00986,0,0,0,0,0,0
swe_test_track_c_00987,1,0,0,0,0,1
swe_test_track_c_00988,0,0,0,1,0,0
swe_test_track_c_00989,1,1,0,0,0,0
swe_test_track_c_00990,0,1,0,1,1,0
swe_test_track_c_00991,1,0,0,0,1,0
swe_test_track_c_00992,0,0,0,1,0,0
swe_test_track_c_00993,0,0,0,1,0,0
swe_test_track_c_00994,0,0,0,1,0,0
swe_test_track_c_00995,0,0,0,1,0,0
swe_test_track_c_00996,1,1,0,0,0,0
swe_test_track_c_00997,0,0,0,0,0,0
swe_test_track_c_00998,1,1,0,0,0,0
swe_test_track_c_00999,1,1,0,0,0,0
swe_test_track_c_01000,0,0,0,1,0,0
swe_test_track_c_01001,0,0,0,0,0,0
swe_test_track_c_01002,0,1,0,0,0,0
swe_test_track_c_01003,1,1,0,0,0,0
swe_test_track_c_01004,0,0,0,1,0,0
swe_test_track_c_01005,0,0,0,0,0,0
swe_test_track_c_01006,0,0,0,1,0,0
swe_test_track_c_01007,1,0,0,0,0,0
swe_test_track_c_01008,0,0,0,0,0,0
swe_test_track_c_01009,0,0,0,0,1,0
swe_test_track_c_01010,0,0,0,1,0,0
swe_test_track_c_01011,0,0,0,1,1,0
swe_test_track_c_01012,0,0,0,0,0,0
swe_test_track_c_01013,0,0,0,1,0,0
swe_test_track_c_01014,0,0,0,0,0,0
swe_test_track_c_01015,0,0,0,0,0,0
swe_test_track_c_01016,0,1,0,1,1,0
swe_test_track_c_01017,1,1,0,0,0,0
swe_test_track_c_01018,1,1,0,0,0,0
swe_test_track_c_01019,0,0,0,1,0,0
swe_test_track_c_01020,0,0,0,1,0,0
swe_test_track_c_01021,0,0,0,1,1,0
swe_test_track_c_01022,0,0,0,0,0,1
swe_test_track_c_01023,0,0,0,1,0,0
swe_test_track_c_01024,0,0,0,1,0,0
swe_test_track_c_01025,0,0,0,1,0,0
swe_test_track_c_01026,0,0,0,0,0,0
swe_test_track_c_01027,0,0,0,0,0,0
swe_test_track_c_01028,0,0,0,0,0,0
swe_test_track_c_01029,0,0,0,1,0,0
swe_test_track_c_01030,0,0,0,0,0,0
swe_test_track_c_01031,0,0,0,1,0,0
swe_test_track_c_01032,0,0,0,1,0,0
swe_test_track_c_01033,1,0,0,0,0,0
swe_test_track_c_01034,0,0,0,0,0,0
swe_test_track_c_01035,1,1,0,0,0,0
swe_test_track_c_01036,0,0,0,0,0,0
swe_test_track_c_01037,1,1,0,0,1,0
swe_test_track_c_01038,0,0,0,1,0,0
swe_test_track_c_01039,0,0,0,0,0,0
swe_test_track_c_01040,0,0,0,1,0,0
swe_test_track_c_01041,0,0,0,1,0,0
swe_test_track_c_01042,0,0,0,0,0,0
swe_test_track_c_01043,1,0,0,0,0,0
swe_test_track_c_01044,0,0,0,0,0,0
swe_test_track_c_01045,0,0,0,0,0,0
swe_test_track_c_01046,0,0,0,1,0,0
swe_test_track_c_01047,1,0,0,0,0,0
swe_test_track_c_01048,0,0,0,0,0,0
swe_test_track_c_01049,1,0,0,0,0,0
swe_test_track_c_01050,1,0,0,0,0,1
swe_test_track_c_01051,0,1,0,0,0,0
swe_test_track_c_01052,0,0,0,0,0,0
swe_test_track_c_01053,1,0,0,0,0,0
swe_test_track_c_01054,0,0,0,1,0,0
swe_test_track_c_01055,0,0,0,0,0,0
swe_test_track_c_01056,0,0,0,1,0,0
swe_test_track_c_01057,0,0,0,0,0,0
swe_test_track_c_01058,0,0,0,1,0,0
swe_test_track_c_01059,0,0,0,1,0,0
swe_test_track_c_01060,0,0,0,1,0,0
swe_test_track_c_01061,1,1,0,0,0,0
swe_test_track_c_01062,0,0,0,1,0,0
swe_test_track_c_01063,0,0,0,0,0,0
swe_test_track_c_01064,0,0,0,0,0,0
swe_test_track_c_01065,0,0,0,1,0,0
swe_test_track_c_01066,0,0,0,0,0,0
swe_test_track_c_01067,1,1,0,0,0,0
swe_test_track_c_01068,1,1,0,0,0,0
swe_test_track_c_01069,1,1,0,0,0,0
swe_test_track_c_01070,0,0,0,1,1,0
swe_test_track_c_01071,0,0,0,0,0,0
swe_test_track_c_01072,0,0,0,1,0,0
swe_test_track_c_01073,1,0,0,0,0,0
swe_test_track_c_01074,0,0,0,1,0,0
swe_test_track_c_01075,1,1,0,0,0,0
swe_test_track_c_01076,0,0,0,1,0,0
swe_test_track_c_01077,0,0,0,0,0,0
swe_test_track_c_01078,0,0,0,1,0,0
swe_test_track_c_01079,1,1,0,0,0,0
swe_test_track_c_01080,0,0,0,0,0,0
swe_test_track_c_01081,1,0,0,0,0,0
swe_test_track_c_01082,0,0,0,0,0,0
swe_test_track_c_01083,0,0,0,0,0,0
swe_test_track_c_01084,0,0,0,1,0,0
swe_test_track_c_01085,0,0,0,0,0,0
swe_test_track_c_01086,0,0,0,0,0,0
swe_test_track_c_01087,0,0,0,1,0,0
swe_test_track_c_01088,1,0,0,0,0,0
swe_test_track_c_01089,0,0,0,1,0,0
swe_test_track_c_01090,0,0,0,0,0,0
swe_test_track_c_01091,0,0,0,0,0,1
swe_test_track_c_01092,0,0,0,0,0,0
swe_test_track_c_01093,0,0,0,0,0,0
swe_test_track_c_01094,0,0,0,0,1,0
swe_test_track_c_01095,0,0,0,1,0,0
swe_test_track_c_01096,1,1,0,0,0,0
swe_test_track_c_01097,0,0,0,1,0,0
swe_test_track_c_01098,0,0,0,1,0,0
swe_test_track_c_01099,0,0,0,1,0,0
swe_test_track_c_01100,0,1,0,0,1,0
swe_test_track_c_01101,0,0,0,0,0,0
swe_test_track_c_01102,0,1,0,0,1,0
swe_test_track_c_01103,1,0,0,0,0,0
swe_test_track_c_01104,1,1,0,0,0,0
swe_test_track_c_01105,0,1,0,0,1,0
swe_test_track_c_01106,0,0,0,0,0,0
swe_test_track_c_01107,1,1,0,0,1,0
swe_test_track_c_01108,0,0,0,0,0,0
swe_test_track_c_01109,0,0,0,1,0,0
swe_test_track_c_01110,0,0,0,1,0,0
swe_test_track_c_01111,0,0,0,1,0,0
swe_test_track_c_01112,0,0,0,1,0,0
swe_test_track_c_01113,0,0,0,1,1,0
swe_test_track_c_01114,1,0,0,0,0,0
swe_test_track_c_01115,0,0,0,1,0,0
swe_test_track_c_01116,0,0,0,0,0,0
swe_test_track_c_01117,1,0,0,0,0,0
swe_test_track_c_01118,1,1,0,1,0,0
swe_test_track_c_01119,0,0,0,0,0,0
swe_test_track_c_01120,0,0,0,1,0,0
swe_test_track_c_01121,0,0,0,1,0,0
swe_test_track_c_01122,0,0,0,1,1,0
swe_test_track_c_01123,0,0,0,1,0,0
swe_test_track_c_01124,0,1,0,0,0,0
swe_test_track_c_01125,0,0,0,0,1,0
swe_test_track_c_01126,0,0,0,1,0,0
swe_test_track_c_01127,0,0,0,1,0,0
swe_test_track_c_01128,1,1,0,0,0,0
swe_test_track_c_01129,0,0,0,1,1,0
swe_test_track_c_01130,0,1,0,0,1,0
swe_test_track_c_01131,0,0,0,0,0,0
swe_test_track_c_01132,0,0,0,0,1,0
swe_test_track_c_01133,0,0,1,0,0,0
swe_test_track_c_01134,0,0,0,0,0,0
swe_test_track_c_01135,0,0,0,1,0,0
swe_test_track_c_01136,0,0,0,0,0,0
swe_test_track_c_01137,1,1,0,0,0,0
swe_test_track_c_01138,0,0,0,0,1,0
swe_test_track_c_01139,1,1,0,0,0,0
swe_test_track_c_01140,0,1,0,0,0,0
swe_test_track_c_01141,1,1,0,0,0,0
swe_test_track_c_01142,0,0,0,0,0,0
swe_test_track_c_01143,0,0,0,1,0,0
swe_test_track_c_01144,0,0,0,1,0,0
swe_test_track_c_01145,0,0,0,0,0,0
swe_test_track_c_01146,1,0,0,0,0,0
swe_test_track_c_01147,0,1,0,0,0,0
swe_test_track_c_01148,0,0,0,0,0,0
swe_test_track_c_01149,0,0,0,0,0,0
swe_test_track_c_01150,0,0,0,0,0,0
swe_test_track_c_01151,0,0,0,0,0,0
swe_test_track_c_01152,0,0,0,0,0,1
swe_test_track_c_01153,0,0,0,0,0,0
swe_test_track_c_01154,0,0,0,0,0,0
swe_test_track_c_01155,0,0,0,0,1,0
swe_test_track_c_01156,0,0,0,0,0,0
swe_test_track_c_01157,0,0,0,0,1,0
swe_test_track_c_01158,0,0,0,0,0,0
swe_test_track_c_01159,0,0,0,1,0,0
swe_test_track_c_01160,1,1,0,0,1,0
swe_test_track_c_01161,0,0,0,0,0,0
swe_test_track_c_01162,0,1,0,0,0,0
swe_test_track_c_01163,0,0,0,0,1,0
swe_test_track_c_01164,0,0,0,0,0,0
swe_test_track_c_01165,1,1,0,0,1,0
swe_test_track_c_01166,0,0,0,1,0,0
swe_test_track_c_01167,1,1,0,0,0,0
swe_test_track_c_01168,1,0,0,0,0,0
swe_test_track_c_01169,0,0,0,1,0,0
swe_test_track_c_01170,0,0,0,0,0,0
swe_test_track_c_01171,0,0,0,0,0,0
swe_test_track_c_01172,0,0,0,1,0,0
swe_test_track_c_01173,0,0,0,0,0,0
swe_test_track_c_01174,0,0,0,1,0,0
swe_test_track_c_01175,0,0,0,1,0,0
swe_test_track_c_01176,0,0,0,1,0,0
swe_test_track_c_01177,0,0,0,1,0,0
swe_test_track_c_01178,0,0,0,1,0,0
swe_test_track_c_01179,0,0,0,1,0,0
swe_test_track_c_01180,0,0,0,1,0,0
swe_test_track_c_01181,0,0,0,1,0,0
swe_test_track_c_01182,0,0,0,0,0,0
swe_test_track_c_01183,0,0,0,0,0,0
swe_test_track_c_01184,0,0,0,0,0,0
swe_test_track_c_01185,0,0,0,0,0,0
swe_test_track_c_01186,0,0,0,0,0,0
swe_test_track_c_01187,0,0,0,0,0,0
swe_test_track_c_01188,0,0,0,1,0,0
