id,anger,disgust,fear,joy,sadness,surprise
deu_test_track_b_00001,1,2,0,0,1,0
deu_test_track_b_00002,1,0,0,0,0,1
deu_test_track_b_00003,0,0,1,0,0,0
deu_test_track_b_00004,0,0,0,1,0,0
deu_test_track_b_00005,0,0,0,0,0,0
deu_test_track_b_00006,0,0,0,0,0,0
deu_test_track_b_00007,0,0,0,0,0,0
deu_test_track_b_00008,0,0,1,1,0,0
deu_test_track_b_00009,0,0,0,0,0,0
deu_test_track_b_00010,0,0,0,0,0,0
deu_test_track_b_00011,0,0,0,2,0,2
deu_test_track_b_00012,0,0,0,0,1,0
deu_test_track_b_00013,0,0,0,2,0,0
deu_test_track_b_00014,0,0,0,1,0,0
deu_test_track_b_00015,0,0,0,1,0,0
deu_test_track_b_00016,2,1,0,0,0,0
deu_test_track_b_00017,0,0,1,0,0,0
deu_test_track_b_00018,1,1,0,0,1,0
deu_test_track_b_00019,2,1,0,0,0,0
deu_test_track_b_00020,1,1,0,0,0,0
deu_test_track_b_00021,1,1,0,0,0,0
deu_test_track_b_00022,0,0,0,1,0,0
deu_test_track_b_00023,0,0,0,0,0,0
deu_test_track_b_00024,0,0,0,0,0,0
deu_test_track_b_00025,1,1,0,0,0,0
deu_test_track_b_00026,0,0,0,1,1,0
deu_test_track_b_00027,0,0,0,0,1,0
deu_test_track_b_00028,1,0,0,0,0,1
deu_test_track_b_00029,0,0,0,0,0,0
deu_test_track_b_00030,0,0,0,0,0,0
deu_test_track_b_00031,0,0,0,1,0,0
deu_test_track_b_00032,1,1,0,0,0,0
deu_test_track_b_00033,0,0,0,1,0,0
deu_test_track_b_00034,0,0,0,0,1,0
deu_test_track_b_00035,0,0,0,0,0,0
deu_test_track_b_00036,0,0,0,0,0,0
deu_test_track_b_00037,0,0,0,2,0,0
deu_test_track_b_00038,0,0,0,2,0,0
deu_test_track_b_00039,0,0,0,0,1,0
deu_test_track_b_00040,0,3,0,0,0,0
deu_test_track_b_00041,0,0,0,0,0,0
deu_test_track_b_00042,0,0,0,1,0,0
deu_test_track_b_00043,0,0,0,0,0,0
deu_test_track_b_00044,1,1,0,0,0,0
deu_test_track_b_00045,0,0,0,0,1,0
deu_test_track_b_00046,0,0,0,1,0,0
deu_test_track_b_00047,0,0,1,0,0,1
deu_test_track_b_00048,1,1,0,0,0,0
deu_test_track_b_00049,0,0,0,2,0,0
deu_test_track_b_00050,2,0,0,0,0,0
deu_test_track_b_00051,0,0,0,0,1,0
deu_test_track_b_00052,0,1,0,0,0,0
deu_test_track_b_00053,1,1,0,0,1,0
deu_test_track_b_00054,0,0,0,1,0,0
deu_test_track_b_00055,1,1,0,0,0,0
deu_test_track_b_00056,0,1,0,0,0,0
deu_test_track_b_00057,1,1,0,0,0,0
deu_test_track_b_00058,1,1,0,0,0,0
deu_test_track_b_00059,0,0,0,2,0,0
deu_test_track_b_00060,0,0,0,0,0,0
deu_test_track_b_00061,0,0,0,1,0,0
deu_test_track_b_00062,0,0,0,2,0,0
deu_test_track_b_00063,0,0,0,2,0,0
deu_test_track_b_00064,0,0,0,0,2,0
deu_test_track_b_00065,0,0,0,0,0,0
deu_test_track_b_00066,2,1,0,0,0,0
deu_test_track_b_00067,0,0,0,2,0,0
deu_test_track_b_00068,1,1,0,0,1,0
deu_test_track_b_00069,1,1,0,0,0,0
deu_test_track_b_00070,0,0,0,1,0,0
deu_test_track_b_00071,0,0,0,0,0,0
deu_test_track_b_00072,0,0,0,1,0,0
deu_test_track_b_00073,0,0,0,0,1,0
deu_test_track_b_00074,0,1,0,0,0,0
deu_test_track_b_00075,0,0,0,0,0,0
deu_test_track_b_00076,0,0,0,0,1,0
deu_test_track_b_00077,0,0,0,3,0,0
deu_test_track_b_00078,1,1,0,0,0,0
deu_test_track_b_00079,0,0,0,1,0,0
deu_test_track_b_00080,0,0,0,0,0,0
deu_test_track_b_00081,0,0,0,2,0,0
deu_test_track_b_00082,0,0,0,0,0,0
deu_test_track_b_00083,0,0,0,0,0,0
deu_test_track_b_00084,0,0,0,0,1,0
deu_test_track_b_00085,1,1,0,0,0,0
deu_test_track_b_00086,0,0,0,0,0,2
deu_test_track_b_00087,0,1,0,0,0,0
deu_test_track_b_00088,0,0,1,0,1,0
deu_test_track_b_00089,0,0,0,0,0,0
deu_test_track_b_00090,1,1,0,0,0,1
deu_test_track_b_00091,0,0,0,0,0,0
deu_test_track_b_00092,0,0,0,1,0,0
deu_test_track_b_00093,0,0,0,0,0,1
deu_test_track_b_00094,0,0,0,0,0,0
deu_test_track_b_00095,0,0,0,0,0,0
deu_test_track_b_00096,0,1,0,0,0,0
deu_test_track_b_00097,0,0,0,0,1,0
deu_test_track_b_00098,0,0,0,1,0,0
deu_test_track_b_00099,0,0,1,0,1,0
deu_test_track_b_00100,0,0,0,0,0,0
deu_test_track_b_00101,0,0,0,0,0,0
deu_test_track_b_00102,0,0,0,0,0,0
deu_test_track_b_00103,0,0,0,0,0,2
deu_test_track_b_00104,0,0,0,0,0,0
deu_test_track_b_00105,0,0,0,1,0,0
deu_test_track_b_00106,1,1,0,0,1,0
deu_test_track_b_00107,0,0,1,0,1,0
deu_test_track_b_00108,0,0,0,0,1,0
deu_test_track_b_00109,0,0,0,1,0,0
deu_test_track_b_00110,0,0,0,0,0,2
deu_test_track_b_00111,0,0,0,0,0,0
deu_test_track_b_00112,2,1,0,0,1,0
deu_test_track_b_00113,0,1,1,0,0,0
deu_test_track_b_00114,0,0,0,1,0,0
deu_test_track_b_00115,0,0,0,2,0,0
deu_test_track_b_00116,0,0,0,1,0,0
deu_test_track_b_00117,0,0,0,0,0,0
deu_test_track_b_00118,0,0,2,0,0,0
deu_test_track_b_00119,0,0,0,1,0,0
deu_test_track_b_00120,0,0,1,0,2,0
deu_test_track_b_00121,0,0,1,0,1,0
deu_test_track_b_00122,0,0,0,0,2,0
deu_test_track_b_00123,0,0,0,0,0,0
deu_test_track_b_00124,2,2,0,0,0,0
deu_test_track_b_00125,0,0,0,1,0,0
deu_test_track_b_00126,2,1,1,0,0,0
deu_test_track_b_00127,0,1,0,0,0,0
deu_test_track_b_00128,1,0,0,0,0,0
deu_test_track_b_00129,1,1,0,0,0,0
deu_test_track_b_00130,1,1,0,0,0,0
deu_test_track_b_00131,0,1,0,0,1,0
deu_test_track_b_00132,0,0,0,0,0,0
deu_test_track_b_00133,0,0,0,0,0,0
deu_test_track_b_00134,0,0,0,0,0,0
deu_test_track_b_00135,0,0,0,0,1,0
deu_test_track_b_00136,0,0,0,1,0,0
deu_test_track_b_00137,0,0,0,1,0,0
deu_test_track_b_00138,1,0,0,0,1,0
deu_test_track_b_00139,0,0,0,1,0,2
deu_test_track_b_00140,0,1,0,0,0,0
deu_test_track_b_00141,0,0,0,0,0,1
deu_test_track_b_00142,0,0,0,1,0,0
deu_test_track_b_00143,0,0,0,0,1,0
deu_test_track_b_00144,0,0,0,0,0,0
deu_test_track_b_00145,0,0,0,0,0,0
deu_test_track_b_00146,0,0,0,1,0,0
deu_test_track_b_00147,0,0,0,0,1,0
deu_test_track_b_00148,0,0,0,0,1,0
deu_test_track_b_00149,0,0,1,0,0,0
deu_test_track_b_00150,0,0,0,0,2,0
deu_test_track_b_00151,0,0,0,0,0,0
deu_test_track_b_00152,0,0,0,0,1,0
deu_test_track_b_00153,0,0,0,1,0,0
deu_test_track_b_00154,0,0,0,0,0,0
deu_test_track_b_00155,2,2,0,0,2,0
deu_test_track_b_00156,0,0,0,0,1,0
deu_test_track_b_00157,0,0,0,0,0,0
deu_test_track_b_00158,0,1,0,0,0,1
deu_test_track_b_00159,1,1,0,0,0,0
deu_test_track_b_00160,0,0,0,1,0,0
deu_test_track_b_00161,0,0,0,1,0,0
deu_test_track_b_00162,0,0,0,0,1,0
deu_test_track_b_00163,0,0,0,1,0,0
deu_test_track_b_00164,1,1,0,0,0,0
deu_test_track_b_00165,1,0,0,0,0,0
deu_test_track_b_00166,1,1,0,0,0,0
deu_test_track_b_00167,0,0,0,0,0,0
deu_test_track_b_00168,0,1,0,0,0,0
deu_test_track_b_00169,0,0,0,1,0,0
deu_test_track_b_00170,0,0,0,0,1,0
deu_test_track_b_00171,0,0,0,1,0,0
deu_test_track_b_00172,1,0,0,0,0,0
deu_test_track_b_00173,0,0,0,2,0,0
deu_test_track_b_00174,1,1,1,0,0,0
deu_test_track_b_00175,0,0,0,0,1,0
deu_test_track_b_00176,0,0,0,3,0,0
deu_test_track_b_00177,0,0,1,0,1,0
deu_test_track_b_00178,0,0,0,1,0,0
deu_test_track_b_00179,0,0,0,1,0,0
deu_test_track_b_00180,0,0,0,0,0,0
deu_test_track_b_00181,0,0,0,1,0,0
deu_test_track_b_00182,2,2,0,0,1,0
deu_test_track_b_00183,0,0,0,0,0,0
deu_test_track_b_00184,0,0,0,1,0,0
deu_test_track_b_00185,0,0,1,0,2,0
deu_test_track_b_00186,0,0,0,0,0,0
deu_test_track_b_00187,0,0,0,0,0,0
deu_test_track_b_00188,0,0,0,0,1,0
deu_test_track_b_00189,2,1,0,0,0,0
deu_test_track_b_00190,0,0,0,0,0,0
deu_test_track_b_00191,0,0,0,0,2,0
deu_test_track_b_00192,0,0,0,0,1,0
deu_test_track_b_00193,0,0,0,0,0,0
deu_test_track_b_00194,0,0,0,0,0,0
deu_test_track_b_00195,1,2,0,0,0,0
deu_test_track_b_00196,1,1,0,0,0,0
deu_test_track_b_00197,0,0,0,0,0,0
deu_test_track_b_00198,0,0,0,0,1,0
deu_test_track_b_00199,1,1,0,0,0,0
deu_test_track_b_00200,1,1,0,0,1,0
deu_test_track_b_00201,0,1,0,0,0,0
deu_test_track_b_00202,0,0,0,0,0,0
deu_test_track_b_00203,0,0,0,0,0,0
deu_test_track_b_00204,1,1,0,0,0,0
deu_test_track_b_00205,0,0,1,0,1,0
deu_test_track_b_00206,0,0,0,0,3,0
deu_test_track_b_00207,0,0,0,0,0,0
deu_test_track_b_00208,0,0,0,0,0,0
deu_test_track_b_00209,0,1,0,0,1,0
deu_test_track_b_00210,1,1,0,0,0,0
deu_test_track_b_00211,0,0,0,0,0,0
deu_test_track_b_00212,0,0,0,0,0,0
deu_test_track_b_00213,1,2,0,0,0,0
deu_test_track_b_00214,0,1,0,0,0,0
deu_test_track_b_00215,1,1,1,1,0,0
deu_test_track_b_00216,0,0,0,1,0,0
deu_test_track_b_00217,0,0,0,0,0,0
deu_test_track_b_00218,0,0,0,0,0,0
deu_test_track_b_00219,0,0,0,2,0,0
deu_test_track_b_00220,0,1,0,0,0,0
deu_test_track_b_00221,2,1,0,0,0,0
deu_test_track_b_00222,0,0,0,0,0,0
deu_test_track_b_00223,0,0,0,0,0,0
deu_test_track_b_00224,0,0,1,0,2,0
deu_test_track_b_00225,0,0,0,1,0,0
deu_test_track_b_00226,0,0,0,0,0,0
deu_test_track_b_00227,0,0,0,1,0,0
deu_test_track_b_00228,0,0,0,1,0,0
deu_test_track_b_00229,0,0,0,0,0,0
deu_test_track_b_00230,2,2,0,0,1,0
deu_test_track_b_00231,0,0,0,0,0,0
deu_test_track_b_00232,0,1,0,0,0,0
deu_test_track_b_00233,2,2,0,0,0,0
deu_test_track_b_00234,0,0,0,0,0,0
deu_test_track_b_00235,0,0,0,1,0,0
deu_test_track_b_00236,0,0,0,0,0,0
deu_test_track_b_00237,1,1,0,0,0,0
deu_test_track_b_00238,0,0,0,0,0,0
deu_test_track_b_00239,0,0,0,1,0,0
deu_test_track_b_00240,1,1,0,0,0,0
deu_test_track_b_00241,1,1,1,0,1,0
deu_test_track_b_00242,1,1,0,0,0,0
deu_test_track_b_00243,1,1,0,0,0,0
deu_test_track_b_00244,0,0,0,0,2,0
deu_test_track_b_00245,0,0,0,0,1,0
deu_test_track_b_00246,0,1,0,0,0,0
deu_test_track_b_00247,0,0,0,0,1,0
deu_test_track_b_00248,0,0,0,0,1,0
deu_test_track_b_00249,0,0,0,0,0,0
deu_test_track_b_00250,1,1,0,0,0,0
deu_test_track_b_00251,1,1,0,0,0,0
deu_test_track_b_00252,0,0,0,1,0,0
deu_test_track_b_00253,1,0,0,0,0,0
deu_test_track_b_00254,0,0,0,0,0,0
deu_test_track_b_00255,0,0,0,0,2,0
deu_test_track_b_00256,0,0,0,2,0,0
deu_test_track_b_00257,0,0,0,0,1,0
deu_test_track_b_00258,0,0,0,1,0,0
deu_test_track_b_00259,0,0,0,0,0,0
deu_test_track_b_00260,0,0,1,0,1,0
deu_test_track_b_00261,0,0,0,2,0,0
deu_test_track_b_00262,0,0,0,0,0,0
deu_test_track_b_00263,0,0,0,1,0,0
deu_test_track_b_00264,0,0,0,0,0,0
deu_test_track_b_00265,1,0,0,0,0,0
deu_test_track_b_00266,0,0,0,1,0,0
deu_test_track_b_00267,1,1,0,0,0,0
deu_test_track_b_00268,0,0,0,2,0,0
deu_test_track_b_00269,0,0,0,0,0,0
deu_test_track_b_00270,0,1,0,0,0,0
deu_test_track_b_00271,0,0,0,0,1,0
deu_test_track_b_00272,0,0,0,0,1,0
deu_test_track_b_00273,2,2,0,0,0,0
deu_test_track_b_00274,0,0,0,0,0,0
deu_test_track_b_00275,2,1,0,0,0,0
deu_test_track_b_00276,1,1,0,0,0,0
deu_test_track_b_00277,0,0,2,0,2,0
deu_test_track_b_00278,0,0,0,0,0,0
deu_test_track_b_00279,0,0,0,0,0,0
deu_test_track_b_00280,0,0,0,1,0,0
deu_test_track_b_00281,0,0,0,0,1,0
deu_test_track_b_00282,0,0,0,0,0,0
deu_test_track_b_00283,1,0,0,0,0,0
deu_test_track_b_00284,0,1,0,0,0,0
deu_test_track_b_00285,0,0,0,1,0,0
deu_test_track_b_00286,0,0,0,1,0,0
deu_test_track_b_00287,2,0,0,0,0,0
deu_test_track_b_00288,0,0,0,1,0,0
deu_test_track_b_00289,0,0,3,0,0,0
deu_test_track_b_00290,0,0,0,0,0,0
deu_test_track_b_00291,0,0,1,0,0,0
deu_test_track_b_00292,0,0,0,0,0,0
deu_test_track_b_00293,0,0,1,0,1,0
deu_test_track_b_00294,0,0,0,2,0,0
deu_test_track_b_00295,0,0,0,1,0,0
deu_test_track_b_00296,0,0,0,1,0,0
deu_test_track_b_00297,0,0,0,1,2,0
deu_test_track_b_00298,1,2,1,0,0,0
deu_test_track_b_00299,0,0,0,1,0,0
deu_test_track_b_00300,0,1,0,0,0,0
deu_test_track_b_00301,1,1,0,0,2,0
deu_test_track_b_00302,0,0,0,1,1,0
deu_test_track_b_00303,0,0,0,0,0,0
deu_test_track_b_00304,0,0,0,1,0,0
deu_test_track_b_00305,1,1,0,1,0,0
deu_test_track_b_00306,1,1,0,0,1,0
deu_test_track_b_00307,0,0,0,0,0,0
deu_test_track_b_00308,0,0,0,0,1,0
deu_test_track_b_00309,2,2,0,0,0,0
deu_test_track_b_00310,2,2,0,0,0,0
deu_test_track_b_00311,0,0,0,0,0,0
deu_test_track_b_00312,0,0,0,0,1,0
deu_test_track_b_00313,1,2,0,0,0,0
deu_test_track_b_00314,0,0,1,0,0,0
deu_test_track_b_00315,1,1,0,0,0,0
deu_test_track_b_00316,0,0,0,0,0,0
deu_test_track_b_00317,2,1,0,0,0,0
deu_test_track_b_00318,0,0,1,0,0,0
deu_test_track_b_00319,0,0,0,0,0,0
deu_test_track_b_00320,0,0,0,1,0,0
deu_test_track_b_00321,1,1,0,0,0,0
deu_test_track_b_00322,0,1,0,0,0,0
deu_test_track_b_00323,0,0,0,0,1,0
deu_test_track_b_00324,0,0,0,1,0,1
deu_test_track_b_00325,0,0,0,1,1,0
deu_test_track_b_00326,1,1,0,0,0,0
deu_test_track_b_00327,0,1,0,0,0,0
deu_test_track_b_00328,0,0,0,0,0,0
deu_test_track_b_00329,1,1,0,0,0,0
deu_test_track_b_00330,0,0,0,0,0,0
deu_test_track_b_00331,0,0,1,0,0,0
deu_test_track_b_00332,0,0,1,0,0,0
deu_test_track_b_00333,0,0,0,0,0,0
deu_test_track_b_00334,0,0,0,0,0,0
deu_test_track_b_00335,0,0,0,0,0,0
deu_test_track_b_00336,2,2,0,0,0,0
deu_test_track_b_00337,0,0,0,2,0,0
deu_test_track_b_00338,1,1,0,0,0,0
deu_test_track_b_00339,0,0,0,0,1,0
deu_test_track_b_00340,0,0,0,0,1,0
deu_test_track_b_00341,1,1,0,0,0,0
deu_test_track_b_00342,0,2,0,0,1,0
deu_test_track_b_00343,0,0,0,1,0,0
deu_test_track_b_00344,0,0,0,0,1,0
deu_test_track_b_00345,1,2,1,0,0,0
deu_test_track_b_00346,0,1,0,0,0,0
deu_test_track_b_00347,0,0,0,0,0,0
deu_test_track_b_00348,0,0,0,0,2,0
deu_test_track_b_00349,0,0,0,0,0,0
deu_test_track_b_00350,0,0,0,0,1,0
deu_test_track_b_00351,0,0,0,0,0,0
deu_test_track_b_00352,0,0,0,0,0,0
deu_test_track_b_00353,0,0,0,0,0,0
deu_test_track_b_00354,0,0,0,1,0,1
deu_test_track_b_00355,2,1,0,0,0,0
deu_test_track_b_00356,1,1,0,0,2,0
deu_test_track_b_00357,0,0,0,0,1,0
deu_test_track_b_00358,0,0,1,0,0,0
deu_test_track_b_00359,0,0,1,0,0,0
deu_test_track_b_00360,1,1,0,0,1,0
deu_test_track_b_00361,0,0,0,1,0,0
deu_test_track_b_00362,0,0,0,0,0,0
deu_test_track_b_00363,2,2,0,0,0,0
deu_test_track_b_00364,1,1,0,0,0,0
deu_test_track_b_00365,1,1,0,0,0,0
deu_test_track_b_00366,1,1,0,0,0,0
deu_test_track_b_00367,0,0,0,1,0,0
deu_test_track_b_00368,0,0,0,0,0,0
deu_test_track_b_00369,1,1,0,0,0,0
deu_test_track_b_00370,0,1,0,0,0,0
deu_test_track_b_00371,0,0,0,1,0,0
deu_test_track_b_00372,0,0,0,1,0,0
deu_test_track_b_00373,1,1,0,0,0,0
deu_test_track_b_00374,2,2,0,0,0,0
deu_test_track_b_00375,0,0,0,0,0,0
deu_test_track_b_00376,0,0,0,1,0,0
deu_test_track_b_00377,0,0,0,0,0,0
deu_test_track_b_00378,1,0,0,0,0,0
deu_test_track_b_00379,1,1,0,0,0,0
deu_test_track_b_00380,0,0,0,0,0,0
deu_test_track_b_00381,0,0,0,0,0,0
deu_test_track_b_00382,1,1,0,0,2,0
deu_test_track_b_00383,0,0,0,0,0,0
deu_test_track_b_00384,0,0,0,1,1,0
deu_test_track_b_00385,1,1,0,0,2,0
deu_test_track_b_00386,0,0,0,1,0,1
deu_test_track_b_00387,1,1,0,0,0,0
deu_test_track_b_00388,0,0,0,0,2,0
deu_test_track_b_00389,0,0,0,0,0,0
deu_test_track_b_00390,0,0,0,0,1,0
deu_test_track_b_00391,2,2,0,0,0,0
deu_test_track_b_00392,1,1,0,0,1,0
deu_test_track_b_00393,0,0,0,2,0,0
deu_test_track_b_00394,0,1,0,0,1,0
deu_test_track_b_00395,2,1,0,0,0,0
deu_test_track_b_00396,0,1,0,0,1,0
deu_test_track_b_00397,0,0,1,0,1,0
deu_test_track_b_00398,0,1,0,0,0,0
deu_test_track_b_00399,0,0,0,1,1,0
deu_test_track_b_00400,0,0,0,0,1,0
deu_test_track_b_00401,0,0,1,0,0,0
deu_test_track_b_00402,2,1,0,0,0,0
deu_test_track_b_00403,0,0,0,0,1,1
deu_test_track_b_00404,0,0,0,0,0,0
deu_test_track_b_00405,1,1,0,0,0,0
deu_test_track_b_00406,1,1,0,0,0,0
deu_test_track_b_00407,1,1,0,0,0,0
deu_test_track_b_00408,0,0,0,1,1,0
deu_test_track_b_00409,2,1,0,0,0,0
deu_test_track_b_00410,0,1,0,0,2,0
deu_test_track_b_00411,2,2,0,0,0,0
deu_test_track_b_00412,1,1,1,0,1,0
deu_test_track_b_00413,0,0,1,0,1,0
deu_test_track_b_00414,1,1,0,0,0,0
deu_test_track_b_00415,0,1,0,0,1,0
deu_test_track_b_00416,0,0,1,0,0,0
deu_test_track_b_00417,0,0,0,2,0,0
deu_test_track_b_00418,1,1,0,0,1,0
deu_test_track_b_00419,0,0,0,0,2,1
deu_test_track_b_00420,0,0,0,3,0,0
deu_test_track_b_00421,0,0,2,0,0,0
deu_test_track_b_00422,0,0,0,0,0,0
deu_test_track_b_00423,2,1,0,0,0,0
deu_test_track_b_00424,0,0,0,0,0,0
deu_test_track_b_00425,0,0,0,1,0,0
deu_test_track_b_00426,0,0,0,2,0,0
deu_test_track_b_00427,0,0,0,1,3,0
deu_test_track_b_00428,0,0,0,0,0,0
deu_test_track_b_00429,0,0,0,0,1,0
deu_test_track_b_00430,2,1,0,0,0,0
deu_test_track_b_00431,0,0,0,0,0,0
deu_test_track_b_00432,0,0,0,2,0,0
deu_test_track_b_00433,0,0,0,0,0,0
deu_test_track_b_00434,0,1,0,0,0,0
deu_test_track_b_00435,1,1,0,0,0,0
deu_test_track_b_00436,1,1,0,0,1,0
deu_test_track_b_00437,2,0,0,0,0,0
deu_test_track_b_00438,0,0,0,1,0,0
deu_test_track_b_00439,2,2,0,0,0,0
deu_test_track_b_00440,0,0,0,0,0,0
deu_test_track_b_00441,0,0,2,0,0,0
deu_test_track_b_00442,1,1,0,0,0,0
deu_test_track_b_00443,0,0,0,0,0,0
deu_test_track_b_00444,0,0,0,0,0,0
deu_test_track_b_00445,0,0,1,0,1,0
deu_test_track_b_00446,0,0,0,1,0,0
deu_test_track_b_00447,0,1,0,0,0,0
deu_test_track_b_00448,0,0,0,1,0,0
deu_test_track_b_00449,0,0,1,0,1,0
deu_test_track_b_00450,0,0,0,0,0,0
deu_test_track_b_00451,1,1,0,0,0,0
deu_test_track_b_00452,0,0,0,1,0,0
deu_test_track_b_00453,0,0,0,0,0,0
deu_test_track_b_00454,0,0,0,0,2,0
deu_test_track_b_00455,0,0,0,0,0,0
deu_test_track_b_00456,0,0,0,0,0,0
deu_test_track_b_00457,1,3,0,0,0,0
deu_test_track_b_00458,1,1,0,0,1,0
deu_test_track_b_00459,0,0,0,0,0,0
deu_test_track_b_00460,0,0,0,1,0,0
deu_test_track_b_00461,0,0,0,0,0,0
deu_test_track_b_00462,1,1,0,0,0,0
deu_test_track_b_00463,0,1,1,0,0,0
deu_test_track_b_00464,0,0,0,0,0,0
deu_test_track_b_00465,0,1,0,0,0,0
deu_test_track_b_00466,0,1,0,0,0,0
deu_test_track_b_00467,0,0,0,0,0,0
deu_test_track_b_00468,0,0,0,2,0,0
deu_test_track_b_00469,0,0,0,0,1,0
deu_test_track_b_00470,0,0,0,0,3,0
deu_test_track_b_00471,0,0,0,3,0,0
deu_test_track_b_00472,1,1,0,0,0,0
deu_test_track_b_00473,0,1,0,0,0,0
deu_test_track_b_00474,2,0,0,0,0,0
deu_test_track_b_00475,0,0,0,0,0,1
deu_test_track_b_00476,0,0,1,0,0,0
deu_test_track_b_00477,0,0,0,0,0,0
deu_test_track_b_00478,0,1,0,0,0,0
deu_test_track_b_00479,2,2,0,0,0,0
deu_test_track_b_00480,0,0,0,1,0,0
deu_test_track_b_00481,1,1,0,0,0,0
deu_test_track_b_00482,0,0,0,0,1,0
deu_test_track_b_00483,0,1,0,0,0,0
deu_test_track_b_00484,0,0,0,0,0,0
deu_test_track_b_00485,0,0,0,1,0,0
deu_test_track_b_00486,0,0,0,0,1,0
deu_test_track_b_00487,1,1,0,0,0,0
deu_test_track_b_00488,1,0,0,0,0,0
deu_test_track_b_00489,0,0,0,0,0,0
deu_test_track_b_00490,0,0,0,0,0,0
deu_test_track_b_00491,0,0,1,0,1,0
deu_test_track_b_00492,0,0,0,0,0,0
deu_test_track_b_00493,0,0,0,0,0,0
deu_test_track_b_00494,0,0,0,2,0,0
deu_test_track_b_00495,1,1,0,0,0,0
deu_test_track_b_00496,1,1,0,0,0,0
deu_test_track_b_00497,0,0,0,0,0,0
deu_test_track_b_00498,0,0,0,0,1,0
deu_test_track_b_00499,0,0,1,0,0,0
deu_test_track_b_00500,0,0,0,0,1,0
deu_test_track_b_00501,0,0,0,0,0,0
deu_test_track_b_00502,0,0,0,0,1,0
deu_test_track_b_00503,0,0,0,2,0,0
deu_test_track_b_00504,0,0,0,0,0,0
deu_test_track_b_00505,0,0,0,0,0,0
deu_test_track_b_00506,0,0,0,1,0,0
deu_test_track_b_00507,1,1,0,0,0,0
deu_test_track_b_00508,0,0,0,0,0,0
deu_test_track_b_00509,0,0,0,0,0,0
deu_test_track_b_00510,0,0,0,0,0,0
deu_test_track_b_00511,0,0,0,1,0,0
deu_test_track_b_00512,0,0,0,0,0,0
deu_test_track_b_00513,1,1,0,0,1,0
deu_test_track_b_00514,0,0,0,0,0,0
deu_test_track_b_00515,0,0,0,0,1,0
deu_test_track_b_00516,0,0,0,1,0,0
deu_test_track_b_00517,0,0,0,0,0,0
deu_test_track_b_00518,1,1,0,0,0,0
deu_test_track_b_00519,1,1,0,0,1,0
deu_test_track_b_00520,0,0,0,1,1,0
deu_test_track_b_00521,2,2,0,0,2,0
deu_test_track_b_00522,0,0,0,0,0,0
deu_test_track_b_00523,0,0,0,0,0,0
deu_test_track_b_00524,0,0,0,1,0,0
deu_test_track_b_00525,0,0,0,1,0,0
deu_test_track_b_00526,0,0,0,0,1,0
deu_test_track_b_00527,0,0,0,0,0,0
deu_test_track_b_00528,0,0,0,2,0,0
deu_test_track_b_00529,1,1,0,0,1,0
deu_test_track_b_00530,0,0,0,0,0,0
deu_test_track_b_00531,0,0,0,0,0,0
deu_test_track_b_00532,0,1,0,0,0,0
deu_test_track_b_00533,0,1,0,0,0,0
deu_test_track_b_00534,0,0,0,1,0,0
deu_test_track_b_00535,2,1,0,0,0,0
deu_test_track_b_00536,1,1,1,0,1,0
deu_test_track_b_00537,2,1,0,0,1,0
deu_test_track_b_00538,0,0,0,0,0,0
deu_test_track_b_00539,0,1,0,0,0,0
deu_test_track_b_00540,1,1,0,1,0,0
deu_test_track_b_00541,0,0,0,0,0,0
deu_test_track_b_00542,0,0,0,1,1,0
deu_test_track_b_00543,0,0,0,0,0,0
deu_test_track_b_00544,0,0,0,1,0,1
deu_test_track_b_00545,0,0,0,0,0,0
deu_test_track_b_00546,1,1,0,0,0,0
deu_test_track_b_00547,0,0,0,0,0,0
deu_test_track_b_00548,0,0,0,0,0,0
deu_test_track_b_00549,1,1,1,0,0,0
deu_test_track_b_00550,0,0,0,0,1,0
deu_test_track_b_00551,0,0,1,0,0,0
deu_test_track_b_00552,1,0,0,0,0,0
deu_test_track_b_00553,0,1,0,0,0,0
deu_test_track_b_00554,1,1,0,0,0,0
deu_test_track_b_00555,0,0,0,0,0,0
deu_test_track_b_00556,0,0,0,0,0,0
deu_test_track_b_00557,0,0,0,0,1,0
deu_test_track_b_00558,0,0,0,0,0,0
deu_test_track_b_00559,2,1,0,0,0,0
deu_test_track_b_00560,1,1,0,0,0,0
deu_test_track_b_00561,0,0,0,2,0,0
deu_test_track_b_00562,1,1,0,0,0,0
deu_test_track_b_00563,0,0,0,0,0,0
deu_test_track_b_00564,0,0,0,0,0,0
deu_test_track_b_00565,0,0,0,1,0,0
deu_test_track_b_00566,0,1,0,0,0,0
deu_test_track_b_00567,1,1,0,0,0,0
deu_test_track_b_00568,0,1,0,0,0,0
deu_test_track_b_00569,1,1,0,0,0,0
deu_test_track_b_00570,0,0,0,0,0,0
deu_test_track_b_00571,1,1,0,0,0,0
deu_test_track_b_00572,0,0,0,0,0,0
deu_test_track_b_00573,0,0,0,2,0,0
deu_test_track_b_00574,0,0,0,2,0,0
deu_test_track_b_00575,0,0,0,1,0,0
deu_test_track_b_00576,0,0,0,0,0,0
deu_test_track_b_00577,1,0,0,0,0,0
deu_test_track_b_00578,1,1,0,0,0,0
deu_test_track_b_00579,0,0,0,0,1,0
deu_test_track_b_00580,0,0,0,2,0,0
deu_test_track_b_00581,0,0,0,0,0,0
deu_test_track_b_00582,0,0,0,1,1,0
deu_test_track_b_00583,0,0,0,0,0,0
deu_test_track_b_00584,0,0,0,0,0,0
deu_test_track_b_00585,1,2,0,0,0,0
deu_test_track_b_00586,0,0,0,0,0,0
deu_test_track_b_00587,0,0,1,0,1,0
deu_test_track_b_00588,0,0,0,1,0,0
deu_test_track_b_00589,0,0,0,0,1,0
deu_test_track_b_00590,2,1,0,0,0,0
deu_test_track_b_00591,0,0,0,1,0,0
deu_test_track_b_00592,0,0,0,0,0,0
deu_test_track_b_00593,0,0,0,0,0,0
deu_test_track_b_00594,1,1,0,0,0,0
deu_test_track_b_00595,1,1,0,0,0,0
deu_test_track_b_00596,0,0,0,0,0,0
deu_test_track_b_00597,0,0,0,0,0,0
deu_test_track_b_00598,0,0,0,0,0,0
deu_test_track_b_00599,1,1,0,0,0,0
deu_test_track_b_00600,0,0,0,1,0,0
deu_test_track_b_00601,0,0,0,0,0,0
deu_test_track_b_00602,0,0,0,2,0,0
deu_test_track_b_00603,0,0,0,0,0,0
deu_test_track_b_00604,0,0,1,0,1,0
deu_test_track_b_00605,2,1,0,0,1,0
deu_test_track_b_00606,0,0,0,0,0,0
deu_test_track_b_00607,1,1,0,0,1,0
deu_test_track_b_00608,1,1,0,0,0,0
deu_test_track_b_00609,1,2,0,0,0,0
deu_test_track_b_00610,2,2,0,0,2,0
deu_test_track_b_00611,0,0,0,1,0,0
deu_test_track_b_00612,0,0,0,0,1,0
deu_test_track_b_00613,0,0,0,0,3,0
deu_test_track_b_00614,0,0,0,0,0,0
deu_test_track_b_00615,0,1,0,0,0,0
deu_test_track_b_00616,2,2,0,0,0,0
deu_test_track_b_00617,0,0,0,0,0,0
deu_test_track_b_00618,0,1,0,0,0,0
deu_test_track_b_00619,1,1,0,0,0,0
deu_test_track_b_00620,0,0,0,0,2,0
deu_test_track_b_00621,0,1,0,0,0,0
deu_test_track_b_00622,0,0,0,0,0,0
deu_test_track_b_00623,1,1,0,0,0,0
deu_test_track_b_00624,0,0,1,0,1,0
deu_test_track_b_00625,0,0,0,0,0,0
deu_test_track_b_00626,0,0,0,1,0,0
deu_test_track_b_00627,0,0,0,0,0,0
deu_test_track_b_00628,1,1,0,0,0,0
deu_test_track_b_00629,0,0,0,0,0,0
deu_test_track_b_00630,0,0,0,1,0,0
deu_test_track_b_00631,1,1,1,0,1,0
deu_test_track_b_00632,0,0,0,0,0,0
deu_test_track_b_00633,1,0,0,0,0,0
deu_test_track_b_00634,2,2,0,0,0,0
deu_test_track_b_00635,0,0,0,2,0,0
deu_test_track_b_00636,2,1,0,0,0,0
deu_test_track_b_00637,0,0,0,1,0,0
deu_test_track_b_00638,1,2,0,0,0,0
deu_test_track_b_00639,0,0,0,1,0,0
deu_test_track_b_00640,0,1,0,0,0,0
deu_test_track_b_00641,0,0,0,0,0,0
deu_test_track_b_00642,0,0,0,1,0,0
deu_test_track_b_00643,0,1,0,0,1,0
deu_test_track_b_00644,1,1,1,0,0,0
deu_test_track_b_00645,0,0,0,0,0,0
deu_test_track_b_00646,1,1,0,0,0,0
deu_test_track_b_00647,0,0,0,1,0,0
deu_test_track_b_00648,0,0,0,0,0,0
deu_test_track_b_00649,1,2,0,0,0,0
deu_test_track_b_00650,0,0,0,3,0,0
deu_test_track_b_00651,1,1,0,0,0,0
deu_test_track_b_00652,0,0,0,0,1,0
deu_test_track_b_00653,2,1,0,0,0,0
deu_test_track_b_00654,0,0,0,0,1,0
deu_test_track_b_00655,0,0,0,0,0,0
deu_test_track_b_00656,0,1,0,0,0,0
deu_test_track_b_00657,0,0,0,1,0,0
deu_test_track_b_00658,0,0,0,1,0,0
deu_test_track_b_00659,0,0,0,1,0,0
deu_test_track_b_00660,0,1,0,0,2,0
deu_test_track_b_00661,0,0,0,0,1,0
deu_test_track_b_00662,0,0,0,0,0,0
deu_test_track_b_00663,0,0,0,0,0,0
deu_test_track_b_00664,0,0,0,0,0,0
deu_test_track_b_00665,0,0,0,0,0,0
deu_test_track_b_00666,0,0,0,0,0,0
deu_test_track_b_00667,1,0,0,0,0,0
deu_test_track_b_00668,1,1,0,0,0,0
deu_test_track_b_00669,0,0,0,0,0,0
deu_test_track_b_00670,0,0,0,0,1,0
deu_test_track_b_00671,0,0,0,0,0,0
deu_test_track_b_00672,0,0,0,0,0,0
deu_test_track_b_00673,0,0,0,0,1,0
deu_test_track_b_00674,2,1,0,0,1,0
deu_test_track_b_00675,1,1,0,0,0,0
deu_test_track_b_00676,0,0,0,1,0,0
deu_test_track_b_00677,0,0,0,0,0,0
deu_test_track_b_00678,0,1,0,0,0,0
deu_test_track_b_00679,0,0,0,0,0,0
deu_test_track_b_00680,0,0,0,1,0,0
deu_test_track_b_00681,1,1,0,0,0,1
deu_test_track_b_00682,0,0,0,0,0,0
deu_test_track_b_00683,1,1,0,0,0,0
deu_test_track_b_00684,0,0,0,0,1,0
deu_test_track_b_00685,0,0,0,1,0,0
deu_test_track_b_00686,1,1,0,0,0,0
deu_test_track_b_00687,0,0,0,0,0,0
deu_test_track_b_00688,0,0,0,0,0,0
deu_test_track_b_00689,0,0,0,0,0,0
deu_test_track_b_00690,2,1,0,0,0,0
deu_test_track_b_00691,0,0,0,0,0,0
deu_test_track_b_00692,0,0,0,1,0,0
deu_test_track_b_00693,0,0,0,0,0,0
deu_test_track_b_00694,0,0,0,0,0,0
deu_test_track_b_00695,2,2,0,0,0,0
deu_test_track_b_00696,0,0,0,2,0,0
deu_test_track_b_00697,0,0,0,0,0,0
deu_test_track_b_00698,1,1,1,0,0,0
deu_test_track_b_00699,0,1,0,0,0,0
deu_test_track_b_00700,0,0,0,1,0,0
deu_test_track_b_00701,0,0,2,0,0,0
deu_test_track_b_00702,0,1,0,0,1,0
deu_test_track_b_00703,0,0,0,2,0,0
deu_test_track_b_00704,2,1,0,0,1,0
deu_test_track_b_00705,0,0,0,0,1,0
deu_test_track_b_00706,0,0,0,1,0,0
deu_test_track_b_00707,0,0,0,0,0,0
deu_test_track_b_00708,0,0,0,1,0,0
deu_test_track_b_00709,2,1,0,0,0,0
deu_test_track_b_00710,1,1,1,0,1,0
deu_test_track_b_00711,0,0,0,0,0,0
deu_test_track_b_00712,0,0,0,0,0,0
deu_test_track_b_00713,0,1,0,0,0,0
deu_test_track_b_00714,2,1,0,0,0,0
deu_test_track_b_00715,0,0,0,0,0,0
deu_test_track_b_00716,0,0,0,0,0,0
deu_test_track_b_00717,1,1,0,0,0,0
deu_test_track_b_00718,0,0,0,0,2,0
deu_test_track_b_00719,0,0,0,0,2,0
deu_test_track_b_00720,0,0,0,0,0,0
deu_test_track_b_00721,0,0,0,0,0,2
deu_test_track_b_00722,0,0,0,0,0,0
deu_test_track_b_00723,0,0,0,0,0,0
deu_test_track_b_00724,0,0,1,0,0,0
deu_test_track_b_00725,0,0,1,0,0,0
deu_test_track_b_00726,0,0,0,0,1,0
deu_test_track_b_00727,0,0,0,0,0,0
deu_test_track_b_00728,1,1,0,0,0,0
deu_test_track_b_00729,0,0,0,2,0,0
deu_test_track_b_00730,0,0,0,0,0,0
deu_test_track_b_00731,0,0,0,0,0,0
deu_test_track_b_00732,2,1,0,0,1,0
deu_test_track_b_00733,0,2,0,0,0,0
deu_test_track_b_00734,0,0,0,0,0,0
deu_test_track_b_00735,0,0,1,0,0,0
deu_test_track_b_00736,0,0,0,0,0,0
deu_test_track_b_00737,0,0,0,1,0,0
deu_test_track_b_00738,1,1,1,0,0,0
deu_test_track_b_00739,0,1,0,0,0,0
deu_test_track_b_00740,1,1,0,1,0,0
deu_test_track_b_00741,2,1,0,0,0,0
deu_test_track_b_00742,1,2,0,0,1,0
deu_test_track_b_00743,0,0,0,1,0,0
deu_test_track_b_00744,0,0,0,0,0,0
deu_test_track_b_00745,0,0,0,0,0,1
deu_test_track_b_00746,0,1,0,0,1,0
deu_test_track_b_00747,0,0,0,0,0,0
deu_test_track_b_00748,0,0,0,0,0,0
deu_test_track_b_00749,1,2,0,0,0,0
deu_test_track_b_00750,0,0,0,0,0,0
deu_test_track_b_00751,0,1,0,0,0,0
deu_test_track_b_00752,0,0,0,2,0,0
deu_test_track_b_00753,0,0,0,0,0,0
deu_test_track_b_00754,0,0,0,0,0,0
deu_test_track_b_00755,0,0,0,2,0,0
deu_test_track_b_00756,0,0,0,0,0,0
deu_test_track_b_00757,0,0,0,0,0,0
deu_test_track_b_00758,2,0,0,0,0,0
deu_test_track_b_00759,1,1,0,0,0,0
deu_test_track_b_00760,0,1,0,0,0,0
deu_test_track_b_00761,1,1,0,0,0,0
deu_test_track_b_00762,0,0,0,1,0,0
deu_test_track_b_00763,0,0,0,0,0,0
deu_test_track_b_00764,0,0,0,0,0,0
deu_test_track_b_00765,0,0,0,1,0,0
deu_test_track_b_00766,0,0,0,1,0,0
deu_test_track_b_00767,0,0,0,0,0,0
deu_test_track_b_00768,0,0,0,1,0,0
deu_test_track_b_00769,0,0,0,1,0,0
deu_test_track_b_00770,0,0,0,0,0,0
deu_test_track_b_00771,1,1,0,0,0,0
deu_test_track_b_00772,0,1,0,0,0,0
deu_test_track_b_00773,2,1,0,0,0,0
deu_test_track_b_00774,0,0,0,2,0,0
deu_test_track_b_00775,0,0,0,1,0,0
deu_test_track_b_00776,0,0,0,0,0,0
deu_test_track_b_00777,1,1,0,0,0,0
deu_test_track_b_00778,1,1,0,0,0,1
deu_test_track_b_00779,1,1,0,0,0,0
deu_test_track_b_00780,1,1,0,0,1,0
deu_test_track_b_00781,0,1,0,0,0,0
deu_test_track_b_00782,2,1,0,0,1,0
deu_test_track_b_00783,1,1,0,0,0,0
deu_test_track_b_00784,0,0,0,1,0,0
deu_test_track_b_00785,0,0,0,0,0,0
deu_test_track_b_00786,0,1,0,0,0,0
deu_test_track_b_00787,0,0,0,1,0,0
deu_test_track_b_00788,0,0,0,0,1,0
deu_test_track_b_00789,2,2,0,0,0,0
deu_test_track_b_00790,1,1,0,0,1,0
deu_test_track_b_00791,0,0,0,1,0,0
deu_test_track_b_00792,1,1,0,0,0,0
deu_test_track_b_00793,0,0,0,2,0,0
deu_test_track_b_00794,0,0,0,1,0,0
deu_test_track_b_00795,0,0,0,2,0,1
deu_test_track_b_00796,1,1,0,0,0,0
deu_test_track_b_00797,0,0,0,0,0,0
deu_test_track_b_00798,0,0,0,2,0,0
deu_test_track_b_00799,0,3,0,0,0,0
deu_test_track_b_00800,1,1,0,0,0,0
deu_test_track_b_00801,0,0,0,0,0,0
deu_test_track_b_00802,0,0,0,0,3,0
deu_test_track_b_00803,0,0,0,2,0,0
deu_test_track_b_00804,0,0,0,0,0,0
deu_test_track_b_00805,0,0,0,1,0,0
deu_test_track_b_00806,0,2,0,0,0,0
deu_test_track_b_00807,0,0,0,1,0,0
deu_test_track_b_00808,0,0,0,0,0,0
deu_test_track_b_00809,0,0,0,2,0,0
deu_test_track_b_00810,2,1,0,0,0,0
deu_test_track_b_00811,0,0,0,1,0,0
deu_test_track_b_00812,0,0,0,0,0,0
deu_test_track_b_00813,0,0,0,0,0,0
deu_test_track_b_00814,0,0,0,0,0,0
deu_test_track_b_00815,1,1,0,0,1,0
deu_test_track_b_00816,2,1,1,0,0,0
deu_test_track_b_00817,0,0,0,0,0,0
deu_test_track_b_00818,0,0,0,1,0,0
deu_test_track_b_00819,0,0,0,2,0,2
deu_test_track_b_00820,1,1,0,0,0,0
deu_test_track_b_00821,0,0,0,2,0,0
deu_test_track_b_00822,0,1,0,0,0,0
deu_test_track_b_00823,0,0,0,2,0,0
deu_test_track_b_00824,0,0,0,0,0,0
deu_test_track_b_00825,0,0,1,0,0,1
deu_test_track_b_00826,0,0,0,0,0,0
deu_test_track_b_00827,1,1,0,0,0,0
deu_test_track_b_00828,1,1,0,0,0,0
deu_test_track_b_00829,0,0,0,1,1,0
deu_test_track_b_00830,0,0,0,0,0,0
deu_test_track_b_00831,1,1,1,0,0,0
deu_test_track_b_00832,0,0,1,0,0,1
deu_test_track_b_00833,0,0,0,1,0,0
deu_test_track_b_00834,0,0,0,2,0,0
deu_test_track_b_00835,0,0,0,1,0,0
deu_test_track_b_00836,1,1,0,0,0,0
deu_test_track_b_00837,0,0,0,0,0,2
deu_test_track_b_00838,1,1,0,0,0,0
deu_test_track_b_00839,0,0,0,1,0,0
deu_test_track_b_00840,0,0,0,1,0,0
deu_test_track_b_00841,0,0,0,2,0,0
deu_test_track_b_00842,0,0,0,0,0,0
deu_test_track_b_00843,1,1,0,0,0,0
deu_test_track_b_00844,1,0,0,0,0,0
deu_test_track_b_00845,0,0,0,2,0,0
deu_test_track_b_00846,0,0,0,0,0,0
deu_test_track_b_00847,0,0,0,0,1,0
deu_test_track_b_00848,0,0,0,2,0,0
deu_test_track_b_00849,0,0,0,1,1,0
deu_test_track_b_00850,1,2,0,0,0,0
deu_test_track_b_00851,0,0,0,2,0,0
deu_test_track_b_00852,0,0,0,0,0,0
deu_test_track_b_00853,0,0,0,0,1,0
deu_test_track_b_00854,0,0,0,0,0,0
deu_test_track_b_00855,0,0,0,0,0,0
deu_test_track_b_00856,0,0,0,0,0,0
deu_test_track_b_00857,0,0,0,1,0,0
deu_test_track_b_00858,0,0,0,0,1,0
deu_test_track_b_00859,0,0,0,1,0,0
deu_test_track_b_00860,0,0,0,0,0,0
deu_test_track_b_00861,0,0,0,0,1,0
deu_test_track_b_00862,0,0,0,0,0,0
deu_test_track_b_00863,2,2,0,0,0,0
deu_test_track_b_00864,0,0,0,1,0,0
deu_test_track_b_00865,0,0,0,0,0,0
deu_test_track_b_00866,1,1,0,0,0,0
deu_test_track_b_00867,0,0,0,0,0,0
deu_test_track_b_00868,0,0,0,0,0,0
deu_test_track_b_00869,0,0,0,1,0,0
deu_test_track_b_00870,0,0,0,1,0,0
deu_test_track_b_00871,3,2,0,0,0,0
deu_test_track_b_00872,0,0,0,1,0,0
deu_test_track_b_00873,1,1,0,0,0,0
deu_test_track_b_00874,0,1,0,0,1,0
deu_test_track_b_00875,0,0,0,0,0,0
deu_test_track_b_00876,2,1,0,0,0,0
deu_test_track_b_00877,0,0,0,1,0,0
deu_test_track_b_00878,0,0,0,0,0,0
deu_test_track_b_00879,1,1,0,0,1,0
deu_test_track_b_00880,1,1,0,0,0,0
deu_test_track_b_00881,1,1,1,0,0,0
deu_test_track_b_00882,1,1,0,0,1,0
deu_test_track_b_00883,0,0,0,1,0,0
deu_test_track_b_00884,1,0,1,0,0,0
deu_test_track_b_00885,0,0,0,2,0,0
deu_test_track_b_00886,0,1,0,0,0,0
deu_test_track_b_00887,1,1,0,1,0,0
deu_test_track_b_00888,0,0,0,1,0,0
deu_test_track_b_00889,0,0,0,0,0,0
deu_test_track_b_00890,1,1,0,0,0,0
deu_test_track_b_00891,0,0,0,1,0,0
deu_test_track_b_00892,1,1,0,0,0,0
deu_test_track_b_00893,2,1,0,0,0,0
deu_test_track_b_00894,0,0,0,1,0,0
deu_test_track_b_00895,1,1,0,0,1,0
deu_test_track_b_00896,0,0,0,1,0,0
deu_test_track_b_00897,0,0,0,0,0,0
deu_test_track_b_00898,1,0,0,0,1,0
deu_test_track_b_00899,0,0,0,1,0,0
deu_test_track_b_00900,1,1,0,0,0,0
deu_test_track_b_00901,1,2,0,0,0,0
deu_test_track_b_00902,0,1,0,0,0,0
deu_test_track_b_00903,0,0,0,0,0,0
deu_test_track_b_00904,0,0,0,0,0,0
deu_test_track_b_00905,0,0,0,0,0,0
deu_test_track_b_00906,0,0,0,0,1,0
deu_test_track_b_00907,0,0,0,0,0,0
deu_test_track_b_00908,0,1,1,0,1,0
deu_test_track_b_00909,0,0,0,0,0,0
deu_test_track_b_00910,0,0,0,0,0,0
deu_test_track_b_00911,1,1,0,0,0,0
deu_test_track_b_00912,0,0,0,1,0,1
deu_test_track_b_00913,0,0,0,0,0,0
deu_test_track_b_00914,1,1,0,0,0,0
deu_test_track_b_00915,0,0,0,0,2,0
deu_test_track_b_00916,0,0,0,0,0,0
deu_test_track_b_00917,0,0,0,0,0,0
deu_test_track_b_00918,0,0,0,2,0,0
deu_test_track_b_00919,0,0,0,0,0,0
deu_test_track_b_00920,2,1,0,0,1,0
deu_test_track_b_00921,2,2,0,0,0,0
deu_test_track_b_00922,0,0,0,2,0,1
deu_test_track_b_00923,0,0,0,0,0,0
deu_test_track_b_00924,0,0,1,0,0,0
deu_test_track_b_00925,2,1,0,0,0,0
deu_test_track_b_00926,0,0,0,1,0,0
deu_test_track_b_00927,2,1,0,0,1,0
deu_test_track_b_00928,1,1,0,0,0,0
deu_test_track_b_00929,0,1,0,0,0,0
deu_test_track_b_00930,0,0,0,0,1,0
deu_test_track_b_00931,0,0,0,0,0,0
deu_test_track_b_00932,0,0,0,0,0,0
deu_test_track_b_00933,0,0,0,0,0,0
deu_test_track_b_00934,1,1,0,0,0,0
deu_test_track_b_00935,0,0,0,0,0,0
deu_test_track_b_00936,0,0,0,0,0,0
deu_test_track_b_00937,0,0,0,0,0,0
deu_test_track_b_00938,0,0,0,0,0,0
deu_test_track_b_00939,3,1,0,0,0,0
deu_test_track_b_00940,0,0,0,0,0,0
deu_test_track_b_00941,0,0,0,0,0,0
deu_test_track_b_00942,0,0,0,0,0,1
deu_test_track_b_00943,0,0,0,0,0,0
deu_test_track_b_00944,0,0,0,0,0,0
deu_test_track_b_00945,0,0,0,1,0,0
deu_test_track_b_00946,3,2,0,0,0,0
deu_test_track_b_00947,0,1,0,0,0,1
deu_test_track_b_00948,0,0,0,0,0,0
deu_test_track_b_00949,1,1,0,0,0,0
deu_test_track_b_00950,0,0,0,1,0,0
deu_test_track_b_00951,0,0,0,0,0,0
deu_test_track_b_00952,2,2,0,0,1,0
deu_test_track_b_00953,0,0,0,0,0,0
deu_test_track_b_00954,0,0,0,1,0,0
deu_test_track_b_00955,0,0,0,0,0,0
deu_test_track_b_00956,1,0,0,0,1,0
deu_test_track_b_00957,0,0,0,0,0,0
deu_test_track_b_00958,1,1,0,0,0,0
deu_test_track_b_00959,0,1,0,0,0,0
deu_test_track_b_00960,0,0,1,0,0,0
deu_test_track_b_00961,1,0,1,0,1,0
deu_test_track_b_00962,0,0,0,2,0,0
deu_test_track_b_00963,0,0,0,0,0,0
deu_test_track_b_00964,0,0,0,0,0,1
deu_test_track_b_00965,1,1,0,0,1,0
deu_test_track_b_00966,2,1,0,0,1,0
deu_test_track_b_00967,0,0,0,1,0,0
deu_test_track_b_00968,0,0,0,3,0,0
deu_test_track_b_00969,1,1,0,0,0,0
deu_test_track_b_00970,0,1,0,0,0,0
deu_test_track_b_00971,0,0,0,2,0,0
deu_test_track_b_00972,0,0,0,0,3,0
deu_test_track_b_00973,1,1,1,0,0,0
deu_test_track_b_00974,1,2,0,0,1,0
deu_test_track_b_00975,0,0,0,0,0,0
deu_test_track_b_00976,0,0,0,0,2,0
deu_test_track_b_00977,0,0,0,1,1,0
deu_test_track_b_00978,0,0,0,1,0,0
deu_test_track_b_00979,0,3,0,0,0,2
deu_test_track_b_00980,0,0,0,1,0,0
deu_test_track_b_00981,0,0,0,0,0,0
deu_test_track_b_00982,1,1,0,0,0,0
deu_test_track_b_00983,0,0,0,0,0,0
deu_test_track_b_00984,0,0,0,0,0,0
deu_test_track_b_00985,0,0,0,3,0,0
deu_test_track_b_00986,0,0,0,2,0,0
deu_test_track_b_00987,0,0,0,0,0,0
deu_test_track_b_00988,1,1,0,0,0,0
deu_test_track_b_00989,0,1,0,0,0,0
deu_test_track_b_00990,0,0,0,1,0,0
deu_test_track_b_00991,0,0,0,0,0,0
deu_test_track_b_00992,2,0,0,0,0,1
deu_test_track_b_00993,0,1,0,0,0,0
deu_test_track_b_00994,0,0,0,1,0,0
deu_test_track_b_00995,1,0,0,0,0,1
deu_test_track_b_00996,0,0,0,2,0,0
deu_test_track_b_00997,0,0,0,0,0,1
deu_test_track_b_00998,1,1,0,0,0,0
deu_test_track_b_00999,1,1,0,0,0,0
deu_test_track_b_01000,1,1,0,0,0,0
deu_test_track_b_01001,0,0,0,0,1,0
deu_test_track_b_01002,1,1,0,0,0,0
deu_test_track_b_01003,0,0,0,0,0,0
deu_test_track_b_01004,1,1,0,0,0,0
deu_test_track_b_01005,0,0,0,0,1,0
deu_test_track_b_01006,0,0,0,0,0,0
deu_test_track_b_01007,1,1,0,0,0,0
deu_test_track_b_01008,0,0,0,0,2,0
deu_test_track_b_01009,1,0,0,0,2,0
deu_test_track_b_01010,0,0,0,1,0,0
deu_test_track_b_01011,0,0,0,0,0,0
deu_test_track_b_01012,0,0,0,0,2,0
deu_test_track_b_01013,0,0,0,0,0,0
deu_test_track_b_01014,0,0,0,2,0,0
deu_test_track_b_01015,0,1,0,0,0,0
deu_test_track_b_01016,2,1,0,0,0,0
deu_test_track_b_01017,0,0,0,2,0,0
deu_test_track_b_01018,0,0,0,0,0,0
deu_test_track_b_01019,0,1,0,0,0,0
deu_test_track_b_01020,2,2,0,0,0,0
deu_test_track_b_01021,0,0,0,0,0,0
deu_test_track_b_01022,0,0,0,0,0,0
deu_test_track_b_01023,0,0,0,3,0,3
deu_test_track_b_01024,1,0,0,0,0,0
deu_test_track_b_01025,0,0,0,0,0,0
deu_test_track_b_01026,0,0,0,0,0,0
deu_test_track_b_01027,0,0,0,0,0,0
deu_test_track_b_01028,1,1,0,0,0,0
deu_test_track_b_01029,2,1,0,0,0,0
deu_test_track_b_01030,0,0,0,0,0,0
deu_test_track_b_01031,1,1,0,0,0,0
deu_test_track_b_01032,0,1,0,0,0,0
deu_test_track_b_01033,0,0,0,1,1,0
deu_test_track_b_01034,0,0,0,2,0,0
deu_test_track_b_01035,0,3,0,0,0,0
deu_test_track_b_01036,1,1,0,0,0,0
deu_test_track_b_01037,0,0,0,0,0,2
deu_test_track_b_01038,0,0,0,0,0,0
deu_test_track_b_01039,1,2,0,0,2,0
deu_test_track_b_01040,0,0,0,1,0,0
deu_test_track_b_01041,1,1,0,0,0,0
deu_test_track_b_01042,0,0,0,2,0,0
deu_test_track_b_01043,0,0,0,0,0,0
deu_test_track_b_01044,1,1,0,0,0,0
deu_test_track_b_01045,0,0,0,1,0,0
deu_test_track_b_01046,1,1,0,0,0,0
deu_test_track_b_01047,0,0,0,1,0,0
deu_test_track_b_01048,0,0,0,0,2,0
deu_test_track_b_01049,0,0,0,0,1,0
deu_test_track_b_01050,0,0,0,0,2,0
deu_test_track_b_01051,0,0,0,1,0,0
deu_test_track_b_01052,0,1,0,0,0,0
deu_test_track_b_01053,1,1,0,0,0,0
deu_test_track_b_01054,0,0,0,2,0,0
deu_test_track_b_01055,0,0,0,1,0,0
deu_test_track_b_01056,0,0,0,1,0,0
deu_test_track_b_01057,0,0,0,0,0,2
deu_test_track_b_01058,0,0,0,0,2,0
deu_test_track_b_01059,0,0,0,0,0,0
deu_test_track_b_01060,0,0,0,0,1,0
deu_test_track_b_01061,0,0,0,2,0,0
deu_test_track_b_01062,1,1,0,0,0,0
deu_test_track_b_01063,0,0,0,1,0,0
deu_test_track_b_01064,0,0,0,0,3,0
deu_test_track_b_01065,0,0,0,1,1,0
deu_test_track_b_01066,0,0,0,0,1,0
deu_test_track_b_01067,2,1,0,0,2,0
deu_test_track_b_01068,0,0,0,1,0,0
deu_test_track_b_01069,0,0,0,1,0,0
deu_test_track_b_01070,1,0,1,0,1,0
deu_test_track_b_01071,0,0,0,0,0,0
deu_test_track_b_01072,0,0,1,0,0,0
deu_test_track_b_01073,0,0,0,0,0,0
deu_test_track_b_01074,1,1,0,0,2,0
deu_test_track_b_01075,0,0,0,0,0,0
deu_test_track_b_01076,0,0,0,0,0,0
deu_test_track_b_01077,0,0,0,2,0,0
deu_test_track_b_01078,0,0,0,0,0,0
deu_test_track_b_01079,0,0,1,0,1,0
deu_test_track_b_01080,0,1,0,0,0,0
deu_test_track_b_01081,0,0,0,0,2,0
deu_test_track_b_01082,0,1,0,0,0,1
deu_test_track_b_01083,0,1,0,1,0,0
deu_test_track_b_01084,0,0,0,1,0,0
deu_test_track_b_01085,0,0,0,2,0,0
deu_test_track_b_01086,0,0,0,2,0,0
deu_test_track_b_01087,1,1,0,0,1,0
deu_test_track_b_01088,1,1,0,1,0,0
deu_test_track_b_01089,0,0,0,2,0,0
deu_test_track_b_01090,0,2,0,0,1,0
deu_test_track_b_01091,2,2,0,0,0,0
deu_test_track_b_01092,0,0,0,0,0,0
deu_test_track_b_01093,0,0,0,0,0,0
deu_test_track_b_01094,2,2,0,0,1,0
deu_test_track_b_01095,0,0,0,0,0,0
deu_test_track_b_01096,0,0,0,1,0,0
deu_test_track_b_01097,0,0,0,0,1,0
deu_test_track_b_01098,0,0,0,2,0,0
deu_test_track_b_01099,1,1,1,0,0,0
deu_test_track_b_01100,0,0,0,1,0,0
deu_test_track_b_01101,0,0,0,0,1,0
deu_test_track_b_01102,0,0,0,1,1,0
deu_test_track_b_01103,0,0,0,0,3,0
deu_test_track_b_01104,0,0,0,0,2,0
deu_test_track_b_01105,1,1,0,0,0,0
deu_test_track_b_01106,1,1,0,0,0,0
deu_test_track_b_01107,0,0,0,0,1,0
deu_test_track_b_01108,1,1,1,0,0,0
deu_test_track_b_01109,0,1,0,0,1,0
deu_test_track_b_01110,1,1,0,0,2,0
deu_test_track_b_01111,0,0,0,0,2,0
deu_test_track_b_01112,0,0,0,0,0,0
deu_test_track_b_01113,0,0,0,0,0,0
deu_test_track_b_01114,2,1,0,0,1,0
deu_test_track_b_01115,0,0,0,0,0,0
deu_test_track_b_01116,0,0,0,1,0,0
deu_test_track_b_01117,0,0,0,0,0,0
deu_test_track_b_01118,0,0,0,0,1,0
deu_test_track_b_01119,0,0,0,0,0,0
deu_test_track_b_01120,0,0,0,0,0,0
deu_test_track_b_01121,0,0,0,0,0,1
deu_test_track_b_01122,2,1,0,0,1,1
deu_test_track_b_01123,0,0,0,1,0,0
deu_test_track_b_01124,0,0,0,0,0,0
deu_test_track_b_01125,1,1,0,0,0,0
deu_test_track_b_01126,0,0,0,0,1,0
deu_test_track_b_01127,0,0,0,0,1,0
deu_test_track_b_01128,0,0,0,2,0,0
deu_test_track_b_01129,0,0,0,0,0,1
deu_test_track_b_01130,0,0,0,1,0,0
deu_test_track_b_01131,0,0,0,0,0,0
deu_test_track_b_01132,1,1,0,0,2,0
deu_test_track_b_01133,1,2,0,0,2,0
deu_test_track_b_01134,0,0,0,0,2,0
deu_test_track_b_01135,0,0,0,0,0,0
deu_test_track_b_01136,2,2,0,0,0,0
deu_test_track_b_01137,0,2,0,0,0,0
deu_test_track_b_01138,0,0,0,1,0,0
deu_test_track_b_01139,0,0,0,0,3,0
deu_test_track_b_01140,0,0,0,0,0,0
deu_test_track_b_01141,0,0,0,2,0,0
deu_test_track_b_01142,0,0,0,0,1,0
deu_test_track_b_01143,0,0,0,0,0,0
deu_test_track_b_01144,0,0,0,2,0,0
deu_test_track_b_01145,0,0,0,0,0,0
deu_test_track_b_01146,0,0,0,0,2,0
deu_test_track_b_01147,1,1,0,0,0,0
deu_test_track_b_01148,0,1,0,0,0,0
deu_test_track_b_01149,0,0,0,0,0,0
deu_test_track_b_01150,0,0,0,0,0,0
deu_test_track_b_01151,0,1,0,1,0,0
deu_test_track_b_01152,1,0,0,1,0,0
deu_test_track_b_01153,0,0,0,1,0,1
deu_test_track_b_01154,0,0,0,0,0,0
deu_test_track_b_01155,0,0,0,0,0,0
deu_test_track_b_01156,1,1,0,1,0,0
deu_test_track_b_01157,1,2,0,0,0,0
deu_test_track_b_01158,0,0,0,2,0,0
deu_test_track_b_01159,0,0,0,1,0,0
deu_test_track_b_01160,0,1,0,0,0,0
deu_test_track_b_01161,0,0,1,0,0,0
deu_test_track_b_01162,0,0,0,0,0,0
deu_test_track_b_01163,1,2,0,0,0,0
deu_test_track_b_01164,0,0,0,0,1,0
deu_test_track_b_01165,0,0,0,1,0,0
deu_test_track_b_01166,2,1,0,0,1,0
deu_test_track_b_01167,0,0,0,0,1,0
deu_test_track_b_01168,1,1,0,0,0,0
deu_test_track_b_01169,0,0,0,0,0,0
deu_test_track_b_01170,0,0,0,1,0,0
deu_test_track_b_01171,0,0,0,0,0,0
deu_test_track_b_01172,0,0,0,0,0,0
deu_test_track_b_01173,0,0,0,1,1,0
deu_test_track_b_01174,0,0,0,1,0,0
deu_test_track_b_01175,0,0,0,0,0,0
deu_test_track_b_01176,0,0,1,0,0,0
deu_test_track_b_01177,0,0,0,0,0,0
deu_test_track_b_01178,2,1,0,0,1,0
deu_test_track_b_01179,0,0,0,1,0,0
deu_test_track_b_01180,0,0,0,0,0,0
deu_test_track_b_01181,1,0,0,0,1,0
deu_test_track_b_01182,1,1,0,0,1,0
deu_test_track_b_01183,0,1,0,0,0,0
deu_test_track_b_01184,0,0,0,1,0,0
deu_test_track_b_01185,1,1,0,0,0,1
deu_test_track_b_01186,0,0,0,0,0,0
deu_test_track_b_01187,0,0,0,0,2,0
deu_test_track_b_01188,1,1,1,0,1,0
deu_test_track_b_01189,0,0,0,0,0,0
deu_test_track_b_01190,0,0,0,0,0,0
deu_test_track_b_01191,0,0,0,1,0,0
deu_test_track_b_01192,0,0,1,0,0,0
deu_test_track_b_01193,0,0,0,0,1,0
deu_test_track_b_01194,3,1,0,0,0,0
deu_test_track_b_01195,1,0,0,0,0,0
deu_test_track_b_01196,2,1,0,0,0,0
deu_test_track_b_01197,0,0,0,0,2,0
deu_test_track_b_01198,0,0,2,0,0,0
deu_test_track_b_01199,0,0,0,1,0,0
deu_test_track_b_01200,0,0,0,0,0,0
deu_test_track_b_01201,0,0,0,0,1,0
deu_test_track_b_01202,1,1,0,0,0,1
deu_test_track_b_01203,0,0,0,1,0,0
deu_test_track_b_01204,0,0,0,0,0,0
deu_test_track_b_01205,0,0,0,2,0,0
deu_test_track_b_01206,1,1,0,0,0,0
deu_test_track_b_01207,0,0,0,0,0,0
deu_test_track_b_01208,0,1,0,0,0,0
deu_test_track_b_01209,0,0,0,1,0,0
deu_test_track_b_01210,0,0,0,0,1,0
deu_test_track_b_01211,0,0,0,1,0,0
deu_test_track_b_01212,0,0,0,1,0,0
deu_test_track_b_01213,2,2,0,0,1,0
deu_test_track_b_01214,0,0,0,0,0,0
deu_test_track_b_01215,0,0,0,0,0,0
deu_test_track_b_01216,0,0,0,0,0,0
deu_test_track_b_01217,0,0,0,1,0,0
deu_test_track_b_01218,0,0,0,1,0,0
deu_test_track_b_01219,0,0,0,0,1,0
deu_test_track_b_01220,1,1,0,0,1,0
deu_test_track_b_01221,2,1,0,0,1,0
deu_test_track_b_01222,1,1,0,0,1,0
deu_test_track_b_01223,1,1,0,0,0,0
deu_test_track_b_01224,0,0,0,1,0,0
deu_test_track_b_01225,0,0,0,0,0,0
deu_test_track_b_01226,0,0,0,0,0,0
deu_test_track_b_01227,0,0,0,2,0,0
deu_test_track_b_01228,0,0,0,0,0,0
deu_test_track_b_01229,0,0,0,0,0,0
deu_test_track_b_01230,0,0,0,0,1,0
deu_test_track_b_01231,1,1,0,0,0,0
deu_test_track_b_01232,1,0,0,0,0,0
deu_test_track_b_01233,0,0,0,1,0,0
deu_test_track_b_01234,0,0,0,1,0,0
deu_test_track_b_01235,0,0,1,0,0,0
deu_test_track_b_01236,0,1,0,0,0,0
deu_test_track_b_01237,0,0,0,3,0,0
deu_test_track_b_01238,0,0,0,0,0,0
deu_test_track_b_01239,0,0,0,0,0,0
deu_test_track_b_01240,1,1,0,0,1,0
deu_test_track_b_01241,0,0,0,0,0,0
deu_test_track_b_01242,0,0,0,0,0,0
deu_test_track_b_01243,1,1,0,0,1,0
deu_test_track_b_01244,0,0,0,2,0,0
deu_test_track_b_01245,0,0,0,1,0,0
deu_test_track_b_01246,0,0,0,1,0,0
deu_test_track_b_01247,0,1,0,0,0,0
deu_test_track_b_01248,0,0,0,0,0,0
deu_test_track_b_01249,0,0,0,0,3,0
deu_test_track_b_01250,0,1,0,0,1,0
deu_test_track_b_01251,0,0,0,0,2,0
deu_test_track_b_01252,0,1,0,0,0,0
deu_test_track_b_01253,1,1,0,0,1,0
deu_test_track_b_01254,0,0,0,0,0,0
deu_test_track_b_01255,2,1,0,0,0,0
deu_test_track_b_01256,1,1,0,0,0,0
deu_test_track_b_01257,0,0,0,0,1,0
deu_test_track_b_01258,1,1,1,0,0,0
deu_test_track_b_01259,0,0,0,0,1,0
deu_test_track_b_01260,0,0,0,0,0,1
deu_test_track_b_01261,0,0,0,0,0,0
deu_test_track_b_01262,0,0,0,0,0,0
deu_test_track_b_01263,0,0,0,0,0,1
deu_test_track_b_01264,1,1,0,0,1,0
deu_test_track_b_01265,1,1,0,0,0,0
deu_test_track_b_01266,2,1,0,0,0,0
deu_test_track_b_01267,0,0,0,0,0,0
deu_test_track_b_01268,0,0,0,0,0,0
deu_test_track_b_01269,0,0,1,0,1,1
deu_test_track_b_01270,1,1,1,0,0,0
deu_test_track_b_01271,0,0,0,0,1,0
deu_test_track_b_01272,0,0,0,0,2,0
deu_test_track_b_01273,2,1,0,0,0,0
deu_test_track_b_01274,0,0,0,0,0,0
deu_test_track_b_01275,1,1,1,0,0,0
deu_test_track_b_01276,0,0,0,0,0,0
deu_test_track_b_01277,0,0,0,2,0,0
deu_test_track_b_01278,0,0,0,1,0,0
deu_test_track_b_01279,0,0,0,1,0,0
deu_test_track_b_01280,0,0,0,0,0,0
deu_test_track_b_01281,0,0,0,1,0,0
deu_test_track_b_01282,0,0,1,0,0,0
deu_test_track_b_01283,1,1,0,0,0,0
deu_test_track_b_01284,0,0,0,0,0,0
deu_test_track_b_01285,1,1,0,0,0,0
deu_test_track_b_01286,0,0,0,1,0,0
deu_test_track_b_01287,1,0,0,0,0,0
deu_test_track_b_01288,0,0,0,1,0,0
deu_test_track_b_01289,0,0,0,2,0,0
deu_test_track_b_01290,0,0,0,0,0,0
deu_test_track_b_01291,0,0,0,0,0,0
deu_test_track_b_01292,0,0,0,1,0,0
deu_test_track_b_01293,0,0,0,1,0,0
deu_test_track_b_01294,0,0,0,0,1,0
deu_test_track_b_01295,0,0,0,0,0,0
deu_test_track_b_01296,1,2,0,0,0,0
deu_test_track_b_01297,0,0,1,0,2,0
deu_test_track_b_01298,1,1,0,0,0,0
deu_test_track_b_01299,1,1,0,0,0,0
deu_test_track_b_01300,0,0,0,1,0,0
deu_test_track_b_01301,2,1,1,0,0,0
deu_test_track_b_01302,0,0,0,2,0,0
deu_test_track_b_01303,2,1,0,0,1,0
deu_test_track_b_01304,0,0,0,0,0,0
deu_test_track_b_01305,2,1,0,0,1,0
deu_test_track_b_01306,0,0,0,0,0,0
deu_test_track_b_01307,0,0,0,2,0,0
deu_test_track_b_01308,0,0,1,0,0,0
deu_test_track_b_01309,1,1,0,0,0,0
deu_test_track_b_01310,0,1,0,0,0,0
deu_test_track_b_01311,1,1,0,0,0,0
deu_test_track_b_01312,1,1,0,0,0,0
deu_test_track_b_01313,0,0,0,1,0,0
deu_test_track_b_01314,0,0,0,1,0,1
deu_test_track_b_01315,0,0,0,2,0,0
deu_test_track_b_01316,2,0,0,0,0,0
deu_test_track_b_01317,0,1,0,0,0,0
deu_test_track_b_01318,0,0,0,1,0,0
deu_test_track_b_01319,2,2,0,0,0,0
deu_test_track_b_01320,0,0,0,0,1,0
deu_test_track_b_01321,0,0,0,0,1,0
deu_test_track_b_01322,0,0,1,0,0,0
deu_test_track_b_01323,0,0,0,0,0,0
deu_test_track_b_01324,0,0,0,0,0,0
deu_test_track_b_01325,1,0,0,0,0,0
deu_test_track_b_01326,0,0,0,0,0,0
deu_test_track_b_01327,1,1,0,0,0,0
deu_test_track_b_01328,0,0,0,0,2,0
deu_test_track_b_01329,0,0,0,0,0,0
deu_test_track_b_01330,1,0,0,0,0,0
deu_test_track_b_01331,0,0,0,0,0,0
deu_test_track_b_01332,2,1,0,0,1,0
deu_test_track_b_01333,1,1,0,0,0,0
deu_test_track_b_01334,0,0,0,0,0,0
deu_test_track_b_01335,0,0,0,0,0,1
deu_test_track_b_01336,0,0,0,0,0,0
deu_test_track_b_01337,1,1,1,0,0,0
deu_test_track_b_01338,0,0,0,0,1,0
deu_test_track_b_01339,0,0,0,0,0,0
deu_test_track_b_01340,0,1,0,0,2,0
deu_test_track_b_01341,1,1,0,0,0,0
deu_test_track_b_01342,0,1,0,0,0,0
deu_test_track_b_01343,2,2,0,0,0,0
deu_test_track_b_01344,0,0,0,0,0,0
deu_test_track_b_01345,1,1,0,0,0,0
deu_test_track_b_01346,0,1,0,0,0,0
deu_test_track_b_01347,2,1,0,0,0,0
deu_test_track_b_01348,0,1,0,0,0,0
deu_test_track_b_01349,2,1,0,0,0,0
deu_test_track_b_01350,0,0,0,0,1,0
deu_test_track_b_01351,0,0,0,2,0,0
deu_test_track_b_01352,0,0,0,1,0,0
deu_test_track_b_01353,0,0,0,2,0,0
deu_test_track_b_01354,0,1,0,0,0,0
deu_test_track_b_01355,1,1,0,0,1,0
deu_test_track_b_01356,0,0,0,0,0,0
deu_test_track_b_01357,0,0,0,0,0,0
deu_test_track_b_01358,0,1,0,0,0,0
deu_test_track_b_01359,0,0,1,0,0,0
deu_test_track_b_01360,0,0,0,0,0,0
deu_test_track_b_01361,0,0,0,1,0,0
deu_test_track_b_01362,1,0,0,0,1,0
deu_test_track_b_01363,1,1,0,0,0,0
deu_test_track_b_01364,2,1,0,0,0,0
deu_test_track_b_01365,0,1,0,0,0,0
deu_test_track_b_01366,0,0,0,0,0,0
deu_test_track_b_01367,0,0,0,1,0,0
deu_test_track_b_01368,0,0,0,2,0,2
deu_test_track_b_01369,1,1,1,1,1,0
deu_test_track_b_01370,1,1,0,0,0,0
deu_test_track_b_01371,0,0,1,1,1,0
deu_test_track_b_01372,1,2,0,0,0,0
deu_test_track_b_01373,0,0,0,0,0,0
deu_test_track_b_01374,0,0,1,0,1,0
deu_test_track_b_01375,0,0,0,0,0,0
deu_test_track_b_01376,0,0,0,2,0,0
deu_test_track_b_01377,0,0,0,0,0,0
deu_test_track_b_01378,1,0,1,0,1,0
deu_test_track_b_01379,0,0,0,0,1,0
deu_test_track_b_01380,0,0,0,0,0,0
deu_test_track_b_01381,1,1,0,0,0,0
deu_test_track_b_01382,0,0,1,0,2,0
deu_test_track_b_01383,1,1,0,0,0,0
deu_test_track_b_01384,0,0,0,0,0,0
deu_test_track_b_01385,0,0,0,2,0,0
deu_test_track_b_01386,0,0,0,0,0,0
deu_test_track_b_01387,0,1,0,0,0,0
deu_test_track_b_01388,0,0,0,1,0,0
deu_test_track_b_01389,0,0,0,0,0,0
deu_test_track_b_01390,2,1,0,0,1,0
deu_test_track_b_01391,0,0,0,1,0,0
deu_test_track_b_01392,0,0,0,0,0,0
deu_test_track_b_01393,1,1,0,0,0,0
deu_test_track_b_01394,1,1,0,0,1,0
deu_test_track_b_01395,1,1,0,0,0,0
deu_test_track_b_01396,0,0,0,1,0,0
deu_test_track_b_01397,1,1,0,0,0,0
deu_test_track_b_01398,0,0,0,1,0,0
deu_test_track_b_01399,0,1,0,0,0,0
deu_test_track_b_01400,0,0,0,1,0,0
deu_test_track_b_01401,0,0,0,1,0,0
deu_test_track_b_01402,0,0,0,0,0,0
deu_test_track_b_01403,0,0,0,1,0,0
deu_test_track_b_01404,0,0,0,0,2,0
deu_test_track_b_01405,0,0,0,0,0,0
deu_test_track_b_01406,1,1,0,0,0,0
deu_test_track_b_01407,1,1,0,0,0,0
deu_test_track_b_01408,0,0,0,0,1,0
deu_test_track_b_01409,1,1,0,0,0,0
deu_test_track_b_01410,0,0,1,0,0,0
deu_test_track_b_01411,0,0,0,0,0,0
deu_test_track_b_01412,1,1,0,0,0,0
deu_test_track_b_01413,1,1,0,0,0,0
deu_test_track_b_01414,0,0,0,1,0,0
deu_test_track_b_01415,0,0,0,0,0,0
deu_test_track_b_01416,0,0,0,0,0,0
deu_test_track_b_01417,0,0,0,0,0,0
deu_test_track_b_01418,0,0,0,0,0,0
deu_test_track_b_01419,1,1,0,0,0,0
deu_test_track_b_01420,0,1,0,1,0,0
deu_test_track_b_01421,1,2,0,0,0,0
deu_test_track_b_01422,0,0,0,0,0,0
deu_test_track_b_01423,0,0,0,0,0,0
deu_test_track_b_01424,0,0,0,1,0,0
deu_test_track_b_01425,1,0,0,0,0,0
deu_test_track_b_01426,0,0,0,0,1,0
deu_test_track_b_01427,0,1,0,0,1,0
deu_test_track_b_01428,0,0,0,0,1,0
deu_test_track_b_01429,0,0,0,1,0,0
deu_test_track_b_01430,0,0,0,2,0,0
deu_test_track_b_01431,0,0,0,1,0,0
deu_test_track_b_01432,0,0,0,0,1,0
deu_test_track_b_01433,0,0,0,0,0,0
deu_test_track_b_01434,0,0,0,1,0,0
deu_test_track_b_01435,0,0,0,0,1,0
deu_test_track_b_01436,1,1,0,0,0,0
deu_test_track_b_01437,0,0,0,0,0,0
deu_test_track_b_01438,2,1,0,0,0,0
deu_test_track_b_01439,0,0,0,0,1,0
deu_test_track_b_01440,1,2,0,0,0,0
deu_test_track_b_01441,1,1,0,0,0,0
deu_test_track_b_01442,0,0,0,1,0,0
deu_test_track_b_01443,0,1,0,0,0,0
deu_test_track_b_01444,0,0,0,0,0,1
deu_test_track_b_01445,0,0,0,1,0,0
deu_test_track_b_01446,0,0,0,1,0,0
deu_test_track_b_01447,0,0,0,0,0,0
deu_test_track_b_01448,2,1,0,0,0,0
deu_test_track_b_01449,0,0,0,1,0,0
deu_test_track_b_01450,2,2,0,0,0,0
deu_test_track_b_01451,0,1,0,0,0,0
deu_test_track_b_01452,0,0,0,2,0,0
deu_test_track_b_01453,2,1,0,0,0,0
deu_test_track_b_01454,0,0,0,1,0,0
deu_test_track_b_01455,0,0,0,0,0,0
deu_test_track_b_01456,0,0,0,0,0,0
deu_test_track_b_01457,1,1,0,0,1,0
deu_test_track_b_01458,1,1,0,0,0,0
deu_test_track_b_01459,1,1,0,0,1,0
deu_test_track_b_01460,1,1,0,0,2,0
deu_test_track_b_01461,0,0,0,0,0,0
deu_test_track_b_01462,0,0,0,1,0,0
deu_test_track_b_01463,0,0,0,2,0,0
deu_test_track_b_01464,0,0,1,0,0,0
deu_test_track_b_01465,0,0,0,0,0,0
deu_test_track_b_01466,0,0,0,0,0,0
deu_test_track_b_01467,0,0,0,1,0,0
deu_test_track_b_01468,0,0,0,1,0,0
deu_test_track_b_01469,0,0,0,0,0,0
deu_test_track_b_01470,1,1,0,0,0,0
deu_test_track_b_01471,0,0,0,1,0,0
deu_test_track_b_01472,2,1,0,0,0,0
deu_test_track_b_01473,0,0,0,1,0,0
deu_test_track_b_01474,0,0,0,0,0,0
deu_test_track_b_01475,0,1,0,0,0,0
deu_test_track_b_01476,0,0,0,1,0,0
deu_test_track_b_01477,0,0,0,2,0,0
deu_test_track_b_01478,1,1,0,0,0,0
deu_test_track_b_01479,0,1,0,0,0,0
deu_test_track_b_01480,1,1,1,0,1,0
deu_test_track_b_01481,0,0,0,1,0,0
deu_test_track_b_01482,0,1,0,0,0,0
deu_test_track_b_01483,0,0,0,0,0,0
deu_test_track_b_01484,0,1,0,0,0,0
deu_test_track_b_01485,0,0,0,0,0,0
deu_test_track_b_01486,1,1,0,0,1,0
deu_test_track_b_01487,0,0,0,0,0,0
deu_test_track_b_01488,0,0,0,2,0,0
deu_test_track_b_01489,0,0,0,1,0,0
deu_test_track_b_01490,1,1,0,0,0,0
deu_test_track_b_01491,0,0,0,0,0,1
deu_test_track_b_01492,0,0,1,0,0,0
deu_test_track_b_01493,1,1,0,0,2,0
deu_test_track_b_01494,1,1,0,0,0,0
deu_test_track_b_01495,0,0,0,0,0,0
deu_test_track_b_01496,0,0,0,0,0,0
deu_test_track_b_01497,0,0,2,0,0,0
deu_test_track_b_01498,0,0,1,0,1,0
deu_test_track_b_01499,0,0,0,1,0,0
deu_test_track_b_01500,0,0,0,1,0,0
deu_test_track_b_01501,0,0,0,0,0,0
deu_test_track_b_01502,1,1,0,0,0,1
deu_test_track_b_01503,0,0,0,0,1,0
deu_test_track_b_01504,1,1,0,0,0,0
deu_test_track_b_01505,0,2,0,0,0,0
deu_test_track_b_01506,0,0,0,1,0,0
deu_test_track_b_01507,0,0,0,0,0,0
deu_test_track_b_01508,0,0,0,1,0,0
deu_test_track_b_01509,0,0,0,0,0,0
deu_test_track_b_01510,0,0,0,0,0,1
deu_test_track_b_01511,2,1,0,0,0,0
deu_test_track_b_01512,1,1,0,0,0,1
deu_test_track_b_01513,0,1,0,0,1,0
deu_test_track_b_01514,0,0,0,0,0,0
deu_test_track_b_01515,0,1,1,0,0,0
deu_test_track_b_01516,0,0,0,0,0,0
deu_test_track_b_01517,1,1,0,0,0,0
deu_test_track_b_01518,0,0,0,1,0,0
deu_test_track_b_01519,1,1,0,0,0,0
deu_test_track_b_01520,0,0,0,1,1,0
deu_test_track_b_01521,0,0,0,0,0,0
deu_test_track_b_01522,1,1,1,0,0,0
deu_test_track_b_01523,2,1,0,0,0,0
deu_test_track_b_01524,1,0,0,0,0,0
deu_test_track_b_01525,0,0,0,0,0,0
deu_test_track_b_01526,0,0,0,1,0,0
deu_test_track_b_01527,1,1,0,0,0,0
deu_test_track_b_01528,0,0,0,1,0,0
deu_test_track_b_01529,1,1,0,0,0,1
deu_test_track_b_01530,0,0,0,0,3,0
deu_test_track_b_01531,1,1,0,0,1,0
deu_test_track_b_01532,0,2,0,0,0,0
deu_test_track_b_01533,0,0,0,0,0,0
deu_test_track_b_01534,0,0,0,0,2,0
deu_test_track_b_01535,0,0,0,0,0,0
deu_test_track_b_01536,2,2,0,0,0,0
deu_test_track_b_01537,0,1,0,0,0,0
deu_test_track_b_01538,0,0,0,0,2,0
deu_test_track_b_01539,0,0,0,1,0,0
deu_test_track_b_01540,0,0,0,1,0,0
deu_test_track_b_01541,0,0,0,1,0,0
deu_test_track_b_01542,0,0,0,1,0,0
deu_test_track_b_01543,1,1,0,0,0,0
deu_test_track_b_01544,1,1,0,0,0,0
deu_test_track_b_01545,0,1,0,0,0,0
deu_test_track_b_01546,0,0,0,0,0,0
deu_test_track_b_01547,0,0,0,0,0,0
deu_test_track_b_01548,1,1,1,0,1,0
deu_test_track_b_01549,0,0,0,1,0,0
deu_test_track_b_01550,2,2,0,0,1,0
deu_test_track_b_01551,0,0,0,0,0,0
deu_test_track_b_01552,0,0,0,2,0,0
deu_test_track_b_01553,1,2,0,0,0,0
deu_test_track_b_01554,0,0,0,1,0,0
deu_test_track_b_01555,0,0,0,1,0,0
deu_test_track_b_01556,0,0,0,0,0,0
deu_test_track_b_01557,1,1,0,0,0,0
deu_test_track_b_01558,0,0,0,0,0,0
deu_test_track_b_01559,0,0,0,0,0,0
deu_test_track_b_01560,0,0,1,0,0,0
deu_test_track_b_01561,0,1,0,0,1,0
deu_test_track_b_01562,2,1,0,0,0,0
deu_test_track_b_01563,1,0,0,0,0,0
deu_test_track_b_01564,1,1,0,0,1,0
deu_test_track_b_01565,1,1,0,0,0,0
deu_test_track_b_01566,1,1,0,0,0,0
deu_test_track_b_01567,0,0,0,0,1,0
deu_test_track_b_01568,0,0,0,0,2,0
deu_test_track_b_01569,1,1,0,0,0,0
deu_test_track_b_01570,1,1,0,0,0,0
deu_test_track_b_01571,1,1,0,0,0,0
deu_test_track_b_01572,0,0,0,0,0,0
deu_test_track_b_01573,0,0,0,0,2,0
deu_test_track_b_01574,1,1,0,0,0,0
deu_test_track_b_01575,0,0,0,0,1,0
deu_test_track_b_01576,2,1,0,0,1,0
deu_test_track_b_01577,1,1,0,0,0,0
deu_test_track_b_01578,0,0,0,1,0,0
deu_test_track_b_01579,0,0,0,0,0,0
deu_test_track_b_01580,0,1,0,0,1,0
deu_test_track_b_01581,1,1,0,0,0,0
deu_test_track_b_01582,0,0,0,1,0,0
deu_test_track_b_01583,0,0,1,0,0,0
deu_test_track_b_01584,1,0,1,0,0,0
deu_test_track_b_01585,0,0,0,1,0,0
deu_test_track_b_01586,0,0,0,0,0,0
deu_test_track_b_01587,0,0,0,0,0,0
deu_test_track_b_01588,1,2,0,0,1,0
deu_test_track_b_01589,0,0,0,0,0,1
deu_test_track_b_01590,0,0,0,1,0,1
deu_test_track_b_01591,0,1,0,0,0,0
deu_test_track_b_01592,2,2,0,0,0,0
deu_test_track_b_01593,2,2,0,0,0,0
deu_test_track_b_01594,0,1,0,0,0,0
deu_test_track_b_01595,0,0,0,0,0,0
deu_test_track_b_01596,1,1,0,0,0,0
deu_test_track_b_01597,0,0,0,1,1,0
deu_test_track_b_01598,0,0,0,0,0,0
deu_test_track_b_01599,2,1,0,0,0,0
deu_test_track_b_01600,1,1,0,0,0,0
deu_test_track_b_01601,0,0,0,0,0,0
deu_test_track_b_01602,0,0,0,2,0,0
deu_test_track_b_01603,0,1,0,0,0,0
deu_test_track_b_01604,1,1,0,0,0,1
deu_test_track_b_01605,0,0,0,0,1,0
deu_test_track_b_01606,1,1,1,0,1,0
deu_test_track_b_01607,0,0,0,0,0,0
deu_test_track_b_01608,0,0,0,0,2,0
deu_test_track_b_01609,1,2,0,0,2,0
deu_test_track_b_01610,0,0,0,0,2,0
deu_test_track_b_01611,0,0,0,0,0,0
deu_test_track_b_01612,0,0,0,0,1,0
deu_test_track_b_01613,0,0,0,1,0,0
deu_test_track_b_01614,1,1,0,1,0,0
deu_test_track_b_01615,0,0,0,0,1,0
deu_test_track_b_01616,0,1,0,1,0,0
deu_test_track_b_01617,1,1,0,0,1,0
deu_test_track_b_01618,0,0,0,1,0,0
deu_test_track_b_01619,0,0,0,1,0,0
deu_test_track_b_01620,1,2,0,0,0,0
deu_test_track_b_01621,0,0,0,0,0,0
deu_test_track_b_01622,1,1,1,0,0,0
deu_test_track_b_01623,0,0,0,2,0,0
deu_test_track_b_01624,0,0,0,0,0,0
deu_test_track_b_01625,0,1,0,0,0,0
deu_test_track_b_01626,0,0,0,0,1,0
deu_test_track_b_01627,0,0,0,1,0,0
deu_test_track_b_01628,1,1,0,0,0,0
deu_test_track_b_01629,0,0,0,1,0,0
deu_test_track_b_01630,0,0,0,0,0,0
deu_test_track_b_01631,0,0,0,0,0,0
deu_test_track_b_01632,1,2,0,0,0,0
deu_test_track_b_01633,1,1,0,0,0,0
deu_test_track_b_01634,0,0,0,0,0,0
deu_test_track_b_01635,1,1,0,0,1,0
deu_test_track_b_01636,0,0,0,2,0,0
deu_test_track_b_01637,0,0,0,0,0,0
deu_test_track_b_01638,0,0,0,0,0,0
deu_test_track_b_01639,0,0,0,0,1,0
deu_test_track_b_01640,0,0,0,0,0,0
deu_test_track_b_01641,2,1,0,0,0,0
deu_test_track_b_01642,0,0,0,0,0,0
deu_test_track_b_01643,0,0,0,1,0,0
deu_test_track_b_01644,0,0,0,1,0,0
deu_test_track_b_01645,1,2,0,0,0,0
deu_test_track_b_01646,0,1,0,0,1,0
deu_test_track_b_01647,0,0,0,0,0,0
deu_test_track_b_01648,0,0,0,2,0,1
deu_test_track_b_01649,0,1,0,0,0,0
deu_test_track_b_01650,0,0,0,0,0,0
deu_test_track_b_01651,0,0,0,0,0,0
deu_test_track_b_01652,1,0,1,0,0,0
deu_test_track_b_01653,0,0,0,0,1,0
deu_test_track_b_01654,0,1,0,0,0,0
deu_test_track_b_01655,0,0,1,0,0,0
deu_test_track_b_01656,0,0,0,0,1,0
deu_test_track_b_01657,0,0,0,0,2,0
deu_test_track_b_01658,0,0,0,0,0,0
deu_test_track_b_01659,1,0,0,0,1,0
deu_test_track_b_01660,2,1,0,0,0,0
deu_test_track_b_01661,2,1,0,0,0,0
deu_test_track_b_01662,0,0,0,0,1,0
deu_test_track_b_01663,0,0,0,1,0,1
deu_test_track_b_01664,1,2,0,0,0,0
deu_test_track_b_01665,1,1,0,0,0,0
deu_test_track_b_01666,0,0,0,1,0,0
deu_test_track_b_01667,0,0,0,1,0,0
deu_test_track_b_01668,0,1,0,0,0,0
deu_test_track_b_01669,0,1,0,0,0,0
deu_test_track_b_01670,1,1,0,0,2,0
deu_test_track_b_01671,0,0,0,2,0,0
deu_test_track_b_01672,0,1,0,1,0,1
deu_test_track_b_01673,0,0,0,0,0,0
deu_test_track_b_01674,1,1,0,0,0,0
deu_test_track_b_01675,0,0,0,0,0,0
deu_test_track_b_01676,3,2,0,0,0,0
deu_test_track_b_01677,1,1,0,0,0,1
deu_test_track_b_01678,0,0,0,2,0,0
deu_test_track_b_01679,1,1,0,0,0,0
deu_test_track_b_01680,0,1,0,0,0,0
deu_test_track_b_01681,0,0,0,0,0,0
deu_test_track_b_01682,0,1,0,0,0,0
deu_test_track_b_01683,0,0,0,2,0,0
deu_test_track_b_01684,0,0,0,1,0,0
deu_test_track_b_01685,1,1,0,0,0,0
deu_test_track_b_01686,0,0,0,0,0,0
deu_test_track_b_01687,0,0,0,0,0,0
deu_test_track_b_01688,0,0,0,2,0,0
deu_test_track_b_01689,0,0,0,0,0,0
deu_test_track_b_01690,1,2,0,0,1,0
deu_test_track_b_01691,0,0,0,0,0,0
deu_test_track_b_01692,0,0,1,0,2,0
deu_test_track_b_01693,0,1,0,0,0,0
deu_test_track_b_01694,0,0,0,0,0,0
deu_test_track_b_01695,0,0,0,2,0,0
deu_test_track_b_01696,0,0,0,2,0,0
deu_test_track_b_01697,0,0,0,0,1,0
deu_test_track_b_01698,0,0,0,1,1,0
deu_test_track_b_01699,1,2,0,0,1,0
deu_test_track_b_01700,0,0,0,1,0,0
deu_test_track_b_01701,0,0,0,0,0,0
deu_test_track_b_01702,0,0,0,0,3,0
deu_test_track_b_01703,0,0,0,0,0,0
deu_test_track_b_01704,1,1,1,0,0,0
deu_test_track_b_01705,0,0,0,0,0,0
deu_test_track_b_01706,0,0,0,2,0,0
deu_test_track_b_01707,0,0,0,0,0,0
deu_test_track_b_01708,1,1,0,0,0,0
deu_test_track_b_01709,0,0,0,1,0,0
deu_test_track_b_01710,0,0,0,1,0,0
deu_test_track_b_01711,0,1,0,0,1,0
deu_test_track_b_01712,1,1,0,0,1,0
deu_test_track_b_01713,0,0,0,1,0,0
deu_test_track_b_01714,0,0,0,0,0,0
deu_test_track_b_01715,0,0,0,0,0,0
deu_test_track_b_01716,0,1,0,0,0,0
deu_test_track_b_01717,0,0,0,0,1,0
deu_test_track_b_01718,0,0,0,1,0,0
deu_test_track_b_01719,0,0,0,2,0,0
deu_test_track_b_01720,0,1,0,0,0,0
deu_test_track_b_01721,0,0,0,1,0,0
deu_test_track_b_01722,0,0,0,0,0,0
deu_test_track_b_01723,0,0,0,1,0,0
deu_test_track_b_01724,0,0,0,0,0,0
deu_test_track_b_01725,2,2,0,0,0,0
deu_test_track_b_01726,0,0,0,0,1,0
deu_test_track_b_01727,0,0,0,2,0,0
deu_test_track_b_01728,0,0,0,0,0,0
deu_test_track_b_01729,0,0,0,0,2,0
deu_test_track_b_01730,0,1,0,1,0,0
deu_test_track_b_01731,1,1,0,0,1,0
deu_test_track_b_01732,0,0,0,0,0,1
deu_test_track_b_01733,0,0,0,0,0,0
deu_test_track_b_01734,1,1,0,0,0,0
deu_test_track_b_01735,0,1,0,0,0,0
deu_test_track_b_01736,0,0,0,0,0,0
deu_test_track_b_01737,1,1,0,0,0,1
deu_test_track_b_01738,0,0,0,1,0,0
deu_test_track_b_01739,3,2,0,0,0,0
deu_test_track_b_01740,0,0,0,0,1,0
deu_test_track_b_01741,0,0,0,1,0,0
deu_test_track_b_01742,0,0,0,0,0,0
deu_test_track_b_01743,0,0,0,2,0,0
deu_test_track_b_01744,2,1,0,0,0,0
deu_test_track_b_01745,0,0,0,0,1,0
deu_test_track_b_01746,1,1,0,0,0,0
deu_test_track_b_01747,0,0,0,0,0,0
deu_test_track_b_01748,1,1,0,0,0,0
deu_test_track_b_01749,1,1,0,0,0,0
deu_test_track_b_01750,0,0,0,0,0,0
deu_test_track_b_01751,1,0,0,0,0,0
deu_test_track_b_01752,0,0,0,0,0,0
deu_test_track_b_01753,0,0,0,1,0,0
deu_test_track_b_01754,1,1,0,0,0,0
deu_test_track_b_01755,0,1,0,0,0,0
deu_test_track_b_01756,0,0,0,0,1,0
deu_test_track_b_01757,0,0,0,0,0,0
deu_test_track_b_01758,1,1,0,0,0,0
deu_test_track_b_01759,0,0,0,0,1,0
deu_test_track_b_01760,0,0,0,0,0,1
deu_test_track_b_01761,1,1,0,0,0,0
deu_test_track_b_01762,1,1,0,0,1,0
deu_test_track_b_01763,0,1,0,0,0,0
deu_test_track_b_01764,2,1,0,0,0,0
deu_test_track_b_01765,0,0,0,1,0,0
deu_test_track_b_01766,0,0,0,1,0,0
deu_test_track_b_01767,0,1,0,0,0,0
deu_test_track_b_01768,0,0,0,0,1,0
deu_test_track_b_01769,0,1,0,1,0,0
deu_test_track_b_01770,0,0,0,1,1,0
deu_test_track_b_01771,0,0,0,1,0,0
deu_test_track_b_01772,0,0,0,1,0,0
deu_test_track_b_01773,1,1,1,0,1,0
deu_test_track_b_01774,0,0,0,1,0,0
deu_test_track_b_01775,1,1,0,0,0,0
deu_test_track_b_01776,0,0,0,0,0,0
deu_test_track_b_01777,2,1,0,0,1,0
deu_test_track_b_01778,0,0,0,0,0,0
deu_test_track_b_01779,0,0,0,1,0,0
deu_test_track_b_01780,0,0,0,0,0,0
deu_test_track_b_01781,0,0,0,2,0,0
deu_test_track_b_01782,0,0,1,0,1,0
deu_test_track_b_01783,0,0,0,0,0,0
deu_test_track_b_01784,0,0,0,1,0,0
deu_test_track_b_01785,0,1,0,1,0,0
deu_test_track_b_01786,1,1,0,0,0,0
deu_test_track_b_01787,0,0,0,0,0,0
deu_test_track_b_01788,1,1,0,0,0,0
deu_test_track_b_01789,0,0,0,0,0,0
deu_test_track_b_01790,1,1,0,0,0,0
deu_test_track_b_01791,0,0,0,1,0,0
deu_test_track_b_01792,2,1,0,0,0,0
deu_test_track_b_01793,0,0,0,2,1,0
deu_test_track_b_01794,1,0,0,0,2,0
deu_test_track_b_01795,2,2,0,0,1,0
deu_test_track_b_01796,0,2,0,0,0,0
deu_test_track_b_01797,0,0,0,1,0,0
deu_test_track_b_01798,0,0,0,0,1,0
deu_test_track_b_01799,1,1,0,0,0,0
deu_test_track_b_01800,1,1,0,0,1,0
deu_test_track_b_01801,0,0,0,0,0,0
deu_test_track_b_01802,2,1,0,0,0,0
deu_test_track_b_01803,0,2,0,0,0,0
deu_test_track_b_01804,0,0,0,0,0,0
deu_test_track_b_01805,1,2,0,0,0,0
deu_test_track_b_01806,1,0,0,0,0,0
deu_test_track_b_01807,0,0,0,2,0,0
deu_test_track_b_01808,0,0,0,0,0,0
deu_test_track_b_01809,0,0,0,0,0,0
deu_test_track_b_01810,0,1,0,1,0,0
deu_test_track_b_01811,0,0,0,0,1,0
deu_test_track_b_01812,0,0,0,0,0,0
deu_test_track_b_01813,0,0,0,0,1,0
deu_test_track_b_01814,1,1,0,0,0,0
deu_test_track_b_01815,0,0,0,0,0,0
deu_test_track_b_01816,0,0,0,0,0,0
deu_test_track_b_01817,0,0,0,1,0,0
deu_test_track_b_01818,0,0,0,0,0,0
deu_test_track_b_01819,0,0,0,0,0,1
deu_test_track_b_01820,1,1,0,0,0,0
deu_test_track_b_01821,2,1,0,0,0,0
deu_test_track_b_01822,0,0,0,0,0,0
deu_test_track_b_01823,0,0,0,0,0,0
deu_test_track_b_01824,1,1,0,0,0,0
deu_test_track_b_01825,0,0,0,0,0,0
deu_test_track_b_01826,0,0,0,0,1,0
deu_test_track_b_01827,0,1,0,0,0,0
deu_test_track_b_01828,1,0,0,0,1,0
deu_test_track_b_01829,0,1,0,0,0,0
deu_test_track_b_01830,0,0,1,0,2,0
deu_test_track_b_01831,0,0,0,0,0,0
deu_test_track_b_01832,1,1,0,1,0,0
deu_test_track_b_01833,1,1,0,0,0,0
deu_test_track_b_01834,0,0,0,1,0,0
deu_test_track_b_01835,0,1,0,0,0,0
deu_test_track_b_01836,0,2,0,0,0,0
deu_test_track_b_01837,2,1,1,0,0,0
deu_test_track_b_01838,0,1,0,0,0,0
deu_test_track_b_01839,0,0,0,0,0,0
deu_test_track_b_01840,0,0,0,0,0,0
deu_test_track_b_01841,0,0,0,0,0,0
deu_test_track_b_01842,0,0,0,0,0,0
deu_test_track_b_01843,0,1,0,0,0,0
deu_test_track_b_01844,0,0,2,0,0,0
deu_test_track_b_01845,0,0,0,0,1,0
deu_test_track_b_01846,1,1,0,0,0,0
deu_test_track_b_01847,0,0,0,1,0,0
deu_test_track_b_01848,0,0,0,1,0,0
deu_test_track_b_01849,2,2,0,0,0,0
deu_test_track_b_01850,0,0,0,0,0,0
deu_test_track_b_01851,1,0,0,0,0,0
deu_test_track_b_01852,2,1,0,0,0,0
deu_test_track_b_01853,1,1,0,0,1,0
deu_test_track_b_01854,1,1,0,0,0,0
deu_test_track_b_01855,0,0,0,0,0,0
deu_test_track_b_01856,0,0,0,0,0,0
deu_test_track_b_01857,0,0,0,0,1,0
deu_test_track_b_01858,0,0,0,0,0,0
deu_test_track_b_01859,1,0,0,0,0,0
deu_test_track_b_01860,0,1,0,0,0,0
deu_test_track_b_01861,1,1,0,0,0,0
deu_test_track_b_01862,0,0,0,0,0,0
deu_test_track_b_01863,0,0,0,0,0,0
deu_test_track_b_01864,0,0,0,0,1,0
deu_test_track_b_01865,1,1,0,0,0,0
deu_test_track_b_01866,0,0,0,0,0,0
deu_test_track_b_01867,0,0,0,0,0,0
deu_test_track_b_01868,0,0,0,0,0,0
deu_test_track_b_01869,2,1,0,0,0,0
deu_test_track_b_01870,1,1,0,0,0,0
deu_test_track_b_01871,2,1,0,0,0,0
deu_test_track_b_01872,1,1,0,0,0,0
deu_test_track_b_01873,0,0,0,2,0,0
deu_test_track_b_01874,0,1,0,0,0,0
deu_test_track_b_01875,0,0,0,0,0,0
deu_test_track_b_01876,0,0,0,1,0,0
deu_test_track_b_01877,1,1,0,0,0,0
deu_test_track_b_01878,2,1,0,0,0,0
deu_test_track_b_01879,0,0,0,1,0,0
deu_test_track_b_01880,0,0,0,0,0,0
deu_test_track_b_01881,0,0,0,0,0,0
deu_test_track_b_01882,0,0,0,0,0,0
deu_test_track_b_01883,0,0,0,1,0,0
deu_test_track_b_01884,0,0,0,0,0,0
deu_test_track_b_01885,0,0,0,0,0,0
deu_test_track_b_01886,1,0,0,0,0,0
deu_test_track_b_01887,2,2,0,0,1,0
deu_test_track_b_01888,1,1,0,0,0,0
deu_test_track_b_01889,0,1,0,0,1,0
deu_test_track_b_01890,0,0,0,0,0,0
deu_test_track_b_01891,0,0,0,0,0,0
deu_test_track_b_01892,0,1,0,0,0,0
deu_test_track_b_01893,2,1,0,0,1,0
deu_test_track_b_01894,0,0,2,0,0,0
deu_test_track_b_01895,0,0,0,0,1,0
deu_test_track_b_01896,2,1,0,0,0,0
deu_test_track_b_01897,1,1,0,0,0,0
deu_test_track_b_01898,0,0,0,2,0,0
deu_test_track_b_01899,0,0,0,0,3,0
deu_test_track_b_01900,1,1,1,0,0,0
deu_test_track_b_01901,0,1,0,0,0,0
deu_test_track_b_01902,0,0,0,0,1,0
deu_test_track_b_01903,1,0,0,0,0,0
deu_test_track_b_01904,2,2,0,0,1,0
deu_test_track_b_01905,0,0,1,0,0,0
deu_test_track_b_01906,0,0,1,0,1,0
deu_test_track_b_01907,1,1,0,0,0,0
deu_test_track_b_01908,0,0,0,0,0,0
deu_test_track_b_01909,0,0,0,0,0,0
deu_test_track_b_01910,1,1,0,0,0,0
deu_test_track_b_01911,1,1,0,0,1,0
deu_test_track_b_01912,0,0,1,0,0,0
deu_test_track_b_01913,2,1,1,0,0,0
deu_test_track_b_01914,0,0,1,0,1,0
deu_test_track_b_01915,0,0,0,1,0,0
deu_test_track_b_01916,0,1,0,0,0,0
deu_test_track_b_01917,0,0,0,0,0,0
deu_test_track_b_01918,0,0,0,2,0,0
deu_test_track_b_01919,0,0,1,1,0,0
deu_test_track_b_01920,1,1,0,0,0,0
deu_test_track_b_01921,0,0,0,0,0,0
deu_test_track_b_01922,1,1,0,0,0,0
deu_test_track_b_01923,0,0,0,0,1,0
deu_test_track_b_01924,2,0,0,0,0,0
deu_test_track_b_01925,0,1,0,0,2,0
deu_test_track_b_01926,0,0,0,1,0,0
deu_test_track_b_01927,0,0,0,0,0,0
deu_test_track_b_01928,2,2,0,0,1,0
deu_test_track_b_01929,0,0,0,0,0,0
deu_test_track_b_01930,0,0,0,0,0,0
deu_test_track_b_01931,0,1,0,0,0,0
deu_test_track_b_01932,0,0,0,0,0,0
deu_test_track_b_01933,1,1,0,0,0,0
deu_test_track_b_01934,0,0,0,1,0,0
deu_test_track_b_01935,0,0,1,0,0,0
deu_test_track_b_01936,0,0,0,0,1,0
deu_test_track_b_01937,0,0,0,0,0,0
deu_test_track_b_01938,0,1,0,0,1,0
deu_test_track_b_01939,0,0,0,0,0,0
deu_test_track_b_01940,0,0,0,0,0,0
deu_test_track_b_01941,0,0,0,0,0,0
deu_test_track_b_01942,0,0,0,0,0,0
deu_test_track_b_01943,0,0,0,0,0,0
deu_test_track_b_01944,2,1,0,0,0,0
deu_test_track_b_01945,0,1,0,1,0,0
deu_test_track_b_01946,1,1,0,0,0,0
deu_test_track_b_01947,0,0,0,0,0,0
deu_test_track_b_01948,0,0,0,2,0,0
deu_test_track_b_01949,0,0,0,2,0,0
deu_test_track_b_01950,1,1,0,0,1,0
deu_test_track_b_01951,0,0,0,0,0,0
deu_test_track_b_01952,0,0,0,0,0,0
deu_test_track_b_01953,0,0,0,0,1,0
deu_test_track_b_01954,0,0,0,2,0,0
deu_test_track_b_01955,1,1,0,1,0,0
deu_test_track_b_01956,0,0,0,2,0,0
deu_test_track_b_01957,1,0,0,0,0,0
deu_test_track_b_01958,0,0,0,0,0,0
deu_test_track_b_01959,0,0,0,0,0,0
deu_test_track_b_01960,0,0,0,0,0,0
deu_test_track_b_01961,0,0,1,0,0,0
deu_test_track_b_01962,1,1,0,0,2,0
deu_test_track_b_01963,2,1,0,0,0,0
deu_test_track_b_01964,0,0,0,0,1,0
deu_test_track_b_01965,0,0,0,0,0,0
deu_test_track_b_01966,0,0,0,0,0,0
deu_test_track_b_01967,0,0,0,1,0,0
deu_test_track_b_01968,0,0,0,0,0,2
deu_test_track_b_01969,0,0,0,1,0,0
deu_test_track_b_01970,0,0,0,2,0,0
deu_test_track_b_01971,0,0,0,0,2,0
deu_test_track_b_01972,3,1,0,0,3,0
deu_test_track_b_01973,0,0,1,0,0,0
deu_test_track_b_01974,0,0,0,0,0,0
deu_test_track_b_01975,0,0,0,0,0,0
deu_test_track_b_01976,0,0,0,0,0,0
deu_test_track_b_01977,0,1,0,0,1,0
deu_test_track_b_01978,2,1,0,0,0,0
deu_test_track_b_01979,0,0,0,2,0,0
deu_test_track_b_01980,0,0,0,1,0,0
deu_test_track_b_01981,1,2,0,0,0,0
deu_test_track_b_01982,2,1,0,0,0,0
deu_test_track_b_01983,0,0,0,2,0,0
deu_test_track_b_01984,0,1,0,0,0,0
deu_test_track_b_01985,1,1,0,0,1,0
deu_test_track_b_01986,1,1,1,0,0,0
deu_test_track_b_01987,0,0,0,0,3,0
deu_test_track_b_01988,1,1,0,0,0,0
deu_test_track_b_01989,0,0,0,0,0,0
deu_test_track_b_01990,1,0,0,0,0,1
deu_test_track_b_01991,0,0,0,1,0,0
deu_test_track_b_01992,0,0,0,0,0,0
deu_test_track_b_01993,0,0,0,3,0,0
deu_test_track_b_01994,1,0,0,0,0,0
deu_test_track_b_01995,2,1,0,0,0,0
deu_test_track_b_01996,0,0,0,0,0,0
deu_test_track_b_01997,0,0,0,0,2,0
deu_test_track_b_01998,0,0,0,0,0,0
deu_test_track_b_01999,0,0,0,1,0,0
deu_test_track_b_02000,1,1,0,0,0,0
deu_test_track_b_02001,1,1,0,0,0,0
deu_test_track_b_02002,0,0,0,2,0,0
deu_test_track_b_02003,0,1,0,0,0,1
deu_test_track_b_02004,2,1,0,0,1,0
deu_test_track_b_02005,0,0,0,0,0,1
deu_test_track_b_02006,0,0,0,0,0,0
deu_test_track_b_02007,0,0,0,0,0,0
deu_test_track_b_02008,1,2,0,0,0,0
deu_test_track_b_02009,1,0,0,0,0,0
deu_test_track_b_02010,0,0,0,0,0,0
deu_test_track_b_02011,0,0,0,1,0,0
deu_test_track_b_02012,1,1,0,0,0,0
deu_test_track_b_02013,1,2,0,0,0,0
deu_test_track_b_02014,0,0,0,1,0,0
deu_test_track_b_02015,0,0,0,1,0,0
deu_test_track_b_02016,0,0,0,1,0,0
deu_test_track_b_02017,0,0,0,0,1,0
deu_test_track_b_02018,0,0,0,0,0,0
deu_test_track_b_02019,0,0,0,0,0,0
deu_test_track_b_02020,0,0,0,2,0,0
deu_test_track_b_02021,0,0,0,0,2,0
deu_test_track_b_02022,0,0,0,1,0,0
deu_test_track_b_02023,0,0,0,0,0,0
deu_test_track_b_02024,1,1,0,0,1,0
deu_test_track_b_02025,0,0,0,0,1,0
deu_test_track_b_02026,0,0,0,1,1,0
deu_test_track_b_02027,0,0,0,0,1,0
deu_test_track_b_02028,1,2,0,0,0,0
deu_test_track_b_02029,0,0,0,0,0,0
deu_test_track_b_02030,0,0,0,1,0,0
deu_test_track_b_02031,0,0,0,0,2,0
deu_test_track_b_02032,2,1,0,0,0,0
deu_test_track_b_02033,0,0,0,0,2,0
deu_test_track_b_02034,0,0,0,0,0,0
deu_test_track_b_02035,2,2,0,0,1,0
deu_test_track_b_02036,0,0,0,2,0,0
deu_test_track_b_02037,0,1,0,0,1,0
deu_test_track_b_02038,2,1,0,0,0,0
deu_test_track_b_02039,0,0,0,0,0,0
deu_test_track_b_02040,1,1,0,0,0,0
deu_test_track_b_02041,2,1,0,0,0,0
deu_test_track_b_02042,0,0,0,1,0,0
deu_test_track_b_02043,0,0,0,1,0,0
deu_test_track_b_02044,0,0,0,1,0,0
deu_test_track_b_02045,2,1,0,0,1,0
deu_test_track_b_02046,0,0,0,1,0,0
deu_test_track_b_02047,0,0,0,1,0,0
deu_test_track_b_02048,1,1,1,0,0,0
deu_test_track_b_02049,0,0,1,0,1,0
deu_test_track_b_02050,0,1,0,0,0,0
deu_test_track_b_02051,0,2,0,1,0,0
deu_test_track_b_02052,0,0,0,1,0,0
deu_test_track_b_02053,0,0,0,0,0,0
deu_test_track_b_02054,0,0,0,1,0,1
deu_test_track_b_02055,0,0,0,0,1,0
deu_test_track_b_02056,1,1,0,0,0,0
deu_test_track_b_02057,0,0,0,1,0,0
deu_test_track_b_02058,0,0,1,0,0,0
deu_test_track_b_02059,0,0,0,1,0,0
deu_test_track_b_02060,0,1,0,0,1,0
deu_test_track_b_02061,0,0,0,2,0,0
deu_test_track_b_02062,1,1,0,0,0,0
deu_test_track_b_02063,0,0,0,0,0,0
deu_test_track_b_02064,0,0,0,1,0,0
deu_test_track_b_02065,1,1,0,0,0,1
deu_test_track_b_02066,0,0,0,0,0,0
deu_test_track_b_02067,0,0,0,0,1,0
deu_test_track_b_02068,1,1,0,0,1,0
deu_test_track_b_02069,0,0,0,0,1,0
deu_test_track_b_02070,1,1,0,0,0,0
deu_test_track_b_02071,0,2,0,0,0,0
deu_test_track_b_02072,0,0,0,0,0,0
deu_test_track_b_02073,1,1,0,0,0,0
deu_test_track_b_02074,1,1,0,0,0,0
deu_test_track_b_02075,0,0,0,0,0,0
deu_test_track_b_02076,0,0,0,1,0,0
deu_test_track_b_02077,0,0,0,0,0,0
deu_test_track_b_02078,0,0,0,0,0,0
deu_test_track_b_02079,0,0,0,0,0,0
deu_test_track_b_02080,1,1,1,0,0,0
deu_test_track_b_02081,1,0,1,0,1,0
deu_test_track_b_02082,0,0,0,1,1,0
deu_test_track_b_02083,0,0,0,2,0,0
deu_test_track_b_02084,0,0,0,0,0,1
deu_test_track_b_02085,0,0,0,1,0,0
deu_test_track_b_02086,0,0,0,0,0,0
deu_test_track_b_02087,0,1,0,0,0,0
deu_test_track_b_02088,0,1,0,0,1,0
deu_test_track_b_02089,0,0,0,1,0,0
deu_test_track_b_02090,0,1,0,0,1,0
deu_test_track_b_02091,0,0,0,1,0,0
deu_test_track_b_02092,0,0,0,0,0,0
deu_test_track_b_02093,0,0,0,2,0,0
deu_test_track_b_02094,0,0,1,0,0,0
deu_test_track_b_02095,0,0,0,1,0,0
deu_test_track_b_02096,0,0,0,0,0,0
deu_test_track_b_02097,0,0,0,2,0,0
deu_test_track_b_02098,1,1,0,0,0,0
deu_test_track_b_02099,0,0,0,1,1,0
deu_test_track_b_02100,0,0,0,0,0,0
deu_test_track_b_02101,0,0,0,0,0,0
deu_test_track_b_02102,1,1,0,0,0,0
deu_test_track_b_02103,0,0,0,0,0,0
deu_test_track_b_02104,0,0,0,0,0,0
deu_test_track_b_02105,1,1,1,0,0,0
deu_test_track_b_02106,0,0,0,0,0,0
deu_test_track_b_02107,0,0,0,1,0,0
deu_test_track_b_02108,1,1,0,0,1,0
deu_test_track_b_02109,0,1,0,0,0,0
deu_test_track_b_02110,0,0,0,1,0,2
deu_test_track_b_02111,0,0,0,1,0,0
deu_test_track_b_02112,1,1,0,0,0,0
deu_test_track_b_02113,0,0,0,1,0,0
deu_test_track_b_02114,0,0,0,0,0,0
deu_test_track_b_02115,1,1,1,0,1,0
deu_test_track_b_02116,0,0,0,1,0,0
deu_test_track_b_02117,1,1,0,0,0,0
deu_test_track_b_02118,0,0,0,0,0,0
deu_test_track_b_02119,0,0,0,0,0,0
deu_test_track_b_02120,0,0,0,1,0,0
deu_test_track_b_02121,0,0,1,0,0,0
deu_test_track_b_02122,0,0,0,1,0,0
deu_test_track_b_02123,1,1,1,0,0,0
deu_test_track_b_02124,0,0,0,0,0,0
deu_test_track_b_02125,0,0,0,1,0,0
deu_test_track_b_02126,0,0,0,1,0,0
deu_test_track_b_02127,0,1,0,0,1,0
deu_test_track_b_02128,1,1,1,0,1,0
deu_test_track_b_02129,1,0,0,0,0,0
deu_test_track_b_02130,0,1,0,0,0,0
deu_test_track_b_02131,1,1,1,0,1,0
deu_test_track_b_02132,0,0,0,1,0,0
deu_test_track_b_02133,1,2,0,0,0,0
deu_test_track_b_02134,1,1,0,0,1,0
deu_test_track_b_02135,0,0,0,0,0,0
deu_test_track_b_02136,0,0,0,0,0,0
deu_test_track_b_02137,0,0,0,0,2,0
deu_test_track_b_02138,0,0,0,2,0,0
deu_test_track_b_02139,1,1,0,0,0,0
deu_test_track_b_02140,1,1,1,0,1,0
deu_test_track_b_02141,2,2,0,0,1,0
deu_test_track_b_02142,1,2,0,0,0,0
deu_test_track_b_02143,0,0,0,0,0,0
deu_test_track_b_02144,0,0,1,0,2,0
deu_test_track_b_02145,2,1,0,0,0,0
deu_test_track_b_02146,1,1,0,0,0,0
deu_test_track_b_02147,0,0,0,0,0,0
deu_test_track_b_02148,0,0,0,0,1,0
deu_test_track_b_02149,0,0,0,0,0,0
deu_test_track_b_02150,1,1,0,0,0,0
deu_test_track_b_02151,0,0,0,0,0,0
deu_test_track_b_02152,0,0,0,0,0,0
deu_test_track_b_02153,1,1,0,0,0,0
deu_test_track_b_02154,0,0,0,0,0,0
deu_test_track_b_02155,0,0,0,0,0,0
deu_test_track_b_02156,1,1,0,0,0,0
deu_test_track_b_02157,1,1,0,0,0,0
deu_test_track_b_02158,0,0,0,1,0,0
deu_test_track_b_02159,0,0,0,0,0,0
deu_test_track_b_02160,0,0,0,1,0,0
deu_test_track_b_02161,0,0,0,1,0,0
deu_test_track_b_02162,0,3,0,0,0,0
deu_test_track_b_02163,0,0,0,0,0,0
deu_test_track_b_02164,0,0,0,0,0,0
deu_test_track_b_02165,0,0,0,0,0,0
deu_test_track_b_02166,0,0,0,0,0,0
deu_test_track_b_02167,1,1,0,0,0,0
deu_test_track_b_02168,0,0,0,0,0,0
deu_test_track_b_02169,0,0,1,0,1,0
deu_test_track_b_02170,0,0,0,0,0,0
deu_test_track_b_02171,1,0,0,0,0,0
deu_test_track_b_02172,0,1,0,0,0,0
deu_test_track_b_02173,0,0,1,0,0,0
deu_test_track_b_02174,0,0,0,2,0,0
deu_test_track_b_02175,0,0,1,0,0,0
deu_test_track_b_02176,1,1,0,0,0,0
deu_test_track_b_02177,0,0,0,0,0,0
deu_test_track_b_02178,0,0,0,0,0,0
deu_test_track_b_02179,0,0,0,1,0,0
deu_test_track_b_02180,0,0,0,0,1,0
deu_test_track_b_02181,1,1,0,0,0,0
deu_test_track_b_02182,0,0,0,0,0,0
deu_test_track_b_02183,0,1,0,0,0,0
deu_test_track_b_02184,0,0,0,2,0,0
deu_test_track_b_02185,0,0,0,1,1,0
deu_test_track_b_02186,2,1,0,0,0,0
deu_test_track_b_02187,0,0,0,1,0,0
deu_test_track_b_02188,1,0,0,0,0,0
deu_test_track_b_02189,0,0,0,1,0,0
deu_test_track_b_02190,1,1,0,0,0,0
deu_test_track_b_02191,0,0,0,1,0,0
deu_test_track_b_02192,0,0,0,0,0,0
deu_test_track_b_02193,0,0,0,0,0,0
deu_test_track_b_02194,0,0,0,0,0,0
deu_test_track_b_02195,0,0,0,0,1,0
deu_test_track_b_02196,0,0,0,0,0,0
deu_test_track_b_02197,0,0,0,0,0,0
deu_test_track_b_02198,0,0,0,0,0,0
deu_test_track_b_02199,1,2,0,0,0,0
deu_test_track_b_02200,1,1,0,0,0,0
deu_test_track_b_02201,0,0,0,2,0,0
deu_test_track_b_02202,0,0,0,1,0,0
deu_test_track_b_02203,0,0,0,1,0,0
deu_test_track_b_02204,1,1,0,0,0,0
deu_test_track_b_02205,0,0,0,2,0,0
deu_test_track_b_02206,1,1,0,0,0,0
deu_test_track_b_02207,1,0,1,0,0,0
deu_test_track_b_02208,0,0,0,0,1,0
deu_test_track_b_02209,0,0,0,0,1,0
deu_test_track_b_02210,0,0,0,1,0,2
deu_test_track_b_02211,0,0,0,1,0,0
deu_test_track_b_02212,0,0,0,1,0,0
deu_test_track_b_02213,0,0,0,0,0,0
deu_test_track_b_02214,1,1,1,0,0,0
deu_test_track_b_02215,0,0,1,0,1,0
deu_test_track_b_02216,0,1,0,0,0,0
deu_test_track_b_02217,1,1,0,0,0,0
deu_test_track_b_02218,1,0,0,0,0,0
deu_test_track_b_02219,0,0,0,0,0,0
deu_test_track_b_02220,2,2,0,0,0,0
deu_test_track_b_02221,0,0,0,1,0,0
deu_test_track_b_02222,1,1,0,0,0,0
deu_test_track_b_02223,0,0,0,1,1,0
deu_test_track_b_02224,1,0,0,0,0,0
deu_test_track_b_02225,2,1,0,0,0,0
deu_test_track_b_02226,0,0,0,1,0,0
deu_test_track_b_02227,2,1,0,0,0,0
deu_test_track_b_02228,0,0,0,0,0,0
deu_test_track_b_02229,0,0,0,0,0,0
deu_test_track_b_02230,1,1,0,0,0,0
deu_test_track_b_02231,1,1,0,0,0,0
deu_test_track_b_02232,1,2,0,0,1,0
deu_test_track_b_02233,1,1,0,0,1,0
deu_test_track_b_02234,0,0,0,1,0,0
deu_test_track_b_02235,2,0,0,0,0,0
deu_test_track_b_02236,1,1,0,0,0,0
deu_test_track_b_02237,0,0,0,0,1,0
deu_test_track_b_02238,2,1,0,0,2,0
deu_test_track_b_02239,1,1,1,0,0,0
deu_test_track_b_02240,0,0,0,0,1,0
deu_test_track_b_02241,0,0,0,1,1,0
deu_test_track_b_02242,0,0,0,1,1,0
deu_test_track_b_02243,0,0,0,0,1,0
deu_test_track_b_02244,1,2,0,0,2,0
deu_test_track_b_02245,0,0,0,1,0,0
deu_test_track_b_02246,2,1,0,0,0,0
deu_test_track_b_02247,1,1,0,0,0,0
deu_test_track_b_02248,0,0,0,0,0,0
deu_test_track_b_02249,1,1,0,0,1,0
deu_test_track_b_02250,0,0,0,2,0,0
deu_test_track_b_02251,0,0,0,0,2,0
deu_test_track_b_02252,2,1,0,0,0,0
deu_test_track_b_02253,0,0,1,0,0,0
deu_test_track_b_02254,0,0,0,1,0,0
deu_test_track_b_02255,0,1,0,0,0,0
deu_test_track_b_02256,0,0,0,0,0,0
deu_test_track_b_02257,0,0,0,1,0,0
deu_test_track_b_02258,1,1,0,0,0,0
deu_test_track_b_02259,0,0,0,0,0,0
deu_test_track_b_02260,1,1,0,0,0,0
deu_test_track_b_02261,0,0,0,0,1,0
deu_test_track_b_02262,1,1,0,0,0,0
deu_test_track_b_02263,1,1,0,0,0,0
deu_test_track_b_02264,0,0,0,2,0,0
deu_test_track_b_02265,1,1,0,0,0,0
deu_test_track_b_02266,0,0,1,0,1,0
deu_test_track_b_02267,1,1,0,0,0,0
deu_test_track_b_02268,2,1,0,0,0,0
deu_test_track_b_02269,0,0,0,2,0,0
deu_test_track_b_02270,1,1,0,0,0,0
deu_test_track_b_02271,0,0,0,0,0,0
deu_test_track_b_02272,0,0,0,1,0,0
deu_test_track_b_02273,1,1,0,0,1,0
deu_test_track_b_02274,0,0,0,0,0,0
deu_test_track_b_02275,0,0,0,1,0,0
deu_test_track_b_02276,0,0,0,1,0,0
deu_test_track_b_02277,0,0,0,0,1,0
deu_test_track_b_02278,0,0,0,0,0,0
deu_test_track_b_02279,0,0,0,0,0,0
deu_test_track_b_02280,0,0,0,0,0,0
deu_test_track_b_02281,1,1,0,0,0,0
deu_test_track_b_02282,0,0,0,1,0,0
deu_test_track_b_02283,0,1,0,0,0,0
deu_test_track_b_02284,0,0,0,1,0,0
deu_test_track_b_02285,1,1,0,0,0,0
deu_test_track_b_02286,0,0,0,1,0,0
deu_test_track_b_02287,0,0,0,2,0,0
deu_test_track_b_02288,0,0,0,0,0,0
deu_test_track_b_02289,1,0,0,0,0,1
deu_test_track_b_02290,0,0,0,0,0,0
deu_test_track_b_02291,0,0,0,0,0,0
deu_test_track_b_02292,2,1,0,0,0,0
deu_test_track_b_02293,0,1,0,1,0,0
deu_test_track_b_02294,0,0,0,1,0,0
deu_test_track_b_02295,1,1,0,0,0,0
deu_test_track_b_02296,0,0,0,0,0,0
deu_test_track_b_02297,2,1,0,0,1,0
deu_test_track_b_02298,0,0,1,0,0,0
deu_test_track_b_02299,0,0,0,0,0,0
deu_test_track_b_02300,0,0,0,0,0,0
deu_test_track_b_02301,0,0,1,0,0,0
deu_test_track_b_02302,0,0,0,0,1,0
deu_test_track_b_02303,0,1,0,1,0,0
deu_test_track_b_02304,0,0,0,0,0,0
deu_test_track_b_02305,0,1,0,0,0,0
deu_test_track_b_02306,1,1,0,0,0,0
deu_test_track_b_02307,0,0,0,0,0,0
deu_test_track_b_02308,2,1,0,0,0,0
deu_test_track_b_02309,0,0,1,0,0,0
deu_test_track_b_02310,0,1,0,0,0,0
deu_test_track_b_02311,1,2,0,0,1,0
deu_test_track_b_02312,1,1,0,0,1,0
deu_test_track_b_02313,1,1,0,0,0,0
deu_test_track_b_02314,2,1,0,0,0,0
deu_test_track_b_02315,0,0,0,0,0,0
deu_test_track_b_02316,0,0,0,0,2,0
deu_test_track_b_02317,0,0,0,1,0,0
deu_test_track_b_02318,1,0,0,0,0,0
deu_test_track_b_02319,1,1,0,0,0,0
deu_test_track_b_02320,0,0,1,0,0,0
deu_test_track_b_02321,0,1,0,0,0,0
deu_test_track_b_02322,1,1,0,0,0,0
deu_test_track_b_02323,0,0,0,0,1,0
deu_test_track_b_02324,0,0,0,0,2,0
deu_test_track_b_02325,2,1,1,0,1,0
deu_test_track_b_02326,1,1,0,0,0,0
deu_test_track_b_02327,0,0,0,2,0,0
deu_test_track_b_02328,0,0,0,0,0,0
deu_test_track_b_02329,0,0,0,1,1,0
deu_test_track_b_02330,0,0,0,0,0,0
deu_test_track_b_02331,0,0,0,0,0,0
deu_test_track_b_02332,0,0,0,1,0,0
deu_test_track_b_02333,0,0,0,1,0,0
deu_test_track_b_02334,2,1,0,0,0,0
deu_test_track_b_02335,1,1,0,0,1,0
deu_test_track_b_02336,0,1,0,0,0,0
deu_test_track_b_02337,2,2,0,0,1,0
deu_test_track_b_02338,0,0,0,0,0,0
deu_test_track_b_02339,0,0,0,2,0,0
deu_test_track_b_02340,0,0,0,1,0,0
deu_test_track_b_02341,1,1,0,0,0,0
deu_test_track_b_02342,0,0,0,0,0,0
deu_test_track_b_02343,0,0,0,0,0,0
deu_test_track_b_02344,0,1,0,0,0,0
deu_test_track_b_02345,1,0,0,0,0,0
deu_test_track_b_02346,1,1,0,0,0,0
deu_test_track_b_02347,0,1,0,0,0,1
deu_test_track_b_02348,0,0,0,0,0,0
deu_test_track_b_02349,0,0,0,0,1,0
deu_test_track_b_02350,0,0,0,0,0,0
deu_test_track_b_02351,2,1,0,0,0,0
deu_test_track_b_02352,0,0,0,1,0,0
deu_test_track_b_02353,0,0,0,0,0,0
deu_test_track_b_02354,0,0,0,0,0,0
deu_test_track_b_02355,1,0,0,0,0,0
deu_test_track_b_02356,2,2,0,0,0,0
deu_test_track_b_02357,0,0,1,0,0,0
deu_test_track_b_02358,0,0,0,0,1,0
deu_test_track_b_02359,1,1,0,0,0,0
deu_test_track_b_02360,0,0,0,0,0,0
deu_test_track_b_02361,0,0,1,0,0,0
deu_test_track_b_02362,0,0,0,0,2,0
deu_test_track_b_02363,2,2,0,0,0,0
deu_test_track_b_02364,1,2,0,0,0,0
deu_test_track_b_02365,0,0,0,1,0,0
deu_test_track_b_02366,1,1,0,0,0,0
deu_test_track_b_02367,0,2,0,0,0,0
deu_test_track_b_02368,0,0,0,0,2,0
deu_test_track_b_02369,1,1,0,0,0,1
deu_test_track_b_02370,0,0,0,2,0,0
deu_test_track_b_02371,0,2,0,0,1,0
deu_test_track_b_02372,1,1,1,0,0,0
deu_test_track_b_02373,0,0,0,0,0,0
deu_test_track_b_02374,1,0,0,0,1,0
deu_test_track_b_02375,2,1,0,0,1,0
deu_test_track_b_02376,0,1,0,0,0,0
deu_test_track_b_02377,0,1,0,1,0,0
deu_test_track_b_02378,1,2,0,0,1,0
deu_test_track_b_02379,1,1,0,0,0,0
deu_test_track_b_02380,0,1,0,0,0,0
deu_test_track_b_02381,0,0,0,1,0,0
deu_test_track_b_02382,0,0,0,0,0,0
deu_test_track_b_02383,0,0,0,2,0,0
deu_test_track_b_02384,0,2,0,0,0,0
deu_test_track_b_02385,0,0,0,0,0,0
deu_test_track_b_02386,1,1,0,0,0,0
deu_test_track_b_02387,1,1,0,0,0,0
deu_test_track_b_02388,0,0,0,0,0,0
deu_test_track_b_02389,0,0,0,0,0,0
deu_test_track_b_02390,0,0,0,0,1,0
deu_test_track_b_02391,0,0,0,0,1,0
deu_test_track_b_02392,1,1,0,0,0,1
deu_test_track_b_02393,0,0,0,0,0,0
deu_test_track_b_02394,1,1,0,0,1,0
deu_test_track_b_02395,2,1,0,0,0,0
deu_test_track_b_02396,0,0,0,2,0,0
deu_test_track_b_02397,0,1,0,0,0,0
deu_test_track_b_02398,1,1,0,0,0,0
deu_test_track_b_02399,0,0,0,0,0,0
deu_test_track_b_02400,1,1,0,0,1,0
deu_test_track_b_02401,1,1,1,0,0,0
deu_test_track_b_02402,1,1,0,0,0,1
deu_test_track_b_02403,1,1,0,0,0,0
deu_test_track_b_02404,0,0,1,0,0,0
deu_test_track_b_02405,0,0,0,0,0,2
deu_test_track_b_02406,0,0,0,0,2,0
deu_test_track_b_02407,0,0,0,0,3,0
deu_test_track_b_02408,0,0,0,0,0,0
deu_test_track_b_02409,0,0,0,0,1,0
deu_test_track_b_02410,1,1,0,0,0,0
deu_test_track_b_02411,0,0,0,1,1,0
deu_test_track_b_02412,0,0,0,0,0,0
deu_test_track_b_02413,0,1,0,0,1,0
deu_test_track_b_02414,2,2,0,0,0,0
deu_test_track_b_02415,0,0,0,2,0,0
deu_test_track_b_02416,0,0,0,0,0,0
deu_test_track_b_02417,0,0,1,0,0,0
deu_test_track_b_02418,0,0,0,1,0,1
deu_test_track_b_02419,1,1,0,0,0,1
deu_test_track_b_02420,1,1,0,0,0,0
deu_test_track_b_02421,0,1,0,0,0,1
deu_test_track_b_02422,0,1,0,0,0,0
deu_test_track_b_02423,0,0,0,0,0,0
deu_test_track_b_02424,0,0,0,0,0,0
deu_test_track_b_02425,1,1,0,0,1,0
deu_test_track_b_02426,1,1,0,0,0,0
deu_test_track_b_02427,0,0,0,0,1,1
deu_test_track_b_02428,0,0,0,1,1,0
deu_test_track_b_02429,0,0,0,0,0,0
deu_test_track_b_02430,0,0,0,2,0,0
deu_test_track_b_02431,0,0,0,0,0,0
deu_test_track_b_02432,0,0,0,0,3,0
deu_test_track_b_02433,1,1,0,0,0,0
deu_test_track_b_02434,0,0,0,0,0,0
deu_test_track_b_02435,2,1,0,0,0,0
deu_test_track_b_02436,1,0,0,0,0,1
deu_test_track_b_02437,0,0,0,0,0,0
deu_test_track_b_02438,0,0,0,0,0,0
deu_test_track_b_02439,1,1,0,0,0,0
deu_test_track_b_02440,0,0,0,0,0,0
deu_test_track_b_02441,0,0,0,1,0,0
deu_test_track_b_02442,0,0,0,0,0,0
deu_test_track_b_02443,0,0,0,0,0,0
deu_test_track_b_02444,1,1,0,0,0,0
deu_test_track_b_02445,2,1,0,0,0,0
deu_test_track_b_02446,0,0,0,0,1,0
deu_test_track_b_02447,0,0,1,1,0,0
deu_test_track_b_02448,0,1,0,0,1,0
deu_test_track_b_02449,2,1,1,0,0,0
deu_test_track_b_02450,0,0,0,0,0,0
deu_test_track_b_02451,0,0,0,0,0,0
deu_test_track_b_02452,0,0,0,0,1,0
deu_test_track_b_02453,0,0,0,1,0,0
deu_test_track_b_02454,1,1,0,0,0,0
deu_test_track_b_02455,0,0,0,1,0,0
deu_test_track_b_02456,0,0,0,1,1,0
deu_test_track_b_02457,0,0,3,0,2,0
deu_test_track_b_02458,0,0,0,0,1,0
deu_test_track_b_02459,1,1,0,0,0,0
deu_test_track_b_02460,0,0,0,0,0,0
deu_test_track_b_02461,0,0,0,2,0,0
deu_test_track_b_02462,0,0,0,1,1,0
deu_test_track_b_02463,2,1,0,0,1,0
deu_test_track_b_02464,0,0,1,0,1,0
deu_test_track_b_02465,0,0,0,1,1,0
deu_test_track_b_02466,1,0,1,0,0,0
deu_test_track_b_02467,0,0,0,1,0,0
deu_test_track_b_02468,0,0,0,0,0,0
deu_test_track_b_02469,2,0,0,0,0,0
deu_test_track_b_02470,0,0,0,2,0,0
deu_test_track_b_02471,0,0,0,2,0,0
deu_test_track_b_02472,0,0,0,0,0,0
deu_test_track_b_02473,0,0,0,0,2,0
deu_test_track_b_02474,0,0,0,0,0,0
deu_test_track_b_02475,1,1,0,0,0,0
deu_test_track_b_02476,0,0,0,0,0,0
deu_test_track_b_02477,0,0,0,0,0,0
deu_test_track_b_02478,0,0,0,1,0,0
deu_test_track_b_02479,0,0,0,1,1,0
deu_test_track_b_02480,0,0,0,1,0,0
deu_test_track_b_02481,1,0,0,0,0,0
deu_test_track_b_02482,0,0,1,0,0,0
deu_test_track_b_02483,0,0,0,2,0,0
deu_test_track_b_02484,0,0,0,0,0,0
deu_test_track_b_02485,1,1,0,0,0,0
deu_test_track_b_02486,0,0,0,0,0,0
deu_test_track_b_02487,0,0,0,0,0,1
deu_test_track_b_02488,0,0,0,0,0,0
deu_test_track_b_02489,1,1,0,0,1,0
deu_test_track_b_02490,0,1,0,0,1,0
deu_test_track_b_02491,0,0,0,1,0,0
deu_test_track_b_02492,0,1,0,0,0,0
deu_test_track_b_02493,0,0,0,0,0,0
deu_test_track_b_02494,0,1,0,0,0,0
deu_test_track_b_02495,0,0,0,0,0,0
deu_test_track_b_02496,0,0,0,0,0,0
deu_test_track_b_02497,1,1,0,0,0,0
deu_test_track_b_02498,0,0,1,0,1,0
deu_test_track_b_02499,1,1,0,0,0,0
deu_test_track_b_02500,0,0,0,1,0,0
deu_test_track_b_02501,0,1,0,0,0,0
deu_test_track_b_02502,1,0,0,0,0,0
deu_test_track_b_02503,0,0,0,1,0,0
deu_test_track_b_02504,0,0,0,2,0,0
deu_test_track_b_02505,0,0,0,0,0,0
deu_test_track_b_02506,0,0,0,1,0,0
deu_test_track_b_02507,2,1,0,0,0,0
deu_test_track_b_02508,1,0,0,0,0,0
deu_test_track_b_02509,1,0,0,0,0,0
deu_test_track_b_02510,0,0,0,1,0,0
deu_test_track_b_02511,0,0,0,0,2,0
deu_test_track_b_02512,2,1,0,0,0,0
deu_test_track_b_02513,0,0,0,0,1,0
deu_test_track_b_02514,0,0,0,0,0,0
deu_test_track_b_02515,0,0,0,0,1,0
deu_test_track_b_02516,1,1,0,0,1,0
deu_test_track_b_02517,0,0,0,0,0,0
deu_test_track_b_02518,1,1,0,0,0,0
deu_test_track_b_02519,1,0,0,0,0,0
deu_test_track_b_02520,0,0,0,1,0,0
deu_test_track_b_02521,0,0,0,1,0,0
deu_test_track_b_02522,0,0,0,1,0,0
deu_test_track_b_02523,0,0,0,0,1,0
deu_test_track_b_02524,2,1,0,0,0,0
deu_test_track_b_02525,0,0,1,0,1,0
deu_test_track_b_02526,1,1,0,0,1,0
deu_test_track_b_02527,0,0,0,0,2,0
deu_test_track_b_02528,1,2,0,0,0,0
deu_test_track_b_02529,0,0,0,1,0,0
deu_test_track_b_02530,0,0,1,0,0,0
deu_test_track_b_02531,0,1,0,0,0,0
deu_test_track_b_02532,0,0,0,0,0,0
deu_test_track_b_02533,2,1,0,0,1,0
deu_test_track_b_02534,2,1,0,0,0,0
deu_test_track_b_02535,1,2,0,0,2,0
deu_test_track_b_02536,1,1,0,0,0,0
deu_test_track_b_02537,0,0,0,0,0,0
deu_test_track_b_02538,1,0,0,0,0,0
deu_test_track_b_02539,2,1,0,0,0,0
deu_test_track_b_02540,0,1,0,0,0,0
deu_test_track_b_02541,0,0,0,0,0,0
deu_test_track_b_02542,0,0,0,2,0,0
deu_test_track_b_02543,1,1,0,0,0,0
deu_test_track_b_02544,0,0,0,2,0,0
deu_test_track_b_02545,0,0,0,0,3,0
deu_test_track_b_02546,0,0,0,0,1,0
deu_test_track_b_02547,2,1,0,0,0,0
deu_test_track_b_02548,0,0,0,0,0,0
deu_test_track_b_02549,0,0,0,0,0,0
deu_test_track_b_02550,0,0,0,0,0,0
deu_test_track_b_02551,1,1,0,0,0,0
deu_test_track_b_02552,2,1,0,0,0,0
deu_test_track_b_02553,1,1,0,0,0,0
deu_test_track_b_02554,0,1,0,1,0,1
deu_test_track_b_02555,2,2,0,0,0,0
deu_test_track_b_02556,0,0,0,0,0,0
deu_test_track_b_02557,0,0,0,0,0,0
deu_test_track_b_02558,0,0,0,0,0,0
deu_test_track_b_02559,2,2,0,0,0,0
deu_test_track_b_02560,2,1,0,0,2,0
deu_test_track_b_02561,0,0,0,0,0,0
deu_test_track_b_02562,0,0,0,1,0,0
deu_test_track_b_02563,1,2,0,0,0,1
deu_test_track_b_02564,0,1,0,0,0,0
deu_test_track_b_02565,2,1,0,0,0,0
deu_test_track_b_02566,1,0,0,0,0,0
deu_test_track_b_02567,0,0,0,0,0,0
deu_test_track_b_02568,0,0,0,0,1,0
deu_test_track_b_02569,0,0,0,1,1,0
deu_test_track_b_02570,0,0,0,0,0,0
deu_test_track_b_02571,0,0,0,0,0,0
deu_test_track_b_02572,2,1,0,0,0,0
deu_test_track_b_02573,0,0,0,0,1,0
deu_test_track_b_02574,0,2,0,0,2,0
deu_test_track_b_02575,0,0,0,0,0,0
deu_test_track_b_02576,0,0,0,0,0,0
deu_test_track_b_02577,0,0,0,0,0,0
deu_test_track_b_02578,2,1,0,0,1,0
deu_test_track_b_02579,0,0,0,1,0,0
deu_test_track_b_02580,0,0,0,1,0,0
deu_test_track_b_02581,1,1,0,0,0,0
deu_test_track_b_02582,0,1,0,0,0,0
deu_test_track_b_02583,0,0,0,1,0,0
deu_test_track_b_02584,0,0,0,2,0,0
deu_test_track_b_02585,0,0,0,0,0,0
deu_test_track_b_02586,1,1,0,0,0,0
deu_test_track_b_02587,0,0,0,0,0,0
deu_test_track_b_02588,0,1,0,0,0,0
deu_test_track_b_02589,0,0,0,2,0,0
deu_test_track_b_02590,0,0,1,0,1,0
deu_test_track_b_02591,0,0,1,0,0,0
deu_test_track_b_02592,0,0,0,0,0,0
deu_test_track_b_02593,0,0,0,0,0,0
deu_test_track_b_02594,1,1,0,0,0,1
deu_test_track_b_02595,1,0,0,0,1,0
deu_test_track_b_02596,0,1,0,0,0,0
deu_test_track_b_02597,0,0,0,0,0,1
deu_test_track_b_02598,0,0,0,1,0,0
deu_test_track_b_02599,1,1,0,0,2,0
deu_test_track_b_02600,2,0,0,0,0,0
deu_test_track_b_02601,0,0,0,0,0,0
deu_test_track_b_02602,2,2,0,0,0,0
deu_test_track_b_02603,0,0,0,0,0,0
deu_test_track_b_02604,1,2,0,0,0,0
