id,anger,disgust,fear,joy,sadness,surprise
ptbr_test_track_b_00001,2,0,0,0,1,0
ptbr_test_track_b_00002,0,0,0,1,0,0
ptbr_test_track_b_00003,0,0,0,0,0,0
ptbr_test_track_b_00004,0,0,0,0,0,0
ptbr_test_track_b_00005,0,0,0,2,0,0
ptbr_test_track_b_00006,0,0,0,0,0,0
ptbr_test_track_b_00007,0,0,0,0,0,0
ptbr_test_track_b_00008,0,0,0,0,0,0
ptbr_test_track_b_00009,0,0,0,0,1,0
ptbr_test_track_b_00010,0,0,0,1,0,0
ptbr_test_track_b_00011,0,0,0,2,0,1
ptbr_test_track_b_00012,0,0,0,0,0,0
ptbr_test_track_b_00013,0,0,0,0,1,0
ptbr_test_track_b_00014,1,0,0,0,0,0
ptbr_test_track_b_00015,2,0,0,0,0,0
ptbr_test_track_b_00016,0,0,0,0,0,0
ptbr_test_track_b_00017,0,0,0,2,0,0
ptbr_test_track_b_00018,0,0,0,2,0,0
ptbr_test_track_b_00019,0,0,0,0,0,0
ptbr_test_track_b_00020,0,0,0,2,0,0
ptbr_test_track_b_00021,0,0,1,0,0,0
ptbr_test_track_b_00022,1,0,0,0,0,0
ptbr_test_track_b_00023,1,0,0,0,1,0
ptbr_test_track_b_00024,2,0,0,0,0,0
ptbr_test_track_b_00025,1,0,0,0,1,0
ptbr_test_track_b_00026,1,0,0,0,0,0
ptbr_test_track_b_00027,2,0,0,0,0,0
ptbr_test_track_b_00028,0,0,0,0,0,1
ptbr_test_track_b_00029,0,0,0,0,0,0
ptbr_test_track_b_00030,0,0,0,0,2,0
ptbr_test_track_b_00031,0,0,0,0,0,0
ptbr_test_track_b_00032,0,0,0,2,0,0
ptbr_test_track_b_00033,0,0,0,0,2,0
ptbr_test_track_b_00034,0,0,0,1,0,0
ptbr_test_track_b_00035,1,0,0,0,0,0
ptbr_test_track_b_00036,0,0,0,0,0,0
ptbr_test_track_b_00037,1,0,0,0,0,0
ptbr_test_track_b_00038,0,0,0,1,0,0
ptbr_test_track_b_00039,1,0,0,0,0,0
ptbr_test_track_b_00040,0,0,0,1,0,0
ptbr_test_track_b_00041,1,0,0,1,1,0
ptbr_test_track_b_00042,0,0,0,0,2,0
ptbr_test_track_b_00043,2,0,0,0,0,0
ptbr_test_track_b_00044,0,0,0,2,0,0
ptbr_test_track_b_00045,2,0,0,0,0,0
ptbr_test_track_b_00046,0,0,1,0,0,0
ptbr_test_track_b_00047,0,0,0,2,0,0
ptbr_test_track_b_00048,0,0,0,0,1,0
ptbr_test_track_b_00049,0,0,0,0,1,0
ptbr_test_track_b_00050,0,0,0,0,0,0
ptbr_test_track_b_00051,0,0,0,1,0,0
ptbr_test_track_b_00052,0,0,0,0,0,0
ptbr_test_track_b_00053,2,0,0,0,0,0
ptbr_test_track_b_00054,0,0,0,0,0,0
ptbr_test_track_b_00055,1,0,0,0,0,0
ptbr_test_track_b_00056,0,0,0,0,0,0
ptbr_test_track_b_00057,0,0,0,2,0,0
ptbr_test_track_b_00058,0,0,0,0,0,0
ptbr_test_track_b_00059,0,0,0,0,1,0
ptbr_test_track_b_00060,2,0,0,0,0,0
ptbr_test_track_b_00061,0,0,0,0,0,0
ptbr_test_track_b_00062,1,0,0,0,0,0
ptbr_test_track_b_00063,0,0,0,0,0,0
ptbr_test_track_b_00064,2,0,0,0,0,0
ptbr_test_track_b_00065,1,0,0,1,0,0
ptbr_test_track_b_00066,1,0,0,0,1,0
ptbr_test_track_b_00067,0,0,0,1,0,0
ptbr_test_track_b_00068,0,0,0,1,0,0
ptbr_test_track_b_00069,1,0,0,0,0,0
ptbr_test_track_b_00070,0,0,0,2,0,0
ptbr_test_track_b_00071,0,0,0,2,0,0
ptbr_test_track_b_00072,0,0,0,0,0,0
ptbr_test_track_b_00073,1,0,0,0,1,0
ptbr_test_track_b_00074,0,0,0,0,0,0
ptbr_test_track_b_00075,0,0,0,0,0,0
ptbr_test_track_b_00076,0,0,0,1,0,0
ptbr_test_track_b_00077,0,0,0,0,0,0
ptbr_test_track_b_00078,1,0,0,0,0,0
ptbr_test_track_b_00079,2,0,0,0,0,0
ptbr_test_track_b_00080,0,0,1,0,0,0
ptbr_test_track_b_00081,0,0,2,0,0,0
ptbr_test_track_b_00082,0,0,0,0,0,0
ptbr_test_track_b_00083,0,0,0,0,0,0
ptbr_test_track_b_00084,0,0,0,0,1,0
ptbr_test_track_b_00085,0,0,0,0,0,1
ptbr_test_track_b_00086,1,0,0,2,0,0
ptbr_test_track_b_00087,0,0,0,0,0,0
ptbr_test_track_b_00088,2,0,0,0,0,0
ptbr_test_track_b_00089,2,0,0,0,0,0
ptbr_test_track_b_00090,1,0,0,0,0,0
ptbr_test_track_b_00091,0,0,0,0,0,0
ptbr_test_track_b_00092,0,0,0,0,0,0
ptbr_test_track_b_00093,1,0,0,0,0,0
ptbr_test_track_b_00094,0,0,0,0,0,0
ptbr_test_track_b_00095,0,0,0,2,0,0
ptbr_test_track_b_00096,0,0,0,0,0,0
ptbr_test_track_b_00097,3,0,0,0,0,0
ptbr_test_track_b_00098,0,0,0,2,0,0
ptbr_test_track_b_00099,0,0,0,0,0,0
ptbr_test_track_b_00100,1,0,0,0,0,0
ptbr_test_track_b_00101,1,0,0,0,0,0
ptbr_test_track_b_00102,0,0,0,1,0,0
ptbr_test_track_b_00103,0,0,0,0,0,0
ptbr_test_track_b_00104,0,0,0,0,1,0
ptbr_test_track_b_00105,0,0,0,0,0,0
ptbr_test_track_b_00106,0,0,0,0,0,0
ptbr_test_track_b_00107,0,0,0,2,0,0
ptbr_test_track_b_00108,0,0,1,0,0,0
ptbr_test_track_b_00109,1,0,0,0,0,0
ptbr_test_track_b_00110,0,0,0,0,0,0
ptbr_test_track_b_00111,1,0,0,0,0,0
ptbr_test_track_b_00112,0,0,0,0,0,0
ptbr_test_track_b_00113,2,0,0,0,0,0
ptbr_test_track_b_00114,0,0,0,0,0,0
ptbr_test_track_b_00115,0,0,0,2,0,0
ptbr_test_track_b_00116,0,0,0,0,0,0
ptbr_test_track_b_00117,0,0,0,0,0,0
ptbr_test_track_b_00118,1,0,0,0,0,0
ptbr_test_track_b_00119,0,0,0,0,0,0
ptbr_test_track_b_00120,0,0,0,0,0,0
ptbr_test_track_b_00121,0,0,0,0,0,0
ptbr_test_track_b_00122,0,0,0,1,0,0
ptbr_test_track_b_00123,0,0,0,0,3,0
ptbr_test_track_b_00124,0,0,0,0,0,0
ptbr_test_track_b_00125,0,0,0,0,0,0
ptbr_test_track_b_00126,0,0,0,0,2,0
ptbr_test_track_b_00127,1,0,0,0,1,0
ptbr_test_track_b_00128,0,0,0,0,0,0
ptbr_test_track_b_00129,0,0,0,0,1,0
ptbr_test_track_b_00130,0,0,0,2,0,0
ptbr_test_track_b_00131,0,0,0,0,0,0
ptbr_test_track_b_00132,0,0,0,0,0,0
ptbr_test_track_b_00133,1,0,0,0,1,0
ptbr_test_track_b_00134,0,0,0,0,0,0
ptbr_test_track_b_00135,0,0,0,0,0,0
ptbr_test_track_b_00136,0,0,0,2,0,0
ptbr_test_track_b_00137,1,0,0,0,0,0
ptbr_test_track_b_00138,0,0,0,0,0,0
ptbr_test_track_b_00139,0,0,0,1,0,0
ptbr_test_track_b_00140,0,0,0,2,0,0
ptbr_test_track_b_00141,0,0,0,2,0,0
ptbr_test_track_b_00142,2,0,0,0,0,0
ptbr_test_track_b_00143,0,0,0,2,0,0
ptbr_test_track_b_00144,0,0,0,0,0,0
ptbr_test_track_b_00145,2,0,0,0,0,0
ptbr_test_track_b_00146,0,0,0,2,0,0
ptbr_test_track_b_00147,0,0,0,0,0,0
ptbr_test_track_b_00148,1,0,0,0,0,1
ptbr_test_track_b_00149,2,0,0,0,0,0
ptbr_test_track_b_00150,2,0,0,0,0,0
ptbr_test_track_b_00151,0,0,0,0,0,0
ptbr_test_track_b_00152,0,0,0,0,0,0
ptbr_test_track_b_00153,0,0,0,0,1,0
ptbr_test_track_b_00154,2,0,0,0,2,0
ptbr_test_track_b_00155,0,0,0,0,0,0
ptbr_test_track_b_00156,0,0,0,1,0,0
ptbr_test_track_b_00157,0,0,0,0,0,0
ptbr_test_track_b_00158,0,0,0,0,3,0
ptbr_test_track_b_00159,0,0,0,0,0,0
ptbr_test_track_b_00160,2,0,0,0,0,0
ptbr_test_track_b_00161,0,0,0,2,0,0
ptbr_test_track_b_00162,0,0,0,2,0,0
ptbr_test_track_b_00163,1,0,0,0,0,0
ptbr_test_track_b_00164,0,0,0,2,0,0
ptbr_test_track_b_00165,0,0,0,0,0,0
ptbr_test_track_b_00166,1,0,0,0,1,0
ptbr_test_track_b_00167,0,0,0,0,0,0
ptbr_test_track_b_00168,0,0,0,0,0,0
ptbr_test_track_b_00169,0,0,0,1,0,0
ptbr_test_track_b_00170,0,0,0,2,0,0
ptbr_test_track_b_00171,1,0,0,0,0,0
ptbr_test_track_b_00172,2,0,0,0,0,0
ptbr_test_track_b_00173,0,0,0,0,0,0
ptbr_test_track_b_00174,1,0,0,0,0,1
ptbr_test_track_b_00175,1,0,0,0,0,0
ptbr_test_track_b_00176,0,0,0,0,0,1
ptbr_test_track_b_00177,0,0,0,0,0,0
ptbr_test_track_b_00178,1,0,0,0,0,0
ptbr_test_track_b_00179,0,0,0,0,0,0
ptbr_test_track_b_00180,1,0,0,0,0,0
ptbr_test_track_b_00181,0,0,0,0,0,0
ptbr_test_track_b_00182,1,0,0,0,0,0
ptbr_test_track_b_00183,0,0,0,2,0,0
ptbr_test_track_b_00184,0,0,0,0,0,0
ptbr_test_track_b_00185,0,0,0,1,0,0
ptbr_test_track_b_00186,0,0,0,2,0,0
ptbr_test_track_b_00187,0,0,0,0,0,0
ptbr_test_track_b_00188,0,0,0,0,1,0
ptbr_test_track_b_00189,0,0,0,1,0,0
ptbr_test_track_b_00190,2,0,1,0,0,0
ptbr_test_track_b_00191,2,0,0,0,0,0
ptbr_test_track_b_00192,1,0,0,0,0,0
ptbr_test_track_b_00193,0,0,0,0,0,0
ptbr_test_track_b_00194,1,0,0,0,0,1
ptbr_test_track_b_00195,0,0,0,1,0,0
ptbr_test_track_b_00196,0,0,0,0,0,0
ptbr_test_track_b_00197,0,0,0,1,0,0
ptbr_test_track_b_00198,0,0,0,0,0,0
ptbr_test_track_b_00199,0,0,0,2,0,0
ptbr_test_track_b_00200,0,0,0,0,0,0
ptbr_test_track_b_00201,0,0,0,0,0,1
ptbr_test_track_b_00202,0,0,0,1,0,0
ptbr_test_track_b_00203,0,0,0,1,0,0
ptbr_test_track_b_00204,0,0,0,0,0,0
ptbr_test_track_b_00205,0,0,0,0,1,0
ptbr_test_track_b_00206,0,0,0,0,0,2
ptbr_test_track_b_00207,0,0,0,2,0,0
ptbr_test_track_b_00208,1,0,0,0,0,0
ptbr_test_track_b_00209,0,0,0,0,0,0
ptbr_test_track_b_00210,0,0,0,2,0,0
ptbr_test_track_b_00211,0,0,0,0,0,0
ptbr_test_track_b_00212,0,0,0,1,0,0
ptbr_test_track_b_00213,1,0,0,0,0,0
ptbr_test_track_b_00214,0,0,0,0,0,0
ptbr_test_track_b_00215,0,0,0,0,0,0
ptbr_test_track_b_00216,2,0,0,0,2,0
ptbr_test_track_b_00217,0,0,0,0,0,0
ptbr_test_track_b_00218,0,0,0,1,0,0
ptbr_test_track_b_00219,1,0,0,0,0,0
ptbr_test_track_b_00220,0,0,0,0,0,0
ptbr_test_track_b_00221,0,0,0,0,1,0
ptbr_test_track_b_00222,0,0,0,0,0,0
ptbr_test_track_b_00223,1,0,0,0,0,0
ptbr_test_track_b_00224,0,0,0,0,1,0
ptbr_test_track_b_00225,0,0,0,0,1,0
ptbr_test_track_b_00226,2,0,0,0,0,0
ptbr_test_track_b_00227,0,0,0,0,0,0
ptbr_test_track_b_00228,0,0,0,0,0,0
ptbr_test_track_b_00229,0,0,0,2,0,0
ptbr_test_track_b_00230,0,0,0,2,0,0
ptbr_test_track_b_00231,0,0,0,0,1,0
ptbr_test_track_b_00232,1,0,0,0,0,0
ptbr_test_track_b_00233,0,0,0,0,0,0
ptbr_test_track_b_00234,1,0,0,0,0,0
ptbr_test_track_b_00235,1,0,0,0,0,0
ptbr_test_track_b_00236,0,0,0,2,0,0
ptbr_test_track_b_00237,0,0,1,0,1,0
ptbr_test_track_b_00238,0,0,0,1,0,0
ptbr_test_track_b_00239,1,0,0,0,0,0
ptbr_test_track_b_00240,2,0,0,0,0,0
ptbr_test_track_b_00241,0,0,0,0,0,0
ptbr_test_track_b_00242,0,0,0,2,0,0
ptbr_test_track_b_00243,2,0,1,0,0,0
ptbr_test_track_b_00244,0,0,0,0,0,0
ptbr_test_track_b_00245,0,0,0,1,0,0
ptbr_test_track_b_00246,1,0,0,0,0,0
ptbr_test_track_b_00247,0,0,0,0,0,0
ptbr_test_track_b_00248,0,0,0,1,0,0
ptbr_test_track_b_00249,0,0,0,2,0,0
ptbr_test_track_b_00250,0,0,0,1,0,0
ptbr_test_track_b_00251,0,0,0,0,0,1
ptbr_test_track_b_00252,0,0,0,0,0,0
ptbr_test_track_b_00253,1,0,0,0,1,0
ptbr_test_track_b_00254,0,0,0,0,2,0
ptbr_test_track_b_00255,0,0,0,2,0,0
ptbr_test_track_b_00256,1,0,0,0,0,0
ptbr_test_track_b_00257,2,0,0,0,0,0
ptbr_test_track_b_00258,1,0,0,0,0,0
ptbr_test_track_b_00259,1,0,0,0,1,0
ptbr_test_track_b_00260,0,0,0,0,0,0
ptbr_test_track_b_00261,0,0,0,0,0,0
ptbr_test_track_b_00262,0,0,0,1,0,0
ptbr_test_track_b_00263,0,0,0,2,0,0
ptbr_test_track_b_00264,0,0,0,2,0,0
ptbr_test_track_b_00265,0,0,0,1,0,0
ptbr_test_track_b_00266,0,0,0,0,0,0
ptbr_test_track_b_00267,0,0,0,0,0,3
ptbr_test_track_b_00268,0,0,0,2,0,0
ptbr_test_track_b_00269,1,0,0,0,0,0
ptbr_test_track_b_00270,0,0,0,2,0,0
ptbr_test_track_b_00271,1,0,0,0,0,0
ptbr_test_track_b_00272,0,0,0,1,0,0
ptbr_test_track_b_00273,0,0,0,0,0,0
ptbr_test_track_b_00274,0,0,0,0,0,0
ptbr_test_track_b_00275,0,0,0,1,0,0
ptbr_test_track_b_00276,0,0,0,1,0,0
ptbr_test_track_b_00277,0,0,0,2,0,0
ptbr_test_track_b_00278,0,0,0,0,0,0
ptbr_test_track_b_00279,0,0,0,2,0,0
ptbr_test_track_b_00280,0,0,0,0,0,0
ptbr_test_track_b_00281,1,0,0,0,0,0
ptbr_test_track_b_00282,0,0,0,1,0,0
ptbr_test_track_b_00283,0,0,0,0,0,0
ptbr_test_track_b_00284,1,0,0,0,0,0
ptbr_test_track_b_00285,0,0,0,0,0,0
ptbr_test_track_b_00286,0,0,0,1,0,0
ptbr_test_track_b_00287,0,0,0,2,0,0
ptbr_test_track_b_00288,0,0,0,0,0,0
ptbr_test_track_b_00289,2,0,0,0,0,0
ptbr_test_track_b_00290,0,0,0,1,0,0
ptbr_test_track_b_00291,1,0,0,0,0,0
ptbr_test_track_b_00292,0,0,0,0,1,0
ptbr_test_track_b_00293,0,0,0,0,0,0
ptbr_test_track_b_00294,1,0,0,0,0,0
ptbr_test_track_b_00295,0,0,0,2,0,0
ptbr_test_track_b_00296,1,0,0,0,0,0
ptbr_test_track_b_00297,0,0,0,0,0,0
ptbr_test_track_b_00298,0,0,0,1,0,0
ptbr_test_track_b_00299,0,0,0,0,0,0
ptbr_test_track_b_00300,0,0,0,0,1,0
ptbr_test_track_b_00301,0,0,0,1,0,0
ptbr_test_track_b_00302,0,0,0,0,0,0
ptbr_test_track_b_00303,0,0,2,0,1,0
ptbr_test_track_b_00304,0,0,0,1,0,0
ptbr_test_track_b_00305,0,0,0,0,2,0
ptbr_test_track_b_00306,1,0,0,0,0,0
ptbr_test_track_b_00307,0,0,0,0,0,0
ptbr_test_track_b_00308,0,0,0,0,0,0
ptbr_test_track_b_00309,0,0,0,0,0,0
ptbr_test_track_b_00310,0,0,0,0,0,0
ptbr_test_track_b_00311,0,0,0,2,0,0
ptbr_test_track_b_00312,0,0,0,2,0,0
ptbr_test_track_b_00313,0,0,0,0,0,0
ptbr_test_track_b_00314,0,0,0,0,0,0
ptbr_test_track_b_00315,2,0,0,0,0,0
ptbr_test_track_b_00316,0,0,0,0,3,0
ptbr_test_track_b_00317,0,0,0,0,1,0
ptbr_test_track_b_00318,2,0,0,0,0,0
ptbr_test_track_b_00319,0,0,0,0,0,0
ptbr_test_track_b_00320,0,0,0,0,0,0
ptbr_test_track_b_00321,0,0,0,1,0,0
ptbr_test_track_b_00322,1,0,0,0,0,0
ptbr_test_track_b_00323,2,0,0,0,0,0
ptbr_test_track_b_00324,0,0,0,2,0,0
ptbr_test_track_b_00325,0,0,0,0,0,0
ptbr_test_track_b_00326,2,0,0,0,0,0
ptbr_test_track_b_00327,0,0,0,2,0,0
ptbr_test_track_b_00328,1,0,0,0,0,0
ptbr_test_track_b_00329,1,0,0,0,0,0
ptbr_test_track_b_00330,0,0,0,0,0,0
ptbr_test_track_b_00331,0,0,0,0,0,0
ptbr_test_track_b_00332,0,0,0,0,0,0
ptbr_test_track_b_00333,0,0,0,0,0,0
ptbr_test_track_b_00334,2,0,0,0,0,0
ptbr_test_track_b_00335,0,0,0,0,0,0
ptbr_test_track_b_00336,0,0,0,1,0,0
ptbr_test_track_b_00337,0,0,1,0,0,0
ptbr_test_track_b_00338,1,0,0,0,0,0
ptbr_test_track_b_00339,1,0,0,0,0,0
ptbr_test_track_b_00340,0,0,0,0,1,0
ptbr_test_track_b_00341,1,0,0,0,0,0
ptbr_test_track_b_00342,0,0,0,0,0,0
ptbr_test_track_b_00343,0,0,0,0,0,1
ptbr_test_track_b_00344,0,0,0,0,0,0
ptbr_test_track_b_00345,0,0,0,2,0,0
ptbr_test_track_b_00346,1,0,0,0,0,0
ptbr_test_track_b_00347,0,0,0,0,0,0
ptbr_test_track_b_00348,0,0,0,0,0,0
ptbr_test_track_b_00349,0,0,0,0,0,0
ptbr_test_track_b_00350,0,0,0,1,0,0
ptbr_test_track_b_00351,2,0,0,0,0,0
ptbr_test_track_b_00352,0,0,0,0,0,0
ptbr_test_track_b_00353,1,0,0,0,0,0
ptbr_test_track_b_00354,1,0,0,0,1,0
ptbr_test_track_b_00355,1,0,1,0,0,0
ptbr_test_track_b_00356,2,0,0,0,0,0
ptbr_test_track_b_00357,2,0,0,0,0,0
ptbr_test_track_b_00358,0,0,0,0,3,0
ptbr_test_track_b_00359,2,0,0,0,0,0
ptbr_test_track_b_00360,2,0,0,0,0,0
ptbr_test_track_b_00361,0,0,0,3,0,0
ptbr_test_track_b_00362,1,0,0,0,0,0
ptbr_test_track_b_00363,0,0,0,0,0,0
ptbr_test_track_b_00364,0,0,0,2,0,0
ptbr_test_track_b_00365,1,0,0,0,0,0
ptbr_test_track_b_00366,1,0,0,0,0,0
ptbr_test_track_b_00367,0,0,0,2,0,0
ptbr_test_track_b_00368,0,0,0,2,0,0
ptbr_test_track_b_00369,0,0,0,0,0,1
ptbr_test_track_b_00370,2,0,0,0,0,0
ptbr_test_track_b_00371,0,0,0,0,0,0
ptbr_test_track_b_00372,1,0,0,0,0,0
ptbr_test_track_b_00373,0,0,0,0,0,0
ptbr_test_track_b_00374,0,0,0,0,1,0
ptbr_test_track_b_00375,2,0,0,0,0,0
ptbr_test_track_b_00376,1,0,0,0,0,0
ptbr_test_track_b_00377,0,0,0,2,0,0
ptbr_test_track_b_00378,0,0,0,0,0,0
ptbr_test_track_b_00379,0,0,0,0,0,0
ptbr_test_track_b_00380,1,0,0,0,0,0
ptbr_test_track_b_00381,2,0,0,0,0,0
ptbr_test_track_b_00382,0,0,0,2,0,0
ptbr_test_track_b_00383,0,0,0,0,0,0
ptbr_test_track_b_00384,0,0,0,0,0,0
ptbr_test_track_b_00385,0,0,0,0,0,0
ptbr_test_track_b_00386,1,0,0,0,1,0
ptbr_test_track_b_00387,0,0,0,0,0,0
ptbr_test_track_b_00388,0,0,0,0,0,0
ptbr_test_track_b_00389,2,0,0,0,0,0
ptbr_test_track_b_00390,2,0,0,0,0,0
ptbr_test_track_b_00391,0,0,0,1,0,0
ptbr_test_track_b_00392,0,0,0,2,0,0
ptbr_test_track_b_00393,0,0,0,1,0,0
ptbr_test_track_b_00394,0,0,0,2,0,0
ptbr_test_track_b_00395,1,0,0,0,0,0
ptbr_test_track_b_00396,0,0,0,0,0,0
ptbr_test_track_b_00397,0,0,0,2,0,1
ptbr_test_track_b_00398,1,0,0,0,0,0
ptbr_test_track_b_00399,2,0,0,0,0,0
ptbr_test_track_b_00400,0,0,0,0,0,0
ptbr_test_track_b_00401,2,0,0,0,0,0
ptbr_test_track_b_00402,0,0,0,0,0,1
ptbr_test_track_b_00403,0,0,0,0,0,0
ptbr_test_track_b_00404,0,0,0,0,0,0
ptbr_test_track_b_00405,0,0,0,0,2,0
ptbr_test_track_b_00406,0,0,0,0,0,0
ptbr_test_track_b_00407,0,0,0,2,2,0
ptbr_test_track_b_00408,1,0,0,0,0,0
ptbr_test_track_b_00409,0,0,0,0,0,0
ptbr_test_track_b_00410,0,0,0,2,0,0
ptbr_test_track_b_00411,0,0,0,3,0,0
ptbr_test_track_b_00412,0,0,0,0,0,0
ptbr_test_track_b_00413,1,0,0,0,0,0
ptbr_test_track_b_00414,0,0,0,0,0,0
ptbr_test_track_b_00415,0,0,0,0,0,0
ptbr_test_track_b_00416,0,0,0,0,0,0
ptbr_test_track_b_00417,0,0,0,0,0,0
ptbr_test_track_b_00418,1,0,0,0,0,0
ptbr_test_track_b_00419,0,0,0,2,0,0
ptbr_test_track_b_00420,0,0,0,0,2,0
ptbr_test_track_b_00421,0,0,0,0,0,0
ptbr_test_track_b_00422,0,0,0,0,0,0
ptbr_test_track_b_00423,0,0,0,0,0,0
ptbr_test_track_b_00424,0,0,0,0,0,0
ptbr_test_track_b_00425,0,0,0,0,0,0
ptbr_test_track_b_00426,1,0,0,0,1,0
ptbr_test_track_b_00427,0,0,0,0,0,0
ptbr_test_track_b_00428,0,0,0,0,2,0
ptbr_test_track_b_00429,0,0,0,2,0,0
ptbr_test_track_b_00430,0,0,0,0,0,0
ptbr_test_track_b_00431,0,0,0,0,0,0
ptbr_test_track_b_00432,2,0,0,0,0,0
ptbr_test_track_b_00433,1,0,0,0,0,2
ptbr_test_track_b_00434,0,0,0,0,0,0
ptbr_test_track_b_00435,1,0,0,0,0,0
ptbr_test_track_b_00436,0,0,0,0,0,0
ptbr_test_track_b_00437,0,0,0,0,1,0
ptbr_test_track_b_00438,1,0,0,0,0,0
ptbr_test_track_b_00439,0,0,0,0,0,0
ptbr_test_track_b_00440,0,0,0,2,0,0
ptbr_test_track_b_00441,2,0,0,0,0,0
ptbr_test_track_b_00442,0,0,0,0,0,0
ptbr_test_track_b_00443,0,0,0,0,0,0
ptbr_test_track_b_00444,0,0,0,1,0,0
ptbr_test_track_b_00445,0,0,0,2,0,0
ptbr_test_track_b_00446,0,0,0,0,0,0
ptbr_test_track_b_00447,0,0,0,2,0,0
ptbr_test_track_b_00448,0,0,0,0,0,0
ptbr_test_track_b_00449,0,0,0,0,1,0
ptbr_test_track_b_00450,0,0,0,0,0,0
ptbr_test_track_b_00451,1,0,0,0,0,0
ptbr_test_track_b_00452,1,0,0,0,0,1
ptbr_test_track_b_00453,0,0,0,0,0,0
ptbr_test_track_b_00454,0,0,0,0,0,0
ptbr_test_track_b_00455,0,0,0,0,0,0
ptbr_test_track_b_00456,0,0,0,2,0,0
ptbr_test_track_b_00457,0,0,1,0,0,0
ptbr_test_track_b_00458,0,0,0,0,0,0
ptbr_test_track_b_00459,1,0,0,0,0,0
ptbr_test_track_b_00460,0,0,0,0,0,0
ptbr_test_track_b_00461,1,0,0,0,0,0
ptbr_test_track_b_00462,1,0,0,0,0,0
ptbr_test_track_b_00463,0,0,0,0,0,0
ptbr_test_track_b_00464,0,0,0,0,0,0
ptbr_test_track_b_00465,1,0,0,0,1,0
ptbr_test_track_b_00466,1,0,0,0,0,0
ptbr_test_track_b_00467,0,0,0,0,0,0
ptbr_test_track_b_00468,0,0,0,0,0,0
ptbr_test_track_b_00469,0,0,0,0,0,0
ptbr_test_track_b_00470,0,0,0,0,0,0
ptbr_test_track_b_00471,2,0,0,0,0,0
ptbr_test_track_b_00472,0,0,0,0,0,0
ptbr_test_track_b_00473,1,0,0,0,0,0
ptbr_test_track_b_00474,0,0,0,0,0,0
ptbr_test_track_b_00475,1,0,0,0,0,0
ptbr_test_track_b_00476,3,0,0,0,0,0
ptbr_test_track_b_00477,1,0,0,0,0,0
ptbr_test_track_b_00478,0,0,0,0,0,0
ptbr_test_track_b_00479,1,0,0,0,0,0
ptbr_test_track_b_00480,1,0,0,0,0,0
ptbr_test_track_b_00481,0,0,0,0,0,0
ptbr_test_track_b_00482,3,0,0,0,0,0
ptbr_test_track_b_00483,0,0,0,0,1,0
ptbr_test_track_b_00484,0,0,0,0,0,0
ptbr_test_track_b_00485,0,0,0,1,0,0
ptbr_test_track_b_00486,0,0,0,0,3,0
ptbr_test_track_b_00487,0,0,0,2,0,0
ptbr_test_track_b_00488,0,0,0,1,0,0
ptbr_test_track_b_00489,2,0,0,0,0,0
ptbr_test_track_b_00490,0,0,0,1,0,0
ptbr_test_track_b_00491,0,0,0,1,0,0
ptbr_test_track_b_00492,1,0,0,0,0,0
ptbr_test_track_b_00493,1,0,0,0,0,1
ptbr_test_track_b_00494,1,0,0,0,0,0
ptbr_test_track_b_00495,0,0,0,0,0,1
ptbr_test_track_b_00496,0,0,0,1,0,0
ptbr_test_track_b_00497,1,0,0,0,0,0
ptbr_test_track_b_00498,2,0,0,0,0,0
ptbr_test_track_b_00499,0,0,0,0,0,0
ptbr_test_track_b_00500,0,0,0,0,0,0
ptbr_test_track_b_00501,0,0,0,1,0,0
ptbr_test_track_b_00502,0,0,0,0,2,0
ptbr_test_track_b_00503,0,0,0,0,0,1
ptbr_test_track_b_00504,0,0,0,0,1,0
ptbr_test_track_b_00505,0,0,0,2,0,0
ptbr_test_track_b_00506,0,0,0,0,0,0
ptbr_test_track_b_00507,1,0,0,0,0,0
ptbr_test_track_b_00508,1,0,0,0,0,0
ptbr_test_track_b_00509,1,0,0,0,0,0
ptbr_test_track_b_00510,1,0,0,0,1,0
ptbr_test_track_b_00511,0,0,0,0,0,0
ptbr_test_track_b_00512,0,0,0,2,0,0
ptbr_test_track_b_00513,0,0,0,2,0,1
ptbr_test_track_b_00514,0,0,0,0,1,0
ptbr_test_track_b_00515,0,0,0,0,0,0
ptbr_test_track_b_00516,1,0,0,1,0,0
ptbr_test_track_b_00517,0,0,0,0,2,0
ptbr_test_track_b_00518,1,0,0,0,0,0
ptbr_test_track_b_00519,1,0,0,0,0,0
ptbr_test_track_b_00520,2,0,0,0,0,0
ptbr_test_track_b_00521,0,0,0,0,0,0
ptbr_test_track_b_00522,1,0,0,0,0,0
ptbr_test_track_b_00523,0,0,0,2,0,0
ptbr_test_track_b_00524,0,0,0,0,0,0
ptbr_test_track_b_00525,1,0,0,0,0,0
ptbr_test_track_b_00526,2,0,0,0,0,0
ptbr_test_track_b_00527,0,0,0,0,0,0
ptbr_test_track_b_00528,0,0,0,0,0,0
ptbr_test_track_b_00529,0,0,0,1,0,0
ptbr_test_track_b_00530,0,0,0,1,0,0
ptbr_test_track_b_00531,0,0,0,1,0,0
ptbr_test_track_b_00532,0,0,0,0,0,0
ptbr_test_track_b_00533,1,0,0,0,0,0
ptbr_test_track_b_00534,1,0,0,0,0,0
ptbr_test_track_b_00535,2,0,0,0,0,0
ptbr_test_track_b_00536,0,0,0,2,0,0
ptbr_test_track_b_00537,2,0,0,0,0,0
ptbr_test_track_b_00538,1,0,0,0,0,0
ptbr_test_track_b_00539,0,0,0,0,0,0
ptbr_test_track_b_00540,0,0,0,0,0,0
ptbr_test_track_b_00541,0,0,0,0,0,0
ptbr_test_track_b_00542,1,0,0,0,0,0
ptbr_test_track_b_00543,0,0,0,0,1,0
ptbr_test_track_b_00544,0,0,0,1,0,0
ptbr_test_track_b_00545,0,0,0,1,0,0
ptbr_test_track_b_00546,2,0,0,0,0,0
ptbr_test_track_b_00547,0,0,0,2,0,2
ptbr_test_track_b_00548,1,0,0,0,0,0
ptbr_test_track_b_00549,1,0,0,0,0,0
ptbr_test_track_b_00550,0,0,0,0,2,0
ptbr_test_track_b_00551,1,0,0,0,0,0
ptbr_test_track_b_00552,1,0,0,0,0,0
ptbr_test_track_b_00553,0,0,0,0,0,0
ptbr_test_track_b_00554,0,0,0,2,0,0
ptbr_test_track_b_00555,0,0,0,0,0,1
ptbr_test_track_b_00556,0,0,0,2,0,0
ptbr_test_track_b_00557,0,0,0,0,0,0
ptbr_test_track_b_00558,1,0,0,0,0,0
ptbr_test_track_b_00559,0,0,0,1,0,0
ptbr_test_track_b_00560,0,0,0,0,1,0
ptbr_test_track_b_00561,1,0,0,0,0,0
ptbr_test_track_b_00562,0,0,0,1,0,0
ptbr_test_track_b_00563,1,0,1,0,0,0
ptbr_test_track_b_00564,1,0,0,0,0,1
ptbr_test_track_b_00565,0,0,0,0,0,0
ptbr_test_track_b_00566,1,0,0,0,0,1
ptbr_test_track_b_00567,0,0,0,0,0,0
ptbr_test_track_b_00568,0,0,0,0,0,0
ptbr_test_track_b_00569,0,0,0,1,0,0
ptbr_test_track_b_00570,0,0,0,0,2,0
ptbr_test_track_b_00571,1,0,0,0,0,0
ptbr_test_track_b_00572,0,0,0,0,0,0
ptbr_test_track_b_00573,0,0,0,0,0,0
ptbr_test_track_b_00574,0,0,1,0,2,0
ptbr_test_track_b_00575,0,0,0,0,0,0
ptbr_test_track_b_00576,1,0,0,0,0,0
ptbr_test_track_b_00577,0,0,0,2,0,0
ptbr_test_track_b_00578,0,0,0,0,1,0
ptbr_test_track_b_00579,0,0,0,0,0,0
ptbr_test_track_b_00580,0,0,0,0,0,0
ptbr_test_track_b_00581,0,0,0,0,0,0
ptbr_test_track_b_00582,0,0,0,0,0,0
ptbr_test_track_b_00583,0,0,0,0,0,0
ptbr_test_track_b_00584,2,0,0,0,0,0
ptbr_test_track_b_00585,1,0,0,0,0,0
ptbr_test_track_b_00586,0,0,0,1,0,0
ptbr_test_track_b_00587,0,0,0,0,0,0
ptbr_test_track_b_00588,0,0,0,0,1,0
ptbr_test_track_b_00589,0,0,0,2,0,0
ptbr_test_track_b_00590,0,0,0,0,0,0
ptbr_test_track_b_00591,2,0,0,0,1,0
ptbr_test_track_b_00592,1,0,0,0,0,0
ptbr_test_track_b_00593,0,0,0,0,0,0
ptbr_test_track_b_00594,0,0,0,2,0,0
ptbr_test_track_b_00595,0,0,0,2,0,0
ptbr_test_track_b_00596,0,0,0,0,0,0
ptbr_test_track_b_00597,0,0,0,0,0,0
ptbr_test_track_b_00598,0,0,0,1,0,0
ptbr_test_track_b_00599,0,0,1,0,0,1
ptbr_test_track_b_00600,0,0,0,2,0,0
ptbr_test_track_b_00601,0,0,0,0,0,0
ptbr_test_track_b_00602,0,0,0,1,0,0
ptbr_test_track_b_00603,0,0,0,0,0,0
ptbr_test_track_b_00604,0,0,0,0,3,0
ptbr_test_track_b_00605,1,0,0,0,0,0
ptbr_test_track_b_00606,0,0,0,2,0,0
ptbr_test_track_b_00607,1,0,0,0,0,0
ptbr_test_track_b_00608,0,0,0,1,0,0
ptbr_test_track_b_00609,1,0,0,0,0,0
ptbr_test_track_b_00610,0,0,0,1,0,0
ptbr_test_track_b_00611,0,0,0,2,0,0
ptbr_test_track_b_00612,0,0,0,0,0,0
ptbr_test_track_b_00613,0,0,0,0,0,0
ptbr_test_track_b_00614,2,0,0,0,0,0
ptbr_test_track_b_00615,0,0,0,1,0,0
ptbr_test_track_b_00616,2,0,0,0,0,0
ptbr_test_track_b_00617,0,0,0,0,0,0
ptbr_test_track_b_00618,0,0,0,0,0,0
ptbr_test_track_b_00619,0,0,0,1,0,0
ptbr_test_track_b_00620,1,0,0,0,0,0
ptbr_test_track_b_00621,2,0,0,0,0,0
ptbr_test_track_b_00622,2,0,0,0,0,2
ptbr_test_track_b_00623,0,0,0,0,0,0
ptbr_test_track_b_00624,0,0,0,1,0,0
ptbr_test_track_b_00625,0,0,0,2,0,0
ptbr_test_track_b_00626,0,0,0,0,0,0
ptbr_test_track_b_00627,0,0,0,0,0,0
ptbr_test_track_b_00628,0,0,0,0,0,0
ptbr_test_track_b_00629,1,0,0,0,0,0
ptbr_test_track_b_00630,0,0,0,1,0,0
ptbr_test_track_b_00631,0,0,0,0,0,0
ptbr_test_track_b_00632,0,0,0,0,0,0
ptbr_test_track_b_00633,0,0,0,2,0,0
ptbr_test_track_b_00634,0,0,0,0,0,0
ptbr_test_track_b_00635,0,0,0,3,0,0
ptbr_test_track_b_00636,0,0,0,0,0,0
ptbr_test_track_b_00637,0,0,0,0,0,0
ptbr_test_track_b_00638,0,0,0,0,0,0
ptbr_test_track_b_00639,2,0,0,0,0,0
ptbr_test_track_b_00640,0,0,1,0,0,0
ptbr_test_track_b_00641,1,0,0,0,0,0
ptbr_test_track_b_00642,0,0,1,0,0,0
ptbr_test_track_b_00643,0,0,0,0,0,2
ptbr_test_track_b_00644,0,0,0,0,0,0
ptbr_test_track_b_00645,0,0,0,2,0,0
ptbr_test_track_b_00646,0,0,0,0,2,0
ptbr_test_track_b_00647,0,0,0,0,0,0
ptbr_test_track_b_00648,1,0,0,0,0,0
ptbr_test_track_b_00649,0,0,0,1,0,0
ptbr_test_track_b_00650,0,0,0,0,0,0
ptbr_test_track_b_00651,0,0,0,0,1,0
ptbr_test_track_b_00652,0,0,0,0,1,0
ptbr_test_track_b_00653,0,0,0,0,0,0
ptbr_test_track_b_00654,2,0,0,0,0,0
ptbr_test_track_b_00655,0,0,0,2,0,0
ptbr_test_track_b_00656,0,0,0,1,0,0
ptbr_test_track_b_00657,0,0,0,0,0,0
ptbr_test_track_b_00658,0,0,2,0,2,0
ptbr_test_track_b_00659,1,0,0,0,0,0
ptbr_test_track_b_00660,0,0,0,0,1,0
ptbr_test_track_b_00661,0,0,0,0,2,0
ptbr_test_track_b_00662,0,0,0,0,0,0
ptbr_test_track_b_00663,0,0,0,2,0,0
ptbr_test_track_b_00664,0,0,0,0,0,0
ptbr_test_track_b_00665,0,0,0,0,0,0
ptbr_test_track_b_00666,0,0,0,0,0,0
ptbr_test_track_b_00667,0,0,0,0,0,0
ptbr_test_track_b_00668,0,0,0,0,0,0
ptbr_test_track_b_00669,0,0,0,0,2,0
ptbr_test_track_b_00670,0,0,0,1,0,0
ptbr_test_track_b_00671,1,0,0,0,0,0
ptbr_test_track_b_00672,0,0,0,2,0,0
ptbr_test_track_b_00673,0,0,0,0,3,0
ptbr_test_track_b_00674,0,0,0,1,0,0
ptbr_test_track_b_00675,2,0,0,0,0,0
ptbr_test_track_b_00676,0,0,0,1,0,0
ptbr_test_track_b_00677,0,0,0,2,0,0
ptbr_test_track_b_00678,1,0,0,0,0,0
ptbr_test_track_b_00679,0,0,0,0,0,0
ptbr_test_track_b_00680,0,0,0,0,0,0
ptbr_test_track_b_00681,0,0,0,0,0,0
ptbr_test_track_b_00682,0,0,0,0,2,0
ptbr_test_track_b_00683,0,0,0,0,0,0
ptbr_test_track_b_00684,2,0,0,0,0,0
ptbr_test_track_b_00685,0,0,0,1,0,0
ptbr_test_track_b_00686,0,0,0,0,0,0
ptbr_test_track_b_00687,0,0,0,0,0,0
ptbr_test_track_b_00688,3,0,0,0,0,0
ptbr_test_track_b_00689,0,0,1,0,0,0
ptbr_test_track_b_00690,0,0,0,0,0,0
ptbr_test_track_b_00691,0,0,0,1,0,0
ptbr_test_track_b_00692,0,0,0,2,0,0
ptbr_test_track_b_00693,1,0,0,0,1,0
ptbr_test_track_b_00694,0,0,0,2,0,0
ptbr_test_track_b_00695,0,0,0,0,0,0
ptbr_test_track_b_00696,0,0,0,0,0,0
ptbr_test_track_b_00697,0,0,0,1,0,0
ptbr_test_track_b_00698,0,0,0,0,0,0
ptbr_test_track_b_00699,1,0,0,0,1,0
ptbr_test_track_b_00700,0,0,0,1,0,0
ptbr_test_track_b_00701,0,0,0,0,0,0
ptbr_test_track_b_00702,0,0,0,1,0,0
ptbr_test_track_b_00703,0,0,1,0,0,0
ptbr_test_track_b_00704,1,0,0,0,0,0
ptbr_test_track_b_00705,0,0,2,0,0,0
ptbr_test_track_b_00706,0,0,0,0,0,0
ptbr_test_track_b_00707,2,0,0,0,0,0
ptbr_test_track_b_00708,0,0,0,0,0,0
ptbr_test_track_b_00709,1,0,0,0,0,0
ptbr_test_track_b_00710,0,0,0,2,0,0
ptbr_test_track_b_00711,0,0,0,1,0,0
ptbr_test_track_b_00712,0,0,0,0,0,0
ptbr_test_track_b_00713,0,0,0,0,2,0
ptbr_test_track_b_00714,0,0,0,0,0,0
ptbr_test_track_b_00715,0,0,0,1,0,0
ptbr_test_track_b_00716,0,0,0,0,1,0
ptbr_test_track_b_00717,0,0,0,1,0,1
ptbr_test_track_b_00718,1,0,0,0,0,0
ptbr_test_track_b_00719,1,0,0,0,0,1
ptbr_test_track_b_00720,0,0,0,0,3,0
ptbr_test_track_b_00721,0,0,0,0,0,0
ptbr_test_track_b_00722,1,0,0,0,0,0
ptbr_test_track_b_00723,0,0,0,0,0,0
ptbr_test_track_b_00724,0,0,1,0,0,0
ptbr_test_track_b_00725,1,0,0,0,0,0
ptbr_test_track_b_00726,0,0,0,0,0,0
ptbr_test_track_b_00727,1,0,1,0,0,0
ptbr_test_track_b_00728,0,0,1,0,0,2
ptbr_test_track_b_00729,0,0,0,0,1,0
ptbr_test_track_b_00730,0,0,0,1,0,0
ptbr_test_track_b_00731,0,0,0,2,0,0
ptbr_test_track_b_00732,1,0,0,0,0,0
ptbr_test_track_b_00733,0,0,0,0,1,0
ptbr_test_track_b_00734,0,0,0,0,0,0
ptbr_test_track_b_00735,1,0,0,0,0,0
ptbr_test_track_b_00736,0,0,0,2,0,0
ptbr_test_track_b_00737,0,0,0,1,0,0
ptbr_test_track_b_00738,0,0,0,0,0,0
ptbr_test_track_b_00739,0,0,0,0,0,0
ptbr_test_track_b_00740,0,0,0,2,0,0
ptbr_test_track_b_00741,0,0,0,2,0,2
ptbr_test_track_b_00742,0,0,0,0,0,0
ptbr_test_track_b_00743,0,0,0,0,0,0
ptbr_test_track_b_00744,1,0,0,0,1,0
ptbr_test_track_b_00745,1,0,0,0,0,0
ptbr_test_track_b_00746,0,0,0,0,0,0
ptbr_test_track_b_00747,1,0,0,0,0,0
ptbr_test_track_b_00748,0,0,0,0,0,0
ptbr_test_track_b_00749,0,0,0,0,0,0
ptbr_test_track_b_00750,1,0,0,0,0,0
ptbr_test_track_b_00751,1,0,0,0,0,0
ptbr_test_track_b_00752,0,0,1,0,0,0
ptbr_test_track_b_00753,0,0,0,0,1,0
ptbr_test_track_b_00754,0,0,0,0,0,0
ptbr_test_track_b_00755,1,0,0,0,0,0
ptbr_test_track_b_00756,0,0,0,2,0,0
ptbr_test_track_b_00757,0,0,0,0,0,0
ptbr_test_track_b_00758,0,0,0,1,1,0
ptbr_test_track_b_00759,0,0,0,0,0,0
ptbr_test_track_b_00760,0,0,0,0,0,0
ptbr_test_track_b_00761,0,0,0,0,1,0
ptbr_test_track_b_00762,0,0,0,3,0,0
ptbr_test_track_b_00763,1,0,0,0,0,0
ptbr_test_track_b_00764,0,0,0,0,1,0
ptbr_test_track_b_00765,1,0,0,0,0,0
ptbr_test_track_b_00766,0,0,0,0,0,0
ptbr_test_track_b_00767,1,0,0,0,0,0
ptbr_test_track_b_00768,0,0,0,0,1,0
ptbr_test_track_b_00769,1,0,0,0,0,0
ptbr_test_track_b_00770,0,0,0,0,0,0
ptbr_test_track_b_00771,0,0,0,2,0,0
ptbr_test_track_b_00772,0,0,0,0,0,0
ptbr_test_track_b_00773,0,0,0,2,0,0
ptbr_test_track_b_00774,0,0,0,1,0,0
ptbr_test_track_b_00775,0,0,0,1,0,0
ptbr_test_track_b_00776,1,0,0,0,1,0
ptbr_test_track_b_00777,0,0,0,0,0,0
ptbr_test_track_b_00778,0,0,0,2,0,0
ptbr_test_track_b_00779,1,0,1,0,0,0
ptbr_test_track_b_00780,0,0,0,0,0,0
ptbr_test_track_b_00781,0,0,0,0,0,0
ptbr_test_track_b_00782,0,0,0,0,0,0
ptbr_test_track_b_00783,0,0,0,0,0,1
ptbr_test_track_b_00784,0,0,0,0,2,0
ptbr_test_track_b_00785,0,0,0,1,0,0
ptbr_test_track_b_00786,1,0,0,0,2,0
ptbr_test_track_b_00787,2,0,0,0,0,0
ptbr_test_track_b_00788,0,0,0,0,0,0
ptbr_test_track_b_00789,2,0,0,0,0,0
ptbr_test_track_b_00790,0,0,0,0,0,1
ptbr_test_track_b_00791,1,0,0,0,1,0
ptbr_test_track_b_00792,0,0,0,0,0,0
ptbr_test_track_b_00793,1,0,0,0,0,0
ptbr_test_track_b_00794,1,0,0,0,0,0
ptbr_test_track_b_00795,0,0,0,2,0,0
ptbr_test_track_b_00796,0,0,0,0,0,0
ptbr_test_track_b_00797,0,0,0,0,0,0
ptbr_test_track_b_00798,0,0,0,0,0,0
ptbr_test_track_b_00799,0,0,0,2,0,0
ptbr_test_track_b_00800,1,0,0,0,0,0
ptbr_test_track_b_00801,0,0,0,0,0,0
ptbr_test_track_b_00802,0,0,0,2,0,0
ptbr_test_track_b_00803,0,0,1,0,0,0
ptbr_test_track_b_00804,0,0,0,0,0,0
ptbr_test_track_b_00805,1,0,0,0,0,0
ptbr_test_track_b_00806,1,0,0,0,0,0
ptbr_test_track_b_00807,1,0,0,0,0,0
ptbr_test_track_b_00808,0,0,0,0,0,0
ptbr_test_track_b_00809,0,0,0,0,0,0
ptbr_test_track_b_00810,0,0,0,1,0,0
ptbr_test_track_b_00811,0,0,0,0,0,0
ptbr_test_track_b_00812,0,0,0,0,0,0
ptbr_test_track_b_00813,1,0,0,0,0,0
ptbr_test_track_b_00814,0,0,0,1,0,0
ptbr_test_track_b_00815,0,0,0,1,0,0
ptbr_test_track_b_00816,0,0,0,1,0,0
ptbr_test_track_b_00817,2,3,0,0,0,0
ptbr_test_track_b_00818,1,0,0,0,0,0
ptbr_test_track_b_00819,0,0,0,0,0,0
ptbr_test_track_b_00820,0,0,0,0,0,0
ptbr_test_track_b_00821,0,0,0,0,0,0
ptbr_test_track_b_00822,3,0,0,0,0,0
ptbr_test_track_b_00823,0,0,0,0,1,0
ptbr_test_track_b_00824,0,0,0,1,0,0
ptbr_test_track_b_00825,0,0,0,0,0,0
ptbr_test_track_b_00826,0,0,2,0,0,0
ptbr_test_track_b_00827,0,0,0,0,0,0
ptbr_test_track_b_00828,1,0,0,0,0,1
ptbr_test_track_b_00829,0,0,0,0,0,0
ptbr_test_track_b_00830,2,0,0,0,0,0
ptbr_test_track_b_00831,2,0,0,0,0,0
ptbr_test_track_b_00832,0,0,0,0,2,0
ptbr_test_track_b_00833,0,0,0,0,0,0
ptbr_test_track_b_00834,1,0,0,0,0,0
ptbr_test_track_b_00835,0,0,0,0,0,0
ptbr_test_track_b_00836,0,0,0,1,0,0
ptbr_test_track_b_00837,2,0,0,0,0,0
ptbr_test_track_b_00838,1,0,0,0,0,0
ptbr_test_track_b_00839,0,0,0,0,0,0
ptbr_test_track_b_00840,1,0,0,0,0,0
ptbr_test_track_b_00841,0,0,0,0,0,0
ptbr_test_track_b_00842,0,0,0,0,0,0
ptbr_test_track_b_00843,0,0,0,0,2,0
ptbr_test_track_b_00844,0,0,0,2,0,0
ptbr_test_track_b_00845,0,0,1,0,0,0
ptbr_test_track_b_00846,0,0,0,0,0,0
ptbr_test_track_b_00847,0,0,0,1,0,0
ptbr_test_track_b_00848,1,0,0,0,0,0
ptbr_test_track_b_00849,1,0,0,0,0,0
ptbr_test_track_b_00850,1,0,0,0,0,0
ptbr_test_track_b_00851,0,0,0,0,2,0
ptbr_test_track_b_00852,0,0,0,0,0,0
ptbr_test_track_b_00853,0,0,0,1,0,0
ptbr_test_track_b_00854,0,0,0,0,1,0
ptbr_test_track_b_00855,0,0,0,0,0,0
ptbr_test_track_b_00856,0,0,0,1,0,0
ptbr_test_track_b_00857,0,0,0,0,0,0
ptbr_test_track_b_00858,2,2,0,0,2,0
ptbr_test_track_b_00859,1,0,0,0,0,0
ptbr_test_track_b_00860,0,0,0,0,1,0
ptbr_test_track_b_00861,0,0,0,0,0,0
ptbr_test_track_b_00862,0,0,0,0,0,0
ptbr_test_track_b_00863,1,0,0,0,0,0
ptbr_test_track_b_00864,0,0,0,2,0,0
ptbr_test_track_b_00865,0,0,0,0,0,0
ptbr_test_track_b_00866,0,0,0,0,2,0
ptbr_test_track_b_00867,0,0,0,1,0,0
ptbr_test_track_b_00868,0,0,0,0,0,0
ptbr_test_track_b_00869,0,0,0,2,0,0
ptbr_test_track_b_00870,0,0,0,1,0,1
ptbr_test_track_b_00871,2,0,0,0,0,0
ptbr_test_track_b_00872,0,0,0,2,0,0
ptbr_test_track_b_00873,2,0,0,0,0,0
ptbr_test_track_b_00874,0,0,0,0,0,0
ptbr_test_track_b_00875,0,0,0,1,0,0
ptbr_test_track_b_00876,0,0,0,0,0,0
ptbr_test_track_b_00877,0,0,0,2,0,0
ptbr_test_track_b_00878,3,0,0,0,0,0
ptbr_test_track_b_00879,1,0,0,0,0,0
ptbr_test_track_b_00880,0,0,0,2,0,0
ptbr_test_track_b_00881,0,0,0,0,1,0
ptbr_test_track_b_00882,1,0,0,0,1,0
ptbr_test_track_b_00883,0,0,2,0,0,0
ptbr_test_track_b_00884,0,0,0,0,0,0
ptbr_test_track_b_00885,1,0,0,0,0,0
ptbr_test_track_b_00886,0,0,0,1,0,0
ptbr_test_track_b_00887,0,0,0,0,0,0
ptbr_test_track_b_00888,0,0,0,0,0,0
ptbr_test_track_b_00889,1,0,0,0,0,0
ptbr_test_track_b_00890,0,0,0,0,0,0
ptbr_test_track_b_00891,0,0,0,1,0,0
ptbr_test_track_b_00892,2,0,0,0,0,0
ptbr_test_track_b_00893,0,0,0,2,0,0
ptbr_test_track_b_00894,0,0,0,0,0,0
ptbr_test_track_b_00895,0,0,0,0,0,0
ptbr_test_track_b_00896,0,0,0,0,0,0
ptbr_test_track_b_00897,0,0,0,0,2,0
ptbr_test_track_b_00898,0,0,0,1,0,0
ptbr_test_track_b_00899,0,0,0,0,0,0
ptbr_test_track_b_00900,0,0,0,2,0,0
ptbr_test_track_b_00901,0,0,0,0,0,0
ptbr_test_track_b_00902,0,0,2,0,0,0
ptbr_test_track_b_00903,0,0,0,0,0,0
ptbr_test_track_b_00904,1,0,0,0,0,0
ptbr_test_track_b_00905,2,0,0,0,0,0
ptbr_test_track_b_00906,1,0,0,0,0,0
ptbr_test_track_b_00907,1,0,0,0,0,0
ptbr_test_track_b_00908,0,0,0,0,0,0
ptbr_test_track_b_00909,0,0,0,0,0,0
ptbr_test_track_b_00910,0,0,0,3,0,0
ptbr_test_track_b_00911,0,0,0,0,0,0
ptbr_test_track_b_00912,0,0,0,2,0,0
ptbr_test_track_b_00913,2,0,0,0,1,0
ptbr_test_track_b_00914,0,0,0,0,0,0
ptbr_test_track_b_00915,1,0,0,0,0,0
ptbr_test_track_b_00916,0,0,0,3,0,0
ptbr_test_track_b_00917,1,0,0,0,0,0
ptbr_test_track_b_00918,0,0,0,0,0,0
ptbr_test_track_b_00919,1,0,0,2,0,0
ptbr_test_track_b_00920,0,0,0,2,0,0
ptbr_test_track_b_00921,2,0,0,0,0,0
ptbr_test_track_b_00922,2,0,0,0,0,0
ptbr_test_track_b_00923,0,0,0,0,0,0
ptbr_test_track_b_00924,2,0,0,0,0,0
ptbr_test_track_b_00925,0,0,0,0,0,0
ptbr_test_track_b_00926,0,0,0,1,0,0
ptbr_test_track_b_00927,0,0,0,0,0,0
ptbr_test_track_b_00928,0,0,0,0,2,0
ptbr_test_track_b_00929,0,0,0,2,0,0
ptbr_test_track_b_00930,0,0,0,0,0,0
ptbr_test_track_b_00931,0,0,0,0,0,0
ptbr_test_track_b_00932,0,0,0,0,1,0
ptbr_test_track_b_00933,0,0,0,0,0,0
ptbr_test_track_b_00934,1,0,0,0,0,0
ptbr_test_track_b_00935,0,0,0,0,0,0
ptbr_test_track_b_00936,0,0,0,0,0,0
ptbr_test_track_b_00937,0,0,0,2,0,0
ptbr_test_track_b_00938,0,0,0,2,0,0
ptbr_test_track_b_00939,0,0,0,0,0,0
ptbr_test_track_b_00940,0,0,0,2,0,0
ptbr_test_track_b_00941,0,0,0,0,0,0
ptbr_test_track_b_00942,0,0,0,0,0,0
ptbr_test_track_b_00943,0,0,0,1,0,0
ptbr_test_track_b_00944,1,0,0,0,2,0
ptbr_test_track_b_00945,0,0,0,0,0,0
ptbr_test_track_b_00946,0,0,0,1,0,0
ptbr_test_track_b_00947,1,0,0,0,0,0
ptbr_test_track_b_00948,1,0,0,0,1,0
ptbr_test_track_b_00949,0,0,0,0,1,0
ptbr_test_track_b_00950,0,0,0,0,2,0
ptbr_test_track_b_00951,0,0,0,0,0,0
ptbr_test_track_b_00952,1,0,0,0,0,0
ptbr_test_track_b_00953,1,0,0,0,0,0
ptbr_test_track_b_00954,0,0,0,0,0,0
ptbr_test_track_b_00955,0,0,0,0,0,0
ptbr_test_track_b_00956,0,0,0,1,0,0
ptbr_test_track_b_00957,0,0,0,0,0,0
ptbr_test_track_b_00958,0,0,0,0,0,0
ptbr_test_track_b_00959,1,0,0,0,0,0
ptbr_test_track_b_00960,0,0,0,2,0,0
ptbr_test_track_b_00961,0,0,0,1,0,0
ptbr_test_track_b_00962,1,0,0,0,0,0
ptbr_test_track_b_00963,0,0,0,0,1,0
ptbr_test_track_b_00964,1,0,0,0,0,0
ptbr_test_track_b_00965,0,0,0,0,0,0
ptbr_test_track_b_00966,1,0,0,0,0,0
ptbr_test_track_b_00967,1,0,0,0,0,0
ptbr_test_track_b_00968,0,0,0,2,0,0
ptbr_test_track_b_00969,0,0,0,0,0,0
ptbr_test_track_b_00970,0,0,0,0,0,0
ptbr_test_track_b_00971,0,0,0,0,0,0
ptbr_test_track_b_00972,0,0,0,0,0,0
ptbr_test_track_b_00973,0,0,0,0,0,0
ptbr_test_track_b_00974,0,0,0,2,0,0
ptbr_test_track_b_00975,1,0,0,0,0,0
ptbr_test_track_b_00976,0,0,0,3,0,0
ptbr_test_track_b_00977,1,0,0,0,0,0
ptbr_test_track_b_00978,0,0,0,0,0,0
ptbr_test_track_b_00979,0,0,0,0,0,0
ptbr_test_track_b_00980,0,0,0,0,0,0
ptbr_test_track_b_00981,0,0,0,0,0,0
ptbr_test_track_b_00982,0,0,0,0,0,0
ptbr_test_track_b_00983,0,0,0,0,0,0
ptbr_test_track_b_00984,2,0,0,0,0,0
ptbr_test_track_b_00985,0,0,0,0,1,0
ptbr_test_track_b_00986,1,0,0,0,0,0
ptbr_test_track_b_00987,0,0,0,0,1,0
ptbr_test_track_b_00988,0,0,0,0,0,0
ptbr_test_track_b_00989,1,0,0,0,0,0
ptbr_test_track_b_00990,1,0,0,0,0,2
ptbr_test_track_b_00991,2,0,0,0,1,0
ptbr_test_track_b_00992,0,0,0,0,3,0
ptbr_test_track_b_00993,0,0,0,0,0,0
ptbr_test_track_b_00994,0,0,0,0,0,0
ptbr_test_track_b_00995,0,0,0,0,3,0
ptbr_test_track_b_00996,1,0,0,0,0,0
ptbr_test_track_b_00997,1,0,0,0,0,0
ptbr_test_track_b_00998,0,0,0,0,1,0
ptbr_test_track_b_00999,0,0,0,1,0,0
ptbr_test_track_b_01000,2,0,0,0,0,0
ptbr_test_track_b_01001,1,0,0,0,0,0
ptbr_test_track_b_01002,2,0,0,0,0,0
ptbr_test_track_b_01003,0,0,0,0,0,0
ptbr_test_track_b_01004,0,0,0,0,0,0
ptbr_test_track_b_01005,0,0,0,2,0,0
ptbr_test_track_b_01006,0,0,0,0,0,0
ptbr_test_track_b_01007,2,0,0,0,0,0
ptbr_test_track_b_01008,0,0,0,0,0,0
ptbr_test_track_b_01009,0,0,0,2,0,0
ptbr_test_track_b_01010,0,0,0,0,2,0
ptbr_test_track_b_01011,0,0,0,0,0,0
ptbr_test_track_b_01012,0,0,0,0,0,0
ptbr_test_track_b_01013,0,0,0,0,0,0
ptbr_test_track_b_01014,0,0,0,0,2,0
ptbr_test_track_b_01015,0,0,0,2,0,0
ptbr_test_track_b_01016,0,0,0,1,0,0
ptbr_test_track_b_01017,0,0,0,2,0,0
ptbr_test_track_b_01018,1,0,0,0,0,0
ptbr_test_track_b_01019,0,0,0,0,0,0
ptbr_test_track_b_01020,0,0,2,0,2,0
ptbr_test_track_b_01021,0,0,0,2,0,0
ptbr_test_track_b_01022,2,0,0,0,0,0
ptbr_test_track_b_01023,0,0,0,0,0,0
ptbr_test_track_b_01024,0,0,0,0,1,0
ptbr_test_track_b_01025,0,0,0,0,0,0
ptbr_test_track_b_01026,1,0,0,0,0,0
ptbr_test_track_b_01027,0,0,0,1,0,0
ptbr_test_track_b_01028,0,0,0,2,0,0
ptbr_test_track_b_01029,0,0,0,0,0,0
ptbr_test_track_b_01030,0,0,0,0,0,0
ptbr_test_track_b_01031,0,0,0,0,0,0
ptbr_test_track_b_01032,0,0,0,0,0,0
ptbr_test_track_b_01033,0,0,0,1,0,0
ptbr_test_track_b_01034,1,0,0,0,1,0
ptbr_test_track_b_01035,2,0,0,0,0,0
ptbr_test_track_b_01036,1,0,0,0,0,2
ptbr_test_track_b_01037,0,0,0,0,1,0
ptbr_test_track_b_01038,0,0,0,0,2,0
ptbr_test_track_b_01039,0,0,0,2,0,0
ptbr_test_track_b_01040,0,0,0,0,2,0
ptbr_test_track_b_01041,0,0,0,2,0,0
ptbr_test_track_b_01042,2,0,0,0,0,0
ptbr_test_track_b_01043,0,0,0,0,0,0
ptbr_test_track_b_01044,1,0,0,0,1,0
ptbr_test_track_b_01045,1,0,0,0,1,0
ptbr_test_track_b_01046,0,0,0,0,0,0
ptbr_test_track_b_01047,0,0,0,0,2,0
ptbr_test_track_b_01048,0,0,0,0,1,0
ptbr_test_track_b_01049,0,0,0,0,0,0
ptbr_test_track_b_01050,0,0,2,0,0,0
ptbr_test_track_b_01051,1,0,0,0,0,0
ptbr_test_track_b_01052,0,0,0,1,0,0
ptbr_test_track_b_01053,1,0,0,0,1,0
ptbr_test_track_b_01054,1,0,0,0,0,0
ptbr_test_track_b_01055,1,0,0,0,0,0
ptbr_test_track_b_01056,0,0,0,0,1,0
ptbr_test_track_b_01057,0,0,0,0,0,0
ptbr_test_track_b_01058,2,0,0,0,0,0
ptbr_test_track_b_01059,0,0,0,0,0,0
ptbr_test_track_b_01060,0,0,0,0,2,0
ptbr_test_track_b_01061,0,0,0,0,0,0
ptbr_test_track_b_01062,0,0,0,0,0,0
ptbr_test_track_b_01063,0,0,0,0,0,0
ptbr_test_track_b_01064,0,0,0,0,0,0
ptbr_test_track_b_01065,0,0,0,2,0,0
ptbr_test_track_b_01066,0,0,0,0,0,0
ptbr_test_track_b_01067,2,0,0,0,0,0
ptbr_test_track_b_01068,0,0,0,0,0,0
ptbr_test_track_b_01069,0,0,0,3,0,0
ptbr_test_track_b_01070,0,0,0,0,0,0
ptbr_test_track_b_01071,0,0,0,1,0,0
ptbr_test_track_b_01072,0,0,0,1,0,0
ptbr_test_track_b_01073,0,0,0,0,0,0
ptbr_test_track_b_01074,0,0,0,0,2,0
ptbr_test_track_b_01075,2,0,0,0,0,0
ptbr_test_track_b_01076,0,0,0,1,0,0
ptbr_test_track_b_01077,1,0,0,0,0,0
ptbr_test_track_b_01078,0,0,0,0,1,0
ptbr_test_track_b_01079,1,0,0,0,0,0
ptbr_test_track_b_01080,0,0,0,1,0,0
ptbr_test_track_b_01081,1,0,0,0,0,0
ptbr_test_track_b_01082,0,0,0,1,1,0
ptbr_test_track_b_01083,0,0,0,0,0,0
ptbr_test_track_b_01084,0,0,0,0,0,0
ptbr_test_track_b_01085,1,0,0,0,0,0
ptbr_test_track_b_01086,0,0,0,1,0,0
ptbr_test_track_b_01087,0,0,0,0,1,0
ptbr_test_track_b_01088,1,0,0,0,0,0
ptbr_test_track_b_01089,1,0,0,0,0,1
ptbr_test_track_b_01090,0,0,0,0,1,0
ptbr_test_track_b_01091,0,0,0,0,0,0
ptbr_test_track_b_01092,0,0,0,1,1,0
ptbr_test_track_b_01093,0,0,0,0,0,0
ptbr_test_track_b_01094,1,0,0,0,0,0
ptbr_test_track_b_01095,0,0,0,0,0,0
ptbr_test_track_b_01096,0,0,0,0,1,0
ptbr_test_track_b_01097,2,0,0,0,2,0
ptbr_test_track_b_01098,1,0,0,0,0,0
ptbr_test_track_b_01099,1,0,0,0,0,0
ptbr_test_track_b_01100,1,0,0,0,0,0
ptbr_test_track_b_01101,1,0,0,0,0,0
ptbr_test_track_b_01102,1,0,0,0,0,0
ptbr_test_track_b_01103,1,0,0,0,0,0
ptbr_test_track_b_01104,0,0,0,0,0,0
ptbr_test_track_b_01105,0,0,0,0,1,0
ptbr_test_track_b_01106,0,0,0,0,0,0
ptbr_test_track_b_01107,2,0,0,0,1,0
ptbr_test_track_b_01108,1,0,0,0,0,0
ptbr_test_track_b_01109,0,0,0,0,1,0
ptbr_test_track_b_01110,0,0,0,0,0,0
ptbr_test_track_b_01111,1,0,0,0,0,0
ptbr_test_track_b_01112,0,0,0,0,0,0
ptbr_test_track_b_01113,0,0,0,0,0,0
ptbr_test_track_b_01114,0,0,0,1,0,0
ptbr_test_track_b_01115,0,0,0,1,0,0
ptbr_test_track_b_01116,1,0,0,0,0,0
ptbr_test_track_b_01117,1,0,0,0,0,0
ptbr_test_track_b_01118,2,0,0,0,0,0
ptbr_test_track_b_01119,0,0,0,0,0,0
ptbr_test_track_b_01120,1,0,0,0,0,0
ptbr_test_track_b_01121,0,0,0,2,0,0
ptbr_test_track_b_01122,0,0,0,2,0,0
ptbr_test_track_b_01123,0,0,0,2,0,0
ptbr_test_track_b_01124,0,0,0,0,0,0
ptbr_test_track_b_01125,0,0,1,0,2,0
ptbr_test_track_b_01126,2,0,0,0,0,0
ptbr_test_track_b_01127,0,0,0,0,0,0
ptbr_test_track_b_01128,2,0,0,0,0,0
ptbr_test_track_b_01129,0,0,0,0,0,0
ptbr_test_track_b_01130,0,0,0,0,0,0
ptbr_test_track_b_01131,0,0,0,0,0,0
ptbr_test_track_b_01132,1,0,0,0,0,0
ptbr_test_track_b_01133,0,0,0,0,0,0
ptbr_test_track_b_01134,0,0,0,0,0,0
ptbr_test_track_b_01135,0,0,0,0,0,0
ptbr_test_track_b_01136,0,0,0,0,0,0
ptbr_test_track_b_01137,0,0,0,2,0,0
ptbr_test_track_b_01138,0,0,0,0,2,0
ptbr_test_track_b_01139,1,0,0,0,0,0
ptbr_test_track_b_01140,1,0,0,0,0,0
ptbr_test_track_b_01141,0,0,0,0,0,1
ptbr_test_track_b_01142,0,0,0,0,0,0
ptbr_test_track_b_01143,0,0,0,1,0,0
ptbr_test_track_b_01144,0,0,0,0,0,0
ptbr_test_track_b_01145,1,0,0,0,0,0
ptbr_test_track_b_01146,1,0,0,0,1,0
ptbr_test_track_b_01147,0,0,0,0,0,0
ptbr_test_track_b_01148,0,0,0,0,0,0
ptbr_test_track_b_01149,0,0,0,2,0,0
ptbr_test_track_b_01150,0,0,0,0,0,0
ptbr_test_track_b_01151,0,0,0,0,0,0
ptbr_test_track_b_01152,0,0,0,0,0,0
ptbr_test_track_b_01153,0,0,0,0,0,0
ptbr_test_track_b_01154,0,0,0,0,0,0
ptbr_test_track_b_01155,0,0,0,0,1,0
ptbr_test_track_b_01156,0,0,0,2,0,0
ptbr_test_track_b_01157,2,0,0,0,0,0
ptbr_test_track_b_01158,2,0,0,0,0,0
ptbr_test_track_b_01159,0,0,0,0,0,0
ptbr_test_track_b_01160,0,0,0,0,0,0
ptbr_test_track_b_01161,0,0,0,0,1,0
ptbr_test_track_b_01162,0,0,0,0,0,0
ptbr_test_track_b_01163,2,0,0,0,0,0
ptbr_test_track_b_01164,0,0,0,2,0,0
ptbr_test_track_b_01165,0,0,0,2,0,0
ptbr_test_track_b_01166,0,0,0,1,0,0
ptbr_test_track_b_01167,0,0,0,0,0,0
ptbr_test_track_b_01168,0,0,1,0,0,0
ptbr_test_track_b_01169,0,0,0,0,0,0
ptbr_test_track_b_01170,0,0,0,0,0,0
ptbr_test_track_b_01171,1,0,0,0,0,0
ptbr_test_track_b_01172,1,0,0,0,0,0
ptbr_test_track_b_01173,2,0,0,0,0,0
ptbr_test_track_b_01174,1,0,0,0,2,0
ptbr_test_track_b_01175,0,0,0,1,0,0
ptbr_test_track_b_01176,0,0,0,1,0,0
ptbr_test_track_b_01177,0,0,0,0,1,0
ptbr_test_track_b_01178,0,0,0,0,0,0
ptbr_test_track_b_01179,1,0,0,0,0,0
ptbr_test_track_b_01180,0,0,0,1,0,0
ptbr_test_track_b_01181,1,0,0,0,0,0
ptbr_test_track_b_01182,2,0,0,0,0,0
ptbr_test_track_b_01183,0,0,0,2,0,0
ptbr_test_track_b_01184,0,0,0,2,0,0
ptbr_test_track_b_01185,0,0,0,0,1,0
ptbr_test_track_b_01186,0,0,0,0,0,0
ptbr_test_track_b_01187,0,0,0,0,0,0
ptbr_test_track_b_01188,2,0,0,0,0,0
ptbr_test_track_b_01189,2,0,0,0,0,0
ptbr_test_track_b_01190,0,0,0,2,0,0
ptbr_test_track_b_01191,1,0,0,0,0,0
ptbr_test_track_b_01192,1,0,0,0,0,0
ptbr_test_track_b_01193,1,0,0,0,1,0
ptbr_test_track_b_01194,0,0,0,0,1,0
ptbr_test_track_b_01195,2,0,0,0,0,0
ptbr_test_track_b_01196,1,0,0,0,0,0
ptbr_test_track_b_01197,0,0,0,0,0,0
ptbr_test_track_b_01198,0,0,0,0,0,0
ptbr_test_track_b_01199,0,0,0,2,0,0
ptbr_test_track_b_01200,1,0,0,0,0,0
ptbr_test_track_b_01201,0,0,0,0,0,0
ptbr_test_track_b_01202,0,0,0,0,0,0
ptbr_test_track_b_01203,0,0,0,0,0,0
ptbr_test_track_b_01204,0,0,0,0,2,0
ptbr_test_track_b_01205,0,0,0,0,3,0
ptbr_test_track_b_01206,0,0,0,2,0,0
ptbr_test_track_b_01207,1,0,0,0,0,0
ptbr_test_track_b_01208,0,0,0,0,0,0
ptbr_test_track_b_01209,0,0,0,2,0,0
ptbr_test_track_b_01210,0,0,0,2,0,0
ptbr_test_track_b_01211,0,0,0,0,0,0
ptbr_test_track_b_01212,0,0,0,1,0,0
ptbr_test_track_b_01213,0,0,0,0,0,0
ptbr_test_track_b_01214,0,0,0,1,0,0
ptbr_test_track_b_01215,0,0,0,0,0,0
ptbr_test_track_b_01216,0,0,0,3,0,3
ptbr_test_track_b_01217,0,0,0,0,2,0
ptbr_test_track_b_01218,1,0,0,0,0,0
ptbr_test_track_b_01219,0,0,0,2,0,0
ptbr_test_track_b_01220,0,0,0,0,2,0
ptbr_test_track_b_01221,0,0,0,0,1,0
ptbr_test_track_b_01222,0,0,0,0,2,0
ptbr_test_track_b_01223,2,0,0,0,0,0
ptbr_test_track_b_01224,0,0,0,0,0,0
ptbr_test_track_b_01225,0,0,0,0,0,0
ptbr_test_track_b_01226,1,0,0,0,0,0
ptbr_test_track_b_01227,2,0,0,0,2,0
ptbr_test_track_b_01228,0,0,0,1,0,0
ptbr_test_track_b_01229,0,0,0,0,0,0
ptbr_test_track_b_01230,0,0,0,0,0,0
ptbr_test_track_b_01231,0,0,0,0,1,0
ptbr_test_track_b_01232,0,0,0,0,0,0
ptbr_test_track_b_01233,2,0,0,0,0,0
ptbr_test_track_b_01234,0,0,0,0,0,0
ptbr_test_track_b_01235,3,0,0,0,0,0
ptbr_test_track_b_01236,0,0,0,0,0,0
ptbr_test_track_b_01237,0,0,0,2,0,0
ptbr_test_track_b_01238,0,0,0,0,0,0
ptbr_test_track_b_01239,0,0,0,1,1,0
ptbr_test_track_b_01240,0,0,0,0,0,1
ptbr_test_track_b_01241,0,0,0,2,0,0
ptbr_test_track_b_01242,0,0,0,0,0,0
ptbr_test_track_b_01243,0,0,0,0,0,2
ptbr_test_track_b_01244,2,0,0,0,0,0
ptbr_test_track_b_01245,0,0,0,0,0,0
ptbr_test_track_b_01246,0,0,0,0,0,0
ptbr_test_track_b_01247,3,0,0,0,3,0
ptbr_test_track_b_01248,0,0,0,0,1,0
ptbr_test_track_b_01249,1,0,0,0,1,0
ptbr_test_track_b_01250,1,0,0,0,0,0
ptbr_test_track_b_01251,1,0,0,0,0,0
ptbr_test_track_b_01252,0,0,0,0,0,0
ptbr_test_track_b_01253,0,0,0,2,0,0
ptbr_test_track_b_01254,0,0,0,2,0,0
ptbr_test_track_b_01255,0,0,0,1,0,0
ptbr_test_track_b_01256,0,0,0,0,0,0
ptbr_test_track_b_01257,2,0,0,0,0,0
ptbr_test_track_b_01258,0,0,0,2,1,0
ptbr_test_track_b_01259,0,0,0,0,0,0
ptbr_test_track_b_01260,0,0,0,0,0,0
ptbr_test_track_b_01261,0,0,0,0,0,0
ptbr_test_track_b_01262,0,0,0,2,0,0
ptbr_test_track_b_01263,1,0,0,0,0,0
ptbr_test_track_b_01264,0,0,0,2,0,0
ptbr_test_track_b_01265,0,0,0,1,0,0
ptbr_test_track_b_01266,1,0,0,0,0,0
ptbr_test_track_b_01267,2,0,0,0,0,0
ptbr_test_track_b_01268,0,0,0,1,0,0
ptbr_test_track_b_01269,0,0,0,1,0,0
ptbr_test_track_b_01270,0,0,0,0,0,0
ptbr_test_track_b_01271,0,0,0,2,0,0
ptbr_test_track_b_01272,0,0,0,0,0,0
ptbr_test_track_b_01273,1,0,0,0,0,0
ptbr_test_track_b_01274,0,0,0,0,0,0
ptbr_test_track_b_01275,0,0,0,0,0,0
ptbr_test_track_b_01276,0,0,0,0,0,0
ptbr_test_track_b_01277,0,0,0,1,0,0
ptbr_test_track_b_01278,0,0,0,1,0,0
ptbr_test_track_b_01279,0,0,0,0,0,0
ptbr_test_track_b_01280,2,0,0,0,0,0
ptbr_test_track_b_01281,0,0,0,0,0,0
ptbr_test_track_b_01282,0,0,0,0,0,0
ptbr_test_track_b_01283,0,0,0,0,0,0
ptbr_test_track_b_01284,3,0,0,0,0,0
ptbr_test_track_b_01285,0,0,0,2,0,0
ptbr_test_track_b_01286,0,0,0,2,0,0
ptbr_test_track_b_01287,2,0,0,0,0,0
ptbr_test_track_b_01288,0,0,0,2,0,0
ptbr_test_track_b_01289,1,0,0,0,0,0
ptbr_test_track_b_01290,0,0,0,0,0,0
ptbr_test_track_b_01291,1,0,0,0,0,0
ptbr_test_track_b_01292,0,0,0,0,0,1
ptbr_test_track_b_01293,0,0,0,0,0,0
ptbr_test_track_b_01294,1,0,0,0,0,1
ptbr_test_track_b_01295,0,0,0,0,1,0
ptbr_test_track_b_01296,1,0,0,0,0,0
ptbr_test_track_b_01297,0,0,0,0,1,0
ptbr_test_track_b_01298,1,0,0,0,0,0
ptbr_test_track_b_01299,0,0,0,2,0,0
ptbr_test_track_b_01300,2,0,0,0,0,0
ptbr_test_track_b_01301,0,0,0,1,0,0
ptbr_test_track_b_01302,2,0,0,0,0,0
ptbr_test_track_b_01303,0,0,1,0,0,0
ptbr_test_track_b_01304,0,0,0,0,0,0
ptbr_test_track_b_01305,0,0,0,0,3,0
ptbr_test_track_b_01306,0,0,0,2,0,0
ptbr_test_track_b_01307,0,0,0,0,2,0
ptbr_test_track_b_01308,0,0,0,0,0,0
ptbr_test_track_b_01309,0,0,0,0,0,0
ptbr_test_track_b_01310,0,0,0,2,0,0
ptbr_test_track_b_01311,2,0,0,0,0,0
ptbr_test_track_b_01312,0,0,0,0,0,0
ptbr_test_track_b_01313,0,0,0,0,0,0
ptbr_test_track_b_01314,0,0,0,0,0,0
ptbr_test_track_b_01315,0,0,0,1,0,0
ptbr_test_track_b_01316,0,0,0,0,1,0
ptbr_test_track_b_01317,1,0,0,0,1,0
ptbr_test_track_b_01318,1,0,0,0,0,0
ptbr_test_track_b_01319,0,0,0,1,0,0
ptbr_test_track_b_01320,0,0,0,0,0,0
ptbr_test_track_b_01321,0,0,0,2,0,0
ptbr_test_track_b_01322,0,0,0,0,0,0
ptbr_test_track_b_01323,2,0,0,0,0,0
ptbr_test_track_b_01324,0,0,1,0,0,0
ptbr_test_track_b_01325,0,0,0,0,0,0
ptbr_test_track_b_01326,2,0,0,0,1,0
ptbr_test_track_b_01327,0,0,0,0,0,0
ptbr_test_track_b_01328,0,0,0,1,0,0
ptbr_test_track_b_01329,0,0,0,0,0,0
ptbr_test_track_b_01330,0,0,0,0,0,0
ptbr_test_track_b_01331,1,0,0,0,0,0
ptbr_test_track_b_01332,1,0,0,0,0,0
ptbr_test_track_b_01333,1,0,0,0,0,0
ptbr_test_track_b_01334,0,0,0,2,0,0
ptbr_test_track_b_01335,1,0,0,1,0,0
ptbr_test_track_b_01336,0,0,0,2,0,0
ptbr_test_track_b_01337,0,0,0,0,0,0
ptbr_test_track_b_01338,0,0,0,0,1,0
ptbr_test_track_b_01339,0,0,0,0,0,0
ptbr_test_track_b_01340,0,0,0,0,0,0
ptbr_test_track_b_01341,0,0,0,0,0,0
ptbr_test_track_b_01342,1,0,0,0,0,0
ptbr_test_track_b_01343,0,0,0,0,0,0
ptbr_test_track_b_01344,0,0,0,0,0,0
ptbr_test_track_b_01345,0,0,0,0,0,0
ptbr_test_track_b_01346,0,0,0,1,0,0
ptbr_test_track_b_01347,0,0,0,0,0,0
ptbr_test_track_b_01348,2,0,0,0,0,0
ptbr_test_track_b_01349,0,0,0,0,0,0
ptbr_test_track_b_01350,1,0,0,0,0,0
ptbr_test_track_b_01351,0,0,0,2,0,0
ptbr_test_track_b_01352,0,0,0,2,0,0
ptbr_test_track_b_01353,0,0,0,0,0,0
ptbr_test_track_b_01354,1,0,0,0,0,0
ptbr_test_track_b_01355,0,0,0,0,0,0
ptbr_test_track_b_01356,0,0,3,0,0,0
ptbr_test_track_b_01357,0,0,0,2,0,0
ptbr_test_track_b_01358,0,0,0,2,0,1
ptbr_test_track_b_01359,0,0,0,0,0,0
ptbr_test_track_b_01360,0,0,0,1,0,0
ptbr_test_track_b_01361,0,0,0,1,0,0
ptbr_test_track_b_01362,0,0,0,0,0,0
ptbr_test_track_b_01363,1,0,0,0,0,1
ptbr_test_track_b_01364,0,0,0,0,0,0
ptbr_test_track_b_01365,0,0,0,1,0,0
ptbr_test_track_b_01366,0,0,0,0,0,0
ptbr_test_track_b_01367,0,0,0,2,0,0
ptbr_test_track_b_01368,1,0,0,0,0,0
ptbr_test_track_b_01369,2,0,0,0,0,0
ptbr_test_track_b_01370,0,0,0,0,2,0
ptbr_test_track_b_01371,0,0,0,2,0,0
ptbr_test_track_b_01372,0,0,0,0,0,0
ptbr_test_track_b_01373,1,0,0,0,0,0
ptbr_test_track_b_01374,1,0,0,0,0,0
ptbr_test_track_b_01375,0,0,0,0,0,0
ptbr_test_track_b_01376,1,0,0,0,1,0
ptbr_test_track_b_01377,0,0,0,0,1,0
ptbr_test_track_b_01378,0,0,0,0,0,0
ptbr_test_track_b_01379,0,0,0,2,0,0
ptbr_test_track_b_01380,1,0,0,0,0,0
ptbr_test_track_b_01381,0,0,0,3,0,0
ptbr_test_track_b_01382,1,0,0,0,0,0
ptbr_test_track_b_01383,0,0,1,0,0,0
ptbr_test_track_b_01384,0,0,2,0,0,0
ptbr_test_track_b_01385,2,0,0,0,0,0
ptbr_test_track_b_01386,0,0,0,0,0,0
ptbr_test_track_b_01387,0,0,0,2,0,0
ptbr_test_track_b_01388,0,0,0,0,0,0
ptbr_test_track_b_01389,0,0,0,0,0,0
ptbr_test_track_b_01390,0,0,0,0,0,0
ptbr_test_track_b_01391,0,0,0,1,0,0
ptbr_test_track_b_01392,0,0,0,0,2,0
ptbr_test_track_b_01393,2,0,0,0,0,0
ptbr_test_track_b_01394,0,0,0,0,0,2
ptbr_test_track_b_01395,0,0,0,0,0,0
ptbr_test_track_b_01396,0,0,0,0,0,0
ptbr_test_track_b_01397,0,0,0,0,0,0
ptbr_test_track_b_01398,0,0,0,0,0,0
ptbr_test_track_b_01399,0,0,0,0,0,0
ptbr_test_track_b_01400,1,0,0,0,0,0
ptbr_test_track_b_01401,0,0,0,0,1,0
ptbr_test_track_b_01402,0,0,2,0,0,0
ptbr_test_track_b_01403,1,0,0,0,0,0
ptbr_test_track_b_01404,0,0,0,0,0,0
ptbr_test_track_b_01405,0,0,0,1,0,0
ptbr_test_track_b_01406,0,0,0,1,0,0
ptbr_test_track_b_01407,0,0,0,0,0,0
ptbr_test_track_b_01408,0,0,0,0,0,0
ptbr_test_track_b_01409,0,0,0,0,0,0
ptbr_test_track_b_01410,0,0,0,0,0,0
ptbr_test_track_b_01411,0,0,0,0,0,2
ptbr_test_track_b_01412,1,0,0,0,1,0
ptbr_test_track_b_01413,0,0,0,0,0,0
ptbr_test_track_b_01414,0,0,0,2,0,0
ptbr_test_track_b_01415,0,0,0,0,0,0
ptbr_test_track_b_01416,2,0,0,0,0,0
ptbr_test_track_b_01417,1,0,0,0,0,0
ptbr_test_track_b_01418,1,0,0,0,0,0
ptbr_test_track_b_01419,1,0,0,1,0,0
ptbr_test_track_b_01420,0,0,0,0,0,0
ptbr_test_track_b_01421,1,0,0,0,0,0
ptbr_test_track_b_01422,0,0,0,0,0,0
ptbr_test_track_b_01423,0,0,0,0,1,0
ptbr_test_track_b_01424,0,0,0,0,0,0
ptbr_test_track_b_01425,0,0,0,0,0,0
ptbr_test_track_b_01426,0,0,0,0,2,0
ptbr_test_track_b_01427,0,0,0,1,0,0
ptbr_test_track_b_01428,0,0,0,2,0,0
ptbr_test_track_b_01429,0,0,0,0,1,0
ptbr_test_track_b_01430,0,0,0,0,0,0
ptbr_test_track_b_01431,1,0,0,0,0,0
ptbr_test_track_b_01432,0,0,0,0,0,0
ptbr_test_track_b_01433,0,0,0,1,0,0
ptbr_test_track_b_01434,0,0,0,1,0,0
ptbr_test_track_b_01435,2,0,0,0,0,0
ptbr_test_track_b_01436,0,0,0,0,0,0
ptbr_test_track_b_01437,1,0,0,0,1,0
ptbr_test_track_b_01438,0,0,0,2,0,0
ptbr_test_track_b_01439,0,0,0,0,0,0
ptbr_test_track_b_01440,0,0,0,0,0,0
ptbr_test_track_b_01441,0,0,0,0,1,0
ptbr_test_track_b_01442,1,0,0,0,0,0
ptbr_test_track_b_01443,0,0,0,1,0,0
ptbr_test_track_b_01444,0,0,0,0,0,0
ptbr_test_track_b_01445,0,0,0,0,0,0
ptbr_test_track_b_01446,2,0,0,0,0,0
ptbr_test_track_b_01447,1,0,0,0,0,1
ptbr_test_track_b_01448,2,0,0,0,0,0
ptbr_test_track_b_01449,0,0,0,0,0,0
ptbr_test_track_b_01450,1,0,0,0,0,1
ptbr_test_track_b_01451,0,0,0,2,0,0
ptbr_test_track_b_01452,2,0,0,0,0,0
ptbr_test_track_b_01453,0,0,0,1,0,0
ptbr_test_track_b_01454,0,0,0,0,0,0
ptbr_test_track_b_01455,0,0,0,0,0,0
ptbr_test_track_b_01456,1,0,0,0,0,0
ptbr_test_track_b_01457,0,0,0,0,0,0
ptbr_test_track_b_01458,0,0,0,0,0,0
ptbr_test_track_b_01459,1,0,0,0,0,1
ptbr_test_track_b_01460,0,0,0,2,0,0
ptbr_test_track_b_01461,0,0,0,0,0,0
ptbr_test_track_b_01462,2,0,0,0,0,0
ptbr_test_track_b_01463,0,0,0,0,0,0
ptbr_test_track_b_01464,1,0,0,0,0,0
ptbr_test_track_b_01465,0,0,0,1,0,0
ptbr_test_track_b_01466,0,0,0,0,0,0
ptbr_test_track_b_01467,2,0,0,0,0,0
ptbr_test_track_b_01468,0,0,0,2,0,0
ptbr_test_track_b_01469,0,0,0,0,0,0
ptbr_test_track_b_01470,0,0,0,0,0,0
ptbr_test_track_b_01471,1,0,0,0,0,0
ptbr_test_track_b_01472,1,0,0,0,0,0
ptbr_test_track_b_01473,0,0,0,0,1,0
ptbr_test_track_b_01474,1,0,0,0,0,0
ptbr_test_track_b_01475,0,0,0,2,0,0
ptbr_test_track_b_01476,0,0,0,0,0,0
ptbr_test_track_b_01477,0,0,0,0,0,0
ptbr_test_track_b_01478,0,0,0,0,0,0
ptbr_test_track_b_01479,1,0,0,0,0,0
ptbr_test_track_b_01480,1,0,0,0,0,0
ptbr_test_track_b_01481,1,0,0,0,0,0
ptbr_test_track_b_01482,0,0,0,0,0,0
ptbr_test_track_b_01483,0,0,0,0,0,0
ptbr_test_track_b_01484,0,0,0,0,1,0
ptbr_test_track_b_01485,0,0,0,0,0,0
ptbr_test_track_b_01486,1,0,0,0,0,0
ptbr_test_track_b_01487,0,0,0,0,3,0
ptbr_test_track_b_01488,0,0,0,0,0,0
ptbr_test_track_b_01489,0,0,0,0,0,0
ptbr_test_track_b_01490,0,0,0,1,0,0
ptbr_test_track_b_01491,0,0,0,0,0,0
ptbr_test_track_b_01492,0,0,0,0,0,0
ptbr_test_track_b_01493,0,0,0,0,0,0
ptbr_test_track_b_01494,0,0,0,1,0,0
ptbr_test_track_b_01495,0,0,0,0,1,0
ptbr_test_track_b_01496,0,0,0,1,0,0
ptbr_test_track_b_01497,0,0,0,1,0,0
ptbr_test_track_b_01498,0,0,0,0,0,0
ptbr_test_track_b_01499,0,0,0,0,0,0
ptbr_test_track_b_01500,0,0,0,1,0,0
ptbr_test_track_b_01501,0,0,0,0,3,0
ptbr_test_track_b_01502,0,0,0,2,0,0
ptbr_test_track_b_01503,0,0,0,0,0,0
ptbr_test_track_b_01504,0,0,0,0,0,0
ptbr_test_track_b_01505,0,0,0,0,0,0
ptbr_test_track_b_01506,2,0,0,0,0,0
ptbr_test_track_b_01507,0,0,0,0,1,0
ptbr_test_track_b_01508,0,0,0,2,0,0
ptbr_test_track_b_01509,0,0,0,0,0,0
ptbr_test_track_b_01510,0,0,0,0,0,0
ptbr_test_track_b_01511,1,0,0,0,0,0
ptbr_test_track_b_01512,0,0,0,0,0,0
ptbr_test_track_b_01513,0,0,0,0,3,0
ptbr_test_track_b_01514,2,0,0,0,0,0
ptbr_test_track_b_01515,2,0,0,0,0,0
ptbr_test_track_b_01516,0,0,0,1,0,0
ptbr_test_track_b_01517,0,0,0,0,1,0
ptbr_test_track_b_01518,2,0,1,0,0,0
ptbr_test_track_b_01519,1,0,0,0,1,0
ptbr_test_track_b_01520,0,0,0,0,0,0
ptbr_test_track_b_01521,0,0,0,1,0,0
ptbr_test_track_b_01522,0,0,0,0,0,0
ptbr_test_track_b_01523,0,0,0,0,1,0
ptbr_test_track_b_01524,0,0,2,0,0,0
ptbr_test_track_b_01525,0,0,0,2,0,0
ptbr_test_track_b_01526,0,0,0,2,0,0
ptbr_test_track_b_01527,0,0,0,0,0,1
ptbr_test_track_b_01528,2,0,0,0,0,0
ptbr_test_track_b_01529,1,0,0,0,0,0
ptbr_test_track_b_01530,0,0,0,0,2,0
ptbr_test_track_b_01531,0,0,0,0,0,1
ptbr_test_track_b_01532,1,0,0,0,0,0
ptbr_test_track_b_01533,0,0,0,0,0,0
ptbr_test_track_b_01534,0,0,0,0,0,0
ptbr_test_track_b_01535,1,0,0,0,0,0
ptbr_test_track_b_01536,0,0,0,0,0,0
ptbr_test_track_b_01537,0,0,0,2,0,0
ptbr_test_track_b_01538,0,0,0,0,0,0
ptbr_test_track_b_01539,0,0,1,0,0,0
ptbr_test_track_b_01540,0,0,0,1,0,0
ptbr_test_track_b_01541,0,0,0,2,0,0
ptbr_test_track_b_01542,0,0,0,0,0,0
ptbr_test_track_b_01543,1,0,0,0,0,0
ptbr_test_track_b_01544,0,0,0,1,0,0
ptbr_test_track_b_01545,0,0,0,2,0,0
ptbr_test_track_b_01546,1,0,0,0,0,0
ptbr_test_track_b_01547,2,0,0,0,0,0
ptbr_test_track_b_01548,0,0,0,0,1,0
ptbr_test_track_b_01549,0,0,0,0,2,0
ptbr_test_track_b_01550,0,0,0,0,0,0
ptbr_test_track_b_01551,0,0,0,0,2,0
ptbr_test_track_b_01552,0,0,0,0,0,0
ptbr_test_track_b_01553,0,0,0,0,1,0
ptbr_test_track_b_01554,0,0,0,0,0,0
ptbr_test_track_b_01555,0,0,0,0,0,0
ptbr_test_track_b_01556,0,0,0,0,1,0
ptbr_test_track_b_01557,0,0,0,0,0,0
ptbr_test_track_b_01558,0,0,0,0,0,0
ptbr_test_track_b_01559,0,0,0,1,0,0
ptbr_test_track_b_01560,0,0,0,0,0,0
ptbr_test_track_b_01561,1,0,0,0,0,0
ptbr_test_track_b_01562,2,1,0,0,0,0
ptbr_test_track_b_01563,0,0,0,0,0,0
ptbr_test_track_b_01564,0,0,0,0,0,0
ptbr_test_track_b_01565,0,0,0,0,0,0
ptbr_test_track_b_01566,0,0,0,0,0,0
ptbr_test_track_b_01567,0,0,0,0,1,0
ptbr_test_track_b_01568,0,0,0,0,0,0
ptbr_test_track_b_01569,0,0,0,0,0,0
ptbr_test_track_b_01570,0,0,0,2,0,0
ptbr_test_track_b_01571,0,0,0,1,0,0
ptbr_test_track_b_01572,1,0,0,0,0,0
ptbr_test_track_b_01573,0,0,0,0,0,0
ptbr_test_track_b_01574,1,0,0,0,0,0
ptbr_test_track_b_01575,3,0,0,0,0,0
ptbr_test_track_b_01576,0,0,0,1,0,0
ptbr_test_track_b_01577,0,0,0,0,0,0
ptbr_test_track_b_01578,0,0,0,0,0,0
ptbr_test_track_b_01579,0,0,0,1,0,0
ptbr_test_track_b_01580,1,0,0,0,0,0
ptbr_test_track_b_01581,0,0,0,0,0,0
ptbr_test_track_b_01582,0,0,0,0,0,0
ptbr_test_track_b_01583,1,0,0,0,0,0
ptbr_test_track_b_01584,1,0,0,0,0,0
ptbr_test_track_b_01585,0,0,0,2,0,0
ptbr_test_track_b_01586,0,0,0,0,2,0
ptbr_test_track_b_01587,3,0,0,0,0,0
ptbr_test_track_b_01588,1,0,0,0,0,0
ptbr_test_track_b_01589,1,0,0,0,0,1
ptbr_test_track_b_01590,1,0,0,0,0,0
ptbr_test_track_b_01591,1,0,0,0,0,0
ptbr_test_track_b_01592,0,0,0,0,2,0
ptbr_test_track_b_01593,0,0,0,0,0,0
ptbr_test_track_b_01594,1,0,0,0,1,0
ptbr_test_track_b_01595,1,0,0,0,0,1
ptbr_test_track_b_01596,2,0,0,0,0,0
ptbr_test_track_b_01597,0,0,0,0,2,0
ptbr_test_track_b_01598,0,0,0,0,2,0
ptbr_test_track_b_01599,0,0,0,0,0,0
ptbr_test_track_b_01600,0,0,0,2,0,0
ptbr_test_track_b_01601,0,0,2,0,0,0
ptbr_test_track_b_01602,0,0,0,0,0,0
ptbr_test_track_b_01603,1,0,0,0,0,0
ptbr_test_track_b_01604,0,0,0,0,0,0
ptbr_test_track_b_01605,2,0,0,0,0,0
ptbr_test_track_b_01606,0,0,0,2,0,0
ptbr_test_track_b_01607,0,0,0,0,0,0
ptbr_test_track_b_01608,3,0,0,0,0,0
ptbr_test_track_b_01609,0,0,0,0,0,0
ptbr_test_track_b_01610,0,0,0,0,0,0
ptbr_test_track_b_01611,3,0,0,0,0,0
ptbr_test_track_b_01612,1,0,1,0,0,0
ptbr_test_track_b_01613,0,0,0,0,0,0
ptbr_test_track_b_01614,2,0,0,0,0,0
ptbr_test_track_b_01615,0,0,0,2,0,0
ptbr_test_track_b_01616,0,0,0,0,0,0
ptbr_test_track_b_01617,0,0,0,0,0,0
ptbr_test_track_b_01618,0,0,0,0,0,0
ptbr_test_track_b_01619,0,0,0,0,0,0
ptbr_test_track_b_01620,1,0,0,0,1,0
ptbr_test_track_b_01621,0,0,0,0,0,0
ptbr_test_track_b_01622,1,0,0,0,0,0
ptbr_test_track_b_01623,0,0,0,0,1,0
ptbr_test_track_b_01624,0,0,0,0,0,0
ptbr_test_track_b_01625,0,0,0,0,0,0
ptbr_test_track_b_01626,0,0,0,0,0,0
ptbr_test_track_b_01627,2,0,0,0,0,0
ptbr_test_track_b_01628,0,0,0,0,1,0
ptbr_test_track_b_01629,0,0,0,0,0,0
ptbr_test_track_b_01630,0,0,0,0,0,0
ptbr_test_track_b_01631,1,0,0,0,0,0
ptbr_test_track_b_01632,2,0,0,0,0,0
ptbr_test_track_b_01633,0,0,0,2,0,0
ptbr_test_track_b_01634,0,0,0,0,0,0
ptbr_test_track_b_01635,1,0,0,0,0,0
ptbr_test_track_b_01636,0,0,0,1,0,0
ptbr_test_track_b_01637,0,0,0,0,0,0
ptbr_test_track_b_01638,0,0,0,0,0,0
ptbr_test_track_b_01639,1,0,0,0,0,0
ptbr_test_track_b_01640,3,0,0,0,0,0
ptbr_test_track_b_01641,2,0,0,0,0,0
ptbr_test_track_b_01642,0,0,0,2,0,0
ptbr_test_track_b_01643,0,0,0,2,0,0
ptbr_test_track_b_01644,0,0,0,0,0,0
ptbr_test_track_b_01645,0,0,0,0,1,0
ptbr_test_track_b_01646,2,0,0,0,0,0
ptbr_test_track_b_01647,0,0,0,0,0,1
ptbr_test_track_b_01648,0,0,0,0,2,0
ptbr_test_track_b_01649,0,0,0,0,1,0
ptbr_test_track_b_01650,1,0,0,1,0,0
ptbr_test_track_b_01651,0,0,0,2,0,0
ptbr_test_track_b_01652,0,0,0,0,1,0
ptbr_test_track_b_01653,0,0,0,1,0,0
ptbr_test_track_b_01654,0,0,0,0,0,0
ptbr_test_track_b_01655,0,0,0,0,0,0
ptbr_test_track_b_01656,1,0,0,0,0,0
ptbr_test_track_b_01657,0,0,0,1,0,0
ptbr_test_track_b_01658,0,0,0,0,1,0
ptbr_test_track_b_01659,2,0,0,0,0,0
ptbr_test_track_b_01660,0,0,0,0,1,0
ptbr_test_track_b_01661,1,0,0,0,0,1
ptbr_test_track_b_01662,1,0,0,0,0,0
ptbr_test_track_b_01663,1,0,0,0,1,0
ptbr_test_track_b_01664,1,0,0,0,0,0
ptbr_test_track_b_01665,1,0,0,0,0,0
ptbr_test_track_b_01666,2,0,0,0,0,0
ptbr_test_track_b_01667,0,0,0,0,1,0
ptbr_test_track_b_01668,0,0,0,2,0,0
ptbr_test_track_b_01669,0,0,0,0,0,0
ptbr_test_track_b_01670,0,0,0,0,0,0
ptbr_test_track_b_01671,2,0,0,0,0,0
ptbr_test_track_b_01672,0,0,0,1,0,0
ptbr_test_track_b_01673,2,0,0,0,0,0
ptbr_test_track_b_01674,1,0,0,0,0,0
ptbr_test_track_b_01675,0,0,0,0,0,0
ptbr_test_track_b_01676,1,0,0,0,0,3
ptbr_test_track_b_01677,0,0,0,1,0,0
ptbr_test_track_b_01678,0,0,0,2,0,0
ptbr_test_track_b_01679,2,0,0,0,0,0
ptbr_test_track_b_01680,0,0,0,0,1,0
ptbr_test_track_b_01681,0,0,0,1,0,0
ptbr_test_track_b_01682,1,0,0,0,0,0
ptbr_test_track_b_01683,0,0,0,2,0,0
ptbr_test_track_b_01684,0,0,0,2,0,0
ptbr_test_track_b_01685,1,0,0,0,0,0
ptbr_test_track_b_01686,0,0,0,0,0,0
ptbr_test_track_b_01687,0,0,0,0,0,0
ptbr_test_track_b_01688,1,0,0,0,0,0
ptbr_test_track_b_01689,1,0,0,0,0,0
ptbr_test_track_b_01690,1,0,0,0,0,0
ptbr_test_track_b_01691,0,0,2,0,2,0
ptbr_test_track_b_01692,0,0,0,2,0,0
ptbr_test_track_b_01693,0,0,1,0,0,0
ptbr_test_track_b_01694,1,0,0,0,0,0
ptbr_test_track_b_01695,0,0,0,0,0,0
ptbr_test_track_b_01696,0,0,0,1,0,0
ptbr_test_track_b_01697,0,0,0,1,0,0
ptbr_test_track_b_01698,0,0,0,0,0,0
ptbr_test_track_b_01699,2,0,0,0,0,0
ptbr_test_track_b_01700,0,0,0,0,0,0
ptbr_test_track_b_01701,1,0,0,0,0,0
ptbr_test_track_b_01702,0,0,0,1,0,0
ptbr_test_track_b_01703,2,0,0,0,0,0
ptbr_test_track_b_01704,0,0,0,0,0,0
ptbr_test_track_b_01705,1,0,0,0,0,1
ptbr_test_track_b_01706,2,0,0,0,1,0
ptbr_test_track_b_01707,2,0,0,0,0,0
ptbr_test_track_b_01708,1,0,0,0,0,0
ptbr_test_track_b_01709,0,0,0,1,0,0
ptbr_test_track_b_01710,0,0,0,0,2,0
ptbr_test_track_b_01711,0,0,0,0,0,0
ptbr_test_track_b_01712,0,0,0,2,0,0
ptbr_test_track_b_01713,1,0,0,0,0,0
ptbr_test_track_b_01714,0,0,0,2,0,0
ptbr_test_track_b_01715,0,0,0,0,1,0
ptbr_test_track_b_01716,0,0,1,0,0,0
ptbr_test_track_b_01717,0,0,0,0,2,0
ptbr_test_track_b_01718,1,0,0,0,1,0
ptbr_test_track_b_01719,2,0,0,0,0,0
ptbr_test_track_b_01720,1,0,0,0,0,0
ptbr_test_track_b_01721,0,0,0,1,0,0
ptbr_test_track_b_01722,2,0,0,0,0,0
ptbr_test_track_b_01723,1,0,0,0,0,0
ptbr_test_track_b_01724,0,0,1,0,0,0
ptbr_test_track_b_01725,0,0,0,0,0,0
ptbr_test_track_b_01726,0,0,0,2,0,0
ptbr_test_track_b_01727,0,0,0,0,0,0
ptbr_test_track_b_01728,2,0,0,0,0,0
ptbr_test_track_b_01729,0,0,0,0,2,0
ptbr_test_track_b_01730,2,0,0,0,0,0
ptbr_test_track_b_01731,1,0,0,0,0,0
ptbr_test_track_b_01732,0,0,0,2,0,0
ptbr_test_track_b_01733,0,0,0,1,0,0
ptbr_test_track_b_01734,0,0,0,1,0,0
ptbr_test_track_b_01735,0,0,0,0,0,0
ptbr_test_track_b_01736,2,0,0,0,0,0
ptbr_test_track_b_01737,0,0,0,0,0,0
ptbr_test_track_b_01738,0,0,0,0,0,0
ptbr_test_track_b_01739,0,0,0,0,0,0
ptbr_test_track_b_01740,0,0,0,0,0,0
ptbr_test_track_b_01741,0,0,0,1,0,0
ptbr_test_track_b_01742,0,0,0,0,0,0
ptbr_test_track_b_01743,0,0,0,0,1,0
ptbr_test_track_b_01744,0,0,0,0,1,0
ptbr_test_track_b_01745,0,0,0,0,0,0
ptbr_test_track_b_01746,2,0,0,0,0,0
ptbr_test_track_b_01747,0,0,0,0,1,0
ptbr_test_track_b_01748,0,0,0,0,0,0
ptbr_test_track_b_01749,0,0,0,0,0,0
ptbr_test_track_b_01750,0,0,0,0,0,0
ptbr_test_track_b_01751,0,0,0,0,0,0
ptbr_test_track_b_01752,1,0,0,0,0,0
ptbr_test_track_b_01753,1,0,0,0,0,0
ptbr_test_track_b_01754,0,0,0,0,0,0
ptbr_test_track_b_01755,0,0,0,0,0,0
ptbr_test_track_b_01756,0,0,0,0,0,0
ptbr_test_track_b_01757,1,0,0,0,1,0
ptbr_test_track_b_01758,1,0,0,0,0,0
ptbr_test_track_b_01759,2,0,0,0,0,0
ptbr_test_track_b_01760,2,0,0,0,0,0
ptbr_test_track_b_01761,0,0,0,0,0,0
ptbr_test_track_b_01762,0,0,0,0,1,0
ptbr_test_track_b_01763,0,0,0,0,1,0
ptbr_test_track_b_01764,0,0,0,0,0,0
ptbr_test_track_b_01765,0,0,0,0,0,0
ptbr_test_track_b_01766,1,0,0,0,1,0
ptbr_test_track_b_01767,2,0,0,0,0,0
ptbr_test_track_b_01768,1,0,0,0,0,1
ptbr_test_track_b_01769,0,0,0,1,1,0
ptbr_test_track_b_01770,0,0,0,0,2,0
ptbr_test_track_b_01771,0,0,0,0,0,0
ptbr_test_track_b_01772,0,0,0,1,0,0
ptbr_test_track_b_01773,1,0,0,0,0,0
ptbr_test_track_b_01774,1,0,0,0,0,0
ptbr_test_track_b_01775,1,0,0,0,0,1
ptbr_test_track_b_01776,0,0,0,0,2,0
ptbr_test_track_b_01777,0,0,0,0,0,0
ptbr_test_track_b_01778,1,0,0,0,0,0
ptbr_test_track_b_01779,0,0,0,0,0,1
ptbr_test_track_b_01780,0,0,0,0,0,0
ptbr_test_track_b_01781,0,0,0,0,0,0
ptbr_test_track_b_01782,1,0,0,0,0,0
ptbr_test_track_b_01783,0,0,0,0,0,0
ptbr_test_track_b_01784,0,0,0,2,0,0
ptbr_test_track_b_01785,1,0,0,0,0,0
ptbr_test_track_b_01786,0,0,0,0,0,0
ptbr_test_track_b_01787,0,0,0,1,0,0
ptbr_test_track_b_01788,0,0,0,0,0,0
ptbr_test_track_b_01789,0,0,0,0,0,0
ptbr_test_track_b_01790,0,0,0,2,0,0
ptbr_test_track_b_01791,0,0,0,2,0,0
ptbr_test_track_b_01792,0,0,0,0,0,0
ptbr_test_track_b_01793,0,0,0,1,0,0
ptbr_test_track_b_01794,2,0,0,0,0,0
ptbr_test_track_b_01795,0,0,0,0,0,0
ptbr_test_track_b_01796,0,0,0,2,0,0
ptbr_test_track_b_01797,0,0,0,0,0,1
ptbr_test_track_b_01798,0,0,0,2,0,0
ptbr_test_track_b_01799,0,0,0,0,0,0
ptbr_test_track_b_01800,0,0,0,0,0,0
ptbr_test_track_b_01801,0,0,0,0,0,0
ptbr_test_track_b_01802,0,0,0,0,0,0
ptbr_test_track_b_01803,0,0,0,0,0,0
ptbr_test_track_b_01804,0,0,0,0,0,0
ptbr_test_track_b_01805,0,0,0,0,0,0
ptbr_test_track_b_01806,2,0,0,0,1,0
ptbr_test_track_b_01807,0,0,0,0,0,0
ptbr_test_track_b_01808,0,0,0,1,0,0
ptbr_test_track_b_01809,0,0,1,0,0,0
ptbr_test_track_b_01810,0,0,0,1,0,0
ptbr_test_track_b_01811,1,0,0,0,0,0
ptbr_test_track_b_01812,0,0,0,0,0,0
ptbr_test_track_b_01813,1,0,0,0,0,0
ptbr_test_track_b_01814,1,0,0,0,0,0
ptbr_test_track_b_01815,0,0,0,0,0,0
ptbr_test_track_b_01816,1,0,0,0,0,0
ptbr_test_track_b_01817,1,0,0,0,0,0
ptbr_test_track_b_01818,1,0,0,0,0,0
ptbr_test_track_b_01819,0,0,0,0,0,0
ptbr_test_track_b_01820,0,0,0,2,0,0
ptbr_test_track_b_01821,0,0,0,2,0,0
ptbr_test_track_b_01822,2,0,0,0,0,0
ptbr_test_track_b_01823,1,0,0,0,0,0
ptbr_test_track_b_01824,0,0,0,1,0,0
ptbr_test_track_b_01825,0,0,0,2,0,0
ptbr_test_track_b_01826,2,0,0,0,0,0
ptbr_test_track_b_01827,0,0,0,0,0,1
ptbr_test_track_b_01828,1,0,0,0,1,0
ptbr_test_track_b_01829,0,0,0,1,0,0
ptbr_test_track_b_01830,2,0,0,0,0,0
ptbr_test_track_b_01831,0,0,0,0,0,0
ptbr_test_track_b_01832,2,0,0,0,0,0
ptbr_test_track_b_01833,0,0,0,0,0,0
ptbr_test_track_b_01834,0,0,0,2,0,0
ptbr_test_track_b_01835,1,0,0,0,0,0
ptbr_test_track_b_01836,0,0,0,0,0,0
ptbr_test_track_b_01837,1,0,0,0,0,0
ptbr_test_track_b_01838,0,0,0,0,0,0
ptbr_test_track_b_01839,0,0,0,0,0,1
ptbr_test_track_b_01840,2,0,0,0,0,0
ptbr_test_track_b_01841,1,0,0,0,0,0
ptbr_test_track_b_01842,2,0,0,0,0,0
ptbr_test_track_b_01843,0,0,0,0,0,0
ptbr_test_track_b_01844,0,0,0,3,0,0
ptbr_test_track_b_01845,0,0,0,0,0,0
ptbr_test_track_b_01846,0,0,0,2,0,0
ptbr_test_track_b_01847,1,0,0,0,0,0
ptbr_test_track_b_01848,0,0,0,0,0,0
ptbr_test_track_b_01849,0,0,0,2,0,0
ptbr_test_track_b_01850,0,0,2,0,0,0
ptbr_test_track_b_01851,0,0,0,0,2,0
ptbr_test_track_b_01852,0,0,0,0,0,0
ptbr_test_track_b_01853,0,0,0,2,0,0
ptbr_test_track_b_01854,1,0,0,0,0,0
ptbr_test_track_b_01855,0,0,0,1,0,0
ptbr_test_track_b_01856,0,0,0,0,0,0
ptbr_test_track_b_01857,0,0,0,2,0,0
ptbr_test_track_b_01858,0,0,0,0,0,0
ptbr_test_track_b_01859,0,0,0,0,0,1
ptbr_test_track_b_01860,1,0,0,0,0,0
ptbr_test_track_b_01861,0,0,0,2,0,0
ptbr_test_track_b_01862,1,0,0,0,0,0
ptbr_test_track_b_01863,0,0,0,0,0,0
ptbr_test_track_b_01864,0,0,0,1,0,0
ptbr_test_track_b_01865,0,0,0,1,0,0
ptbr_test_track_b_01866,0,0,0,0,0,0
ptbr_test_track_b_01867,0,0,0,0,0,0
ptbr_test_track_b_01868,0,0,0,1,0,0
ptbr_test_track_b_01869,0,0,0,1,0,0
ptbr_test_track_b_01870,1,0,0,0,2,0
ptbr_test_track_b_01871,0,0,0,0,0,0
ptbr_test_track_b_01872,2,0,0,0,0,0
ptbr_test_track_b_01873,0,0,0,0,0,0
ptbr_test_track_b_01874,0,0,0,0,0,0
ptbr_test_track_b_01875,0,0,0,0,0,0
ptbr_test_track_b_01876,0,0,0,1,0,0
ptbr_test_track_b_01877,0,0,0,0,0,0
ptbr_test_track_b_01878,2,0,0,0,0,0
ptbr_test_track_b_01879,0,0,0,0,0,0
ptbr_test_track_b_01880,0,0,0,0,0,1
ptbr_test_track_b_01881,0,0,0,0,0,0
ptbr_test_track_b_01882,0,0,0,1,0,0
ptbr_test_track_b_01883,0,0,0,1,0,0
ptbr_test_track_b_01884,0,0,0,0,0,1
ptbr_test_track_b_01885,0,0,0,2,0,0
ptbr_test_track_b_01886,0,0,0,0,1,0
ptbr_test_track_b_01887,0,0,0,0,1,0
ptbr_test_track_b_01888,0,0,0,0,0,0
ptbr_test_track_b_01889,0,0,0,0,0,0
ptbr_test_track_b_01890,0,0,0,2,0,0
ptbr_test_track_b_01891,0,0,0,0,3,0
ptbr_test_track_b_01892,0,0,0,0,0,0
ptbr_test_track_b_01893,0,0,0,0,0,0
ptbr_test_track_b_01894,0,0,0,0,0,0
ptbr_test_track_b_01895,0,0,0,0,0,0
ptbr_test_track_b_01896,0,0,0,0,0,0
ptbr_test_track_b_01897,0,0,0,0,0,0
ptbr_test_track_b_01898,0,0,0,1,0,1
ptbr_test_track_b_01899,1,0,0,0,0,0
ptbr_test_track_b_01900,1,0,0,0,1,0
ptbr_test_track_b_01901,0,0,0,0,1,0
ptbr_test_track_b_01902,1,0,0,0,0,0
ptbr_test_track_b_01903,0,0,0,0,0,0
ptbr_test_track_b_01904,2,0,0,0,0,0
ptbr_test_track_b_01905,0,0,0,0,2,0
ptbr_test_track_b_01906,0,0,0,2,0,0
ptbr_test_track_b_01907,0,0,0,0,0,0
ptbr_test_track_b_01908,0,0,0,2,0,0
ptbr_test_track_b_01909,0,0,0,0,0,0
ptbr_test_track_b_01910,1,0,0,0,0,0
ptbr_test_track_b_01911,0,0,0,0,0,0
ptbr_test_track_b_01912,0,0,0,0,0,0
ptbr_test_track_b_01913,1,0,0,0,0,0
ptbr_test_track_b_01914,0,0,0,2,0,0
ptbr_test_track_b_01915,2,0,0,0,0,0
ptbr_test_track_b_01916,0,0,0,1,0,0
ptbr_test_track_b_01917,1,0,0,0,0,0
ptbr_test_track_b_01918,1,0,0,0,0,0
ptbr_test_track_b_01919,0,0,0,0,0,0
ptbr_test_track_b_01920,0,0,0,1,0,0
ptbr_test_track_b_01921,0,0,0,0,0,0
ptbr_test_track_b_01922,0,0,0,0,2,0
ptbr_test_track_b_01923,0,0,0,0,0,0
ptbr_test_track_b_01924,1,0,0,0,0,0
ptbr_test_track_b_01925,0,0,0,1,0,0
ptbr_test_track_b_01926,0,0,0,1,0,0
ptbr_test_track_b_01927,0,0,0,2,0,0
ptbr_test_track_b_01928,1,0,0,0,0,0
ptbr_test_track_b_01929,0,0,0,2,0,0
ptbr_test_track_b_01930,0,0,0,3,0,0
ptbr_test_track_b_01931,0,0,0,0,0,0
ptbr_test_track_b_01932,0,0,0,0,0,0
ptbr_test_track_b_01933,2,0,0,0,0,0
ptbr_test_track_b_01934,0,0,0,2,0,0
ptbr_test_track_b_01935,1,0,0,0,0,0
ptbr_test_track_b_01936,0,0,0,0,1,0
ptbr_test_track_b_01937,0,0,0,2,0,0
ptbr_test_track_b_01938,0,0,0,1,0,0
ptbr_test_track_b_01939,1,0,0,0,0,0
ptbr_test_track_b_01940,0,0,0,1,0,0
ptbr_test_track_b_01941,0,0,0,0,0,0
ptbr_test_track_b_01942,2,0,0,0,0,0
ptbr_test_track_b_01943,1,0,0,0,0,0
ptbr_test_track_b_01944,1,0,0,0,0,0
ptbr_test_track_b_01945,1,0,0,0,0,0
ptbr_test_track_b_01946,0,0,0,0,0,0
ptbr_test_track_b_01947,1,0,0,0,0,0
ptbr_test_track_b_01948,1,0,0,0,0,0
ptbr_test_track_b_01949,1,0,0,0,0,0
ptbr_test_track_b_01950,0,0,0,1,0,0
ptbr_test_track_b_01951,1,0,0,0,0,0
ptbr_test_track_b_01952,1,0,0,0,0,0
ptbr_test_track_b_01953,0,0,0,0,2,0
ptbr_test_track_b_01954,0,0,0,0,0,0
ptbr_test_track_b_01955,0,0,0,0,2,0
ptbr_test_track_b_01956,0,0,0,2,0,0
ptbr_test_track_b_01957,0,0,0,2,0,0
ptbr_test_track_b_01958,0,0,0,0,0,0
ptbr_test_track_b_01959,0,0,0,0,0,0
ptbr_test_track_b_01960,0,0,0,0,0,0
ptbr_test_track_b_01961,3,0,0,0,0,0
ptbr_test_track_b_01962,0,0,0,0,0,0
ptbr_test_track_b_01963,1,0,0,0,0,0
ptbr_test_track_b_01964,0,0,0,0,0,0
ptbr_test_track_b_01965,0,0,0,2,0,2
ptbr_test_track_b_01966,0,0,0,2,0,0
ptbr_test_track_b_01967,1,0,0,0,0,0
ptbr_test_track_b_01968,1,0,0,0,1,0
ptbr_test_track_b_01969,1,0,0,0,0,0
ptbr_test_track_b_01970,0,0,0,0,0,0
ptbr_test_track_b_01971,0,0,0,0,0,0
ptbr_test_track_b_01972,2,0,0,0,0,0
ptbr_test_track_b_01973,2,0,0,0,0,0
ptbr_test_track_b_01974,0,0,0,0,0,0
ptbr_test_track_b_01975,1,0,0,0,1,0
ptbr_test_track_b_01976,2,0,0,0,0,0
ptbr_test_track_b_01977,1,0,0,0,0,0
ptbr_test_track_b_01978,0,0,0,0,0,0
ptbr_test_track_b_01979,2,0,0,0,0,0
ptbr_test_track_b_01980,1,0,0,0,0,0
ptbr_test_track_b_01981,0,0,0,2,0,0
ptbr_test_track_b_01982,0,0,0,2,0,0
ptbr_test_track_b_01983,2,0,0,0,0,0
ptbr_test_track_b_01984,1,0,0,0,0,0
ptbr_test_track_b_01985,0,0,0,0,0,0
ptbr_test_track_b_01986,0,0,0,2,0,0
ptbr_test_track_b_01987,0,0,0,2,0,0
ptbr_test_track_b_01988,2,0,0,0,0,0
ptbr_test_track_b_01989,2,0,0,0,0,0
ptbr_test_track_b_01990,0,0,0,0,0,0
ptbr_test_track_b_01991,0,0,0,0,0,0
ptbr_test_track_b_01992,0,0,0,0,0,0
ptbr_test_track_b_01993,1,0,0,0,0,0
ptbr_test_track_b_01994,1,0,0,0,0,0
ptbr_test_track_b_01995,0,0,0,0,0,0
ptbr_test_track_b_01996,1,0,0,0,0,0
ptbr_test_track_b_01997,0,0,0,0,0,0
ptbr_test_track_b_01998,0,0,0,2,0,0
ptbr_test_track_b_01999,1,0,1,0,0,0
ptbr_test_track_b_02000,0,0,0,2,0,0
ptbr_test_track_b_02001,0,0,0,0,1,0
ptbr_test_track_b_02002,0,0,0,0,0,1
ptbr_test_track_b_02003,0,0,0,0,0,0
ptbr_test_track_b_02004,2,0,0,0,0,0
ptbr_test_track_b_02005,0,0,0,2,0,0
ptbr_test_track_b_02006,0,0,0,0,0,0
ptbr_test_track_b_02007,0,0,0,2,0,0
ptbr_test_track_b_02008,0,0,1,0,0,0
ptbr_test_track_b_02009,1,0,0,0,0,1
ptbr_test_track_b_02010,1,0,0,0,1,0
ptbr_test_track_b_02011,0,0,0,0,2,0
ptbr_test_track_b_02012,0,0,0,2,0,0
ptbr_test_track_b_02013,3,0,0,0,3,0
ptbr_test_track_b_02014,0,0,0,0,0,0
ptbr_test_track_b_02015,0,0,0,0,0,0
ptbr_test_track_b_02016,0,0,0,0,0,0
ptbr_test_track_b_02017,0,0,0,2,0,0
ptbr_test_track_b_02018,2,0,0,0,0,0
ptbr_test_track_b_02019,0,0,0,0,1,0
ptbr_test_track_b_02020,2,0,0,0,0,0
ptbr_test_track_b_02021,0,0,0,0,1,0
ptbr_test_track_b_02022,0,0,0,0,0,0
ptbr_test_track_b_02023,1,0,0,0,0,0
ptbr_test_track_b_02024,0,0,0,0,0,0
ptbr_test_track_b_02025,0,0,0,0,0,0
ptbr_test_track_b_02026,0,0,0,0,0,0
ptbr_test_track_b_02027,1,0,0,0,0,0
ptbr_test_track_b_02028,2,0,0,0,0,0
ptbr_test_track_b_02029,2,0,0,0,0,0
ptbr_test_track_b_02030,0,0,0,0,0,0
ptbr_test_track_b_02031,0,0,0,0,2,0
ptbr_test_track_b_02032,0,0,0,2,0,0
ptbr_test_track_b_02033,1,0,0,0,0,0
ptbr_test_track_b_02034,0,0,0,0,0,0
ptbr_test_track_b_02035,2,0,0,0,0,0
ptbr_test_track_b_02036,1,0,0,0,0,0
ptbr_test_track_b_02037,0,0,0,1,0,0
ptbr_test_track_b_02038,1,0,0,0,0,0
ptbr_test_track_b_02039,0,0,0,0,0,0
ptbr_test_track_b_02040,0,0,0,2,0,0
ptbr_test_track_b_02041,0,0,0,1,0,0
ptbr_test_track_b_02042,1,0,0,0,0,0
ptbr_test_track_b_02043,0,0,0,0,0,0
ptbr_test_track_b_02044,0,0,0,2,0,0
ptbr_test_track_b_02045,0,0,0,2,0,0
ptbr_test_track_b_02046,0,0,0,0,3,0
ptbr_test_track_b_02047,0,0,0,0,0,0
ptbr_test_track_b_02048,0,0,0,0,1,0
ptbr_test_track_b_02049,0,0,1,0,0,0
ptbr_test_track_b_02050,0,0,0,0,1,0
ptbr_test_track_b_02051,0,0,0,0,0,0
ptbr_test_track_b_02052,1,0,0,0,0,0
ptbr_test_track_b_02053,0,0,0,0,2,0
ptbr_test_track_b_02054,0,0,0,0,0,0
ptbr_test_track_b_02055,0,0,0,0,0,0
ptbr_test_track_b_02056,0,0,0,0,1,0
ptbr_test_track_b_02057,0,0,0,0,0,1
ptbr_test_track_b_02058,0,0,0,0,0,0
ptbr_test_track_b_02059,0,0,0,0,0,0
ptbr_test_track_b_02060,1,0,0,0,0,1
ptbr_test_track_b_02061,0,0,0,0,0,0
ptbr_test_track_b_02062,0,0,0,2,0,0
ptbr_test_track_b_02063,2,0,0,0,0,0
ptbr_test_track_b_02064,1,0,0,0,0,0
ptbr_test_track_b_02065,0,0,0,0,1,0
ptbr_test_track_b_02066,0,0,0,0,0,0
ptbr_test_track_b_02067,1,0,0,0,0,1
ptbr_test_track_b_02068,0,0,0,0,0,0
ptbr_test_track_b_02069,1,0,0,0,1,0
ptbr_test_track_b_02070,1,0,0,0,0,0
ptbr_test_track_b_02071,0,0,0,0,2,0
ptbr_test_track_b_02072,0,0,1,0,0,0
ptbr_test_track_b_02073,0,0,0,0,0,0
ptbr_test_track_b_02074,0,0,0,0,0,0
ptbr_test_track_b_02075,0,0,0,0,1,0
ptbr_test_track_b_02076,0,0,0,1,0,0
ptbr_test_track_b_02077,0,0,0,1,0,0
ptbr_test_track_b_02078,0,0,0,2,0,0
ptbr_test_track_b_02079,0,0,0,2,0,0
ptbr_test_track_b_02080,0,0,0,1,0,0
ptbr_test_track_b_02081,0,0,0,0,0,0
ptbr_test_track_b_02082,1,0,0,0,0,0
ptbr_test_track_b_02083,0,0,0,0,0,0
ptbr_test_track_b_02084,1,0,0,0,0,0
ptbr_test_track_b_02085,0,0,0,0,0,0
ptbr_test_track_b_02086,0,0,0,0,1,0
ptbr_test_track_b_02087,0,0,0,0,0,0
ptbr_test_track_b_02088,0,0,0,0,1,0
ptbr_test_track_b_02089,0,0,0,0,0,0
ptbr_test_track_b_02090,0,0,0,2,0,0
ptbr_test_track_b_02091,1,0,0,0,0,0
ptbr_test_track_b_02092,1,0,0,0,0,0
ptbr_test_track_b_02093,0,0,0,2,0,0
ptbr_test_track_b_02094,0,0,0,0,0,0
ptbr_test_track_b_02095,0,0,0,0,0,0
ptbr_test_track_b_02096,0,0,0,0,1,0
ptbr_test_track_b_02097,0,0,0,1,0,0
ptbr_test_track_b_02098,0,0,0,1,0,0
ptbr_test_track_b_02099,0,0,0,1,0,0
ptbr_test_track_b_02100,0,0,0,0,0,0
ptbr_test_track_b_02101,2,0,0,0,2,0
ptbr_test_track_b_02102,1,0,0,0,0,0
ptbr_test_track_b_02103,0,0,0,0,0,0
ptbr_test_track_b_02104,0,0,0,1,0,0
ptbr_test_track_b_02105,3,0,0,0,0,0
ptbr_test_track_b_02106,0,0,0,0,0,0
ptbr_test_track_b_02107,0,0,0,0,0,0
ptbr_test_track_b_02108,0,0,0,0,0,0
ptbr_test_track_b_02109,0,0,0,0,0,0
ptbr_test_track_b_02110,0,0,0,0,0,0
ptbr_test_track_b_02111,0,0,0,0,0,0
ptbr_test_track_b_02112,0,0,0,0,0,0
ptbr_test_track_b_02113,1,0,0,0,0,0
ptbr_test_track_b_02114,2,0,0,0,0,0
ptbr_test_track_b_02115,0,0,0,1,0,0
ptbr_test_track_b_02116,2,0,0,0,1,0
ptbr_test_track_b_02117,0,0,0,0,2,0
ptbr_test_track_b_02118,0,0,0,1,0,0
ptbr_test_track_b_02119,0,0,0,0,0,0
ptbr_test_track_b_02120,0,0,0,0,0,0
ptbr_test_track_b_02121,1,0,0,0,0,0
ptbr_test_track_b_02122,0,0,0,0,0,0
ptbr_test_track_b_02123,1,0,0,0,0,0
ptbr_test_track_b_02124,0,0,0,0,0,0
ptbr_test_track_b_02125,2,0,0,0,1,0
ptbr_test_track_b_02126,0,0,0,2,0,0
ptbr_test_track_b_02127,0,0,0,0,0,0
ptbr_test_track_b_02128,0,0,0,0,0,0
ptbr_test_track_b_02129,0,0,0,0,0,0
ptbr_test_track_b_02130,1,0,0,0,0,0
ptbr_test_track_b_02131,2,0,0,0,0,0
ptbr_test_track_b_02132,0,0,0,0,0,0
ptbr_test_track_b_02133,0,0,0,0,0,1
ptbr_test_track_b_02134,0,0,0,0,0,0
ptbr_test_track_b_02135,0,0,0,0,0,0
ptbr_test_track_b_02136,0,0,0,1,0,0
ptbr_test_track_b_02137,0,0,0,0,0,0
ptbr_test_track_b_02138,0,0,0,0,1,0
ptbr_test_track_b_02139,1,0,0,0,0,0
ptbr_test_track_b_02140,0,0,0,0,0,0
ptbr_test_track_b_02141,0,0,0,0,0,0
ptbr_test_track_b_02142,2,0,0,0,0,0
ptbr_test_track_b_02143,0,0,0,0,0,0
ptbr_test_track_b_02144,0,0,0,0,0,0
ptbr_test_track_b_02145,0,0,0,0,0,0
ptbr_test_track_b_02146,0,0,0,0,0,0
ptbr_test_track_b_02147,1,0,0,0,0,0
ptbr_test_track_b_02148,0,0,0,0,0,0
ptbr_test_track_b_02149,0,0,0,0,0,0
ptbr_test_track_b_02150,0,0,0,2,0,0
ptbr_test_track_b_02151,0,0,0,0,0,0
ptbr_test_track_b_02152,0,0,0,0,0,0
ptbr_test_track_b_02153,0,0,0,0,0,0
ptbr_test_track_b_02154,1,0,0,0,0,0
ptbr_test_track_b_02155,1,0,0,0,0,0
ptbr_test_track_b_02156,0,0,0,0,1,0
ptbr_test_track_b_02157,0,0,0,0,0,0
ptbr_test_track_b_02158,0,0,0,0,0,0
ptbr_test_track_b_02159,2,0,0,0,0,0
ptbr_test_track_b_02160,2,0,1,0,0,0
ptbr_test_track_b_02161,0,0,0,0,0,0
ptbr_test_track_b_02162,0,0,0,0,0,0
ptbr_test_track_b_02163,0,0,0,0,0,0
ptbr_test_track_b_02164,2,0,0,0,0,0
ptbr_test_track_b_02165,0,0,0,0,0,0
ptbr_test_track_b_02166,2,0,0,0,0,0
ptbr_test_track_b_02167,0,0,0,0,0,1
ptbr_test_track_b_02168,0,0,0,0,0,0
ptbr_test_track_b_02169,1,0,0,0,0,0
ptbr_test_track_b_02170,1,0,0,0,0,0
ptbr_test_track_b_02171,0,0,0,0,0,0
ptbr_test_track_b_02172,0,0,0,0,0,0
ptbr_test_track_b_02173,0,0,0,0,0,0
ptbr_test_track_b_02174,1,0,0,0,0,0
ptbr_test_track_b_02175,2,0,0,0,0,0
ptbr_test_track_b_02176,0,0,0,0,0,0
ptbr_test_track_b_02177,0,0,0,0,0,0
ptbr_test_track_b_02178,0,0,0,0,0,0
ptbr_test_track_b_02179,0,0,1,0,0,0
ptbr_test_track_b_02180,0,0,0,0,0,0
ptbr_test_track_b_02181,2,0,0,0,0,0
ptbr_test_track_b_02182,0,0,0,0,1,0
ptbr_test_track_b_02183,0,0,0,2,0,0
ptbr_test_track_b_02184,0,0,0,0,0,0
ptbr_test_track_b_02185,0,0,0,0,0,0
ptbr_test_track_b_02186,1,0,0,0,0,0
ptbr_test_track_b_02187,1,0,0,0,2,0
ptbr_test_track_b_02188,0,0,0,0,0,0
ptbr_test_track_b_02189,0,0,0,0,0,0
ptbr_test_track_b_02190,2,0,0,0,0,0
ptbr_test_track_b_02191,0,0,0,0,0,0
ptbr_test_track_b_02192,0,0,0,1,0,0
ptbr_test_track_b_02193,1,0,0,0,0,0
ptbr_test_track_b_02194,0,0,0,0,0,0
ptbr_test_track_b_02195,0,0,0,1,0,0
ptbr_test_track_b_02196,0,0,0,1,2,0
ptbr_test_track_b_02197,2,0,0,0,0,0
ptbr_test_track_b_02198,0,0,0,1,0,0
ptbr_test_track_b_02199,0,0,0,2,0,0
ptbr_test_track_b_02200,0,0,0,0,0,0
ptbr_test_track_b_02201,0,0,0,0,0,0
ptbr_test_track_b_02202,0,0,0,1,0,0
ptbr_test_track_b_02203,1,0,0,0,0,0
ptbr_test_track_b_02204,0,0,0,0,1,0
ptbr_test_track_b_02205,1,0,0,0,0,0
ptbr_test_track_b_02206,1,0,0,0,0,0
ptbr_test_track_b_02207,0,0,0,0,0,0
ptbr_test_track_b_02208,0,0,0,0,0,0
ptbr_test_track_b_02209,0,0,0,0,0,0
ptbr_test_track_b_02210,1,0,0,0,0,0
ptbr_test_track_b_02211,2,0,0,0,0,0
ptbr_test_track_b_02212,0,0,0,0,0,0
ptbr_test_track_b_02213,0,0,0,2,0,0
ptbr_test_track_b_02214,0,0,0,0,0,0
ptbr_test_track_b_02215,0,0,0,2,0,0
ptbr_test_track_b_02216,2,0,0,0,0,0
ptbr_test_track_b_02217,0,0,0,1,0,0
ptbr_test_track_b_02218,0,0,0,0,0,0
ptbr_test_track_b_02219,0,0,0,0,1,0
ptbr_test_track_b_02220,0,0,0,0,2,0
ptbr_test_track_b_02221,0,0,1,0,0,0
ptbr_test_track_b_02222,0,0,0,0,0,0
ptbr_test_track_b_02223,1,0,0,0,0,0
ptbr_test_track_b_02224,0,0,0,0,0,0
ptbr_test_track_b_02225,0,0,0,0,0,0
ptbr_test_track_b_02226,0,0,0,0,1,0
