id,anger,disgust,fear,joy,sadness,surprise
amh_test_track_b_00001,0,2,0,0,0,0
amh_test_track_b_00002,0,0,0,2,0,0
amh_test_track_b_00003,1,0,0,0,1,0
amh_test_track_b_00004,0,0,0,0,0,0
amh_test_track_b_00005,0,0,0,2,0,1
amh_test_track_b_00006,0,0,0,0,1,0
amh_test_track_b_00007,0,2,0,0,0,0
amh_test_track_b_00008,0,0,0,0,0,0
amh_test_track_b_00009,0,0,2,0,0,0
amh_test_track_b_00010,1,0,0,0,0,0
amh_test_track_b_00011,0,0,1,0,0,0
amh_test_track_b_00012,1,1,0,0,1,1
amh_test_track_b_00013,1,2,0,0,0,0
amh_test_track_b_00014,2,2,0,0,0,0
amh_test_track_b_00015,0,0,0,0,0,0
amh_test_track_b_00016,1,1,0,0,0,0
amh_test_track_b_00017,1,0,0,0,1,0
amh_test_track_b_00018,0,0,0,2,0,0
amh_test_track_b_00019,0,0,0,0,3,0
amh_test_track_b_00020,1,2,0,0,0,0
amh_test_track_b_00021,0,0,0,1,0,0
amh_test_track_b_00022,1,2,0,0,0,0
amh_test_track_b_00023,0,0,0,0,2,0
amh_test_track_b_00024,0,0,0,0,2,0
amh_test_track_b_00025,0,0,0,0,0,0
amh_test_track_b_00026,0,0,0,0,0,0
amh_test_track_b_00027,1,2,0,0,0,0
amh_test_track_b_00028,0,0,0,0,0,0
amh_test_track_b_00029,0,0,0,0,0,0
amh_test_track_b_00030,1,0,0,0,1,0
amh_test_track_b_00031,0,0,0,2,0,0
amh_test_track_b_00032,1,1,0,0,0,0
amh_test_track_b_00033,0,0,0,0,0,0
amh_test_track_b_00034,0,0,0,1,1,0
amh_test_track_b_00035,0,2,0,0,0,0
amh_test_track_b_00036,0,0,0,2,0,0
amh_test_track_b_00037,1,0,0,0,0,0
amh_test_track_b_00038,1,1,0,0,0,0
amh_test_track_b_00039,0,1,0,0,0,0
amh_test_track_b_00040,1,1,0,0,0,0
amh_test_track_b_00041,0,0,0,2,0,0
amh_test_track_b_00042,1,2,0,0,0,0
amh_test_track_b_00043,0,1,0,0,0,0
amh_test_track_b_00044,1,0,0,0,0,0
amh_test_track_b_00045,0,0,0,0,3,0
amh_test_track_b_00046,1,1,0,0,0,1
amh_test_track_b_00047,0,0,0,0,2,0
amh_test_track_b_00048,0,0,0,0,0,0
amh_test_track_b_00049,0,0,0,0,0,0
amh_test_track_b_00050,0,1,0,0,0,0
amh_test_track_b_00051,1,2,0,0,0,0
amh_test_track_b_00052,0,0,0,2,0,0
amh_test_track_b_00053,0,2,0,0,0,0
amh_test_track_b_00054,1,1,0,0,0,0
amh_test_track_b_00055,1,0,0,0,0,0
amh_test_track_b_00056,0,0,1,0,0,0
amh_test_track_b_00057,1,0,0,0,0,0
amh_test_track_b_00058,1,0,0,0,0,0
amh_test_track_b_00059,0,0,0,0,0,0
amh_test_track_b_00060,0,0,0,0,3,0
amh_test_track_b_00061,1,1,0,0,0,0
amh_test_track_b_00062,0,0,0,0,0,0
amh_test_track_b_00063,0,0,0,0,0,1
amh_test_track_b_00064,0,0,0,0,0,0
amh_test_track_b_00065,0,0,0,2,0,0
amh_test_track_b_00066,0,0,0,0,1,0
amh_test_track_b_00067,1,2,0,0,0,0
amh_test_track_b_00068,0,0,0,0,0,0
amh_test_track_b_00069,1,0,0,0,0,0
amh_test_track_b_00070,0,0,0,0,0,0
amh_test_track_b_00071,0,0,0,2,0,0
amh_test_track_b_00072,0,0,0,0,0,0
amh_test_track_b_00073,0,0,0,1,0,0
amh_test_track_b_00074,0,0,0,0,0,0
amh_test_track_b_00075,0,2,0,0,0,1
amh_test_track_b_00076,1,1,0,0,0,0
amh_test_track_b_00077,1,0,0,0,0,0
amh_test_track_b_00078,0,1,0,0,0,0
amh_test_track_b_00079,0,0,0,1,0,0
amh_test_track_b_00080,1,0,0,0,0,0
amh_test_track_b_00081,0,0,0,0,0,0
amh_test_track_b_00082,1,1,0,0,0,0
amh_test_track_b_00083,0,2,0,0,0,0
amh_test_track_b_00084,0,0,0,0,0,0
amh_test_track_b_00085,0,0,0,0,0,0
amh_test_track_b_00086,0,0,0,0,0,1
amh_test_track_b_00087,1,2,0,0,0,0
amh_test_track_b_00088,2,0,0,0,0,0
amh_test_track_b_00089,0,1,0,0,0,0
amh_test_track_b_00090,0,0,0,0,0,0
amh_test_track_b_00091,0,0,0,0,1,0
amh_test_track_b_00092,0,0,0,0,0,0
amh_test_track_b_00093,1,0,0,0,0,0
amh_test_track_b_00094,0,0,0,0,0,0
amh_test_track_b_00095,1,2,0,0,0,0
amh_test_track_b_00096,0,0,0,3,0,0
amh_test_track_b_00097,0,0,0,0,2,0
amh_test_track_b_00098,0,0,0,0,2,0
amh_test_track_b_00099,0,0,0,0,2,0
amh_test_track_b_00100,0,0,0,0,1,0
amh_test_track_b_00101,1,0,0,0,0,0
amh_test_track_b_00102,0,0,0,3,0,0
amh_test_track_b_00103,0,0,0,0,2,0
amh_test_track_b_00104,0,1,0,0,0,0
amh_test_track_b_00105,0,0,0,0,0,0
amh_test_track_b_00106,0,0,0,0,0,0
amh_test_track_b_00107,0,0,0,2,0,0
amh_test_track_b_00108,0,0,0,0,0,0
amh_test_track_b_00109,0,0,0,2,0,1
amh_test_track_b_00110,0,0,0,0,0,0
amh_test_track_b_00111,0,0,0,0,2,1
amh_test_track_b_00112,0,0,0,0,3,0
amh_test_track_b_00113,1,1,0,0,0,0
amh_test_track_b_00114,0,0,0,0,0,0
amh_test_track_b_00115,0,0,0,0,0,1
amh_test_track_b_00116,0,0,0,0,0,0
amh_test_track_b_00117,0,0,0,2,0,0
amh_test_track_b_00118,1,0,0,0,0,0
amh_test_track_b_00119,0,0,0,0,0,0
amh_test_track_b_00120,1,2,0,0,0,0
amh_test_track_b_00121,0,0,0,0,0,0
amh_test_track_b_00122,1,2,0,0,0,0
amh_test_track_b_00123,0,0,0,0,0,0
amh_test_track_b_00124,1,0,0,0,0,0
amh_test_track_b_00125,0,0,0,0,0,0
amh_test_track_b_00126,0,0,0,3,0,0
amh_test_track_b_00127,0,0,0,0,0,0
amh_test_track_b_00128,1,0,0,0,0,0
amh_test_track_b_00129,0,0,0,0,0,1
amh_test_track_b_00130,1,0,0,0,0,0
amh_test_track_b_00131,0,0,0,0,2,0
amh_test_track_b_00132,0,0,0,1,0,0
amh_test_track_b_00133,1,1,0,0,0,0
amh_test_track_b_00134,0,1,0,0,0,0
amh_test_track_b_00135,1,1,0,0,0,0
amh_test_track_b_00136,0,0,0,0,0,0
amh_test_track_b_00137,0,0,0,0,1,1
amh_test_track_b_00138,0,0,0,0,0,0
amh_test_track_b_00139,1,0,0,0,0,0
amh_test_track_b_00140,1,2,0,0,0,0
amh_test_track_b_00141,1,2,0,0,0,0
amh_test_track_b_00142,0,0,0,2,0,0
amh_test_track_b_00143,0,0,0,3,0,1
amh_test_track_b_00144,1,2,0,0,0,0
amh_test_track_b_00145,1,0,0,0,0,0
amh_test_track_b_00146,0,0,0,0,0,0
amh_test_track_b_00147,0,0,0,0,0,0
amh_test_track_b_00148,1,1,0,0,0,0
amh_test_track_b_00149,1,0,0,0,2,0
amh_test_track_b_00150,1,0,0,0,1,0
amh_test_track_b_00151,1,1,0,0,0,0
amh_test_track_b_00152,0,0,0,0,0,0
amh_test_track_b_00153,1,2,0,0,0,0
amh_test_track_b_00154,1,1,0,0,0,0
amh_test_track_b_00155,1,2,0,0,0,0
amh_test_track_b_00156,0,0,0,1,0,0
amh_test_track_b_00157,0,0,0,0,1,0
amh_test_track_b_00158,1,1,0,0,0,0
amh_test_track_b_00159,1,0,0,0,0,0
amh_test_track_b_00160,0,0,0,2,0,0
amh_test_track_b_00161,1,1,0,0,0,0
amh_test_track_b_00162,1,0,0,0,0,0
amh_test_track_b_00163,0,0,0,2,0,0
amh_test_track_b_00164,1,2,0,0,0,0
amh_test_track_b_00165,1,1,0,0,0,0
amh_test_track_b_00166,0,0,0,0,0,0
amh_test_track_b_00167,0,0,0,0,0,0
amh_test_track_b_00168,0,0,0,0,0,0
amh_test_track_b_00169,1,0,0,0,0,0
amh_test_track_b_00170,0,0,0,2,0,0
amh_test_track_b_00171,1,2,0,0,0,0
amh_test_track_b_00172,0,0,0,0,2,0
amh_test_track_b_00173,0,0,1,0,0,0
amh_test_track_b_00174,0,0,0,0,0,1
amh_test_track_b_00175,0,0,0,0,0,1
amh_test_track_b_00176,0,0,0,2,0,0
amh_test_track_b_00177,0,0,0,0,0,0
amh_test_track_b_00178,0,0,0,0,0,0
amh_test_track_b_00179,1,0,0,0,0,0
amh_test_track_b_00180,1,1,0,0,0,0
amh_test_track_b_00181,0,0,0,0,0,0
amh_test_track_b_00182,1,2,0,0,0,0
amh_test_track_b_00183,0,0,0,0,0,0
amh_test_track_b_00184,0,0,0,2,0,0
amh_test_track_b_00185,0,0,0,1,0,0
amh_test_track_b_00186,0,1,0,0,0,0
amh_test_track_b_00187,0,0,0,0,2,0
amh_test_track_b_00188,0,0,0,0,2,0
amh_test_track_b_00189,0,0,0,0,0,0
amh_test_track_b_00190,0,2,0,0,0,0
amh_test_track_b_00191,0,0,0,0,0,0
amh_test_track_b_00192,0,0,0,2,0,0
amh_test_track_b_00193,0,0,0,0,0,0
amh_test_track_b_00194,1,2,0,0,0,0
amh_test_track_b_00195,0,2,0,0,0,0
amh_test_track_b_00196,1,0,0,0,0,0
amh_test_track_b_00197,1,2,0,0,0,0
amh_test_track_b_00198,0,0,0,2,0,0
amh_test_track_b_00199,0,2,0,0,0,0
amh_test_track_b_00200,0,0,0,0,0,0
amh_test_track_b_00201,0,0,0,0,1,0
amh_test_track_b_00202,0,2,0,0,0,0
amh_test_track_b_00203,0,0,0,0,0,0
amh_test_track_b_00204,0,0,0,0,3,0
amh_test_track_b_00205,0,0,0,0,0,0
amh_test_track_b_00206,0,0,0,0,0,1
amh_test_track_b_00207,1,1,0,0,0,0
amh_test_track_b_00208,2,2,0,0,0,0
amh_test_track_b_00209,1,2,0,0,0,0
amh_test_track_b_00210,0,0,0,0,0,0
amh_test_track_b_00211,1,0,0,0,0,0
amh_test_track_b_00212,2,1,0,0,0,0
amh_test_track_b_00213,1,1,0,0,0,0
amh_test_track_b_00214,0,2,0,0,0,0
amh_test_track_b_00215,1,1,0,0,0,0
amh_test_track_b_00216,0,0,0,0,0,0
amh_test_track_b_00217,1,0,0,0,0,1
amh_test_track_b_00218,0,0,0,1,0,0
amh_test_track_b_00219,0,0,0,0,0,0
amh_test_track_b_00220,0,0,0,0,0,1
amh_test_track_b_00221,0,0,0,0,0,0
amh_test_track_b_00222,1,1,0,0,0,0
amh_test_track_b_00223,1,2,0,0,0,0
amh_test_track_b_00224,0,1,0,0,0,0
amh_test_track_b_00225,0,0,0,0,0,0
amh_test_track_b_00226,0,0,0,0,2,0
amh_test_track_b_00227,0,0,0,0,0,0
amh_test_track_b_00228,0,0,0,0,0,0
amh_test_track_b_00229,0,2,0,0,0,0
amh_test_track_b_00230,0,0,0,0,0,0
amh_test_track_b_00231,1,0,0,0,2,0
amh_test_track_b_00232,0,0,0,0,1,0
amh_test_track_b_00233,0,0,0,0,1,0
amh_test_track_b_00234,0,0,0,0,0,0
amh_test_track_b_00235,1,0,0,0,0,0
amh_test_track_b_00236,0,0,0,0,0,0
amh_test_track_b_00237,0,0,0,0,0,0
amh_test_track_b_00238,0,0,0,0,2,0
amh_test_track_b_00239,1,1,0,0,0,0
amh_test_track_b_00240,1,2,0,0,0,0
amh_test_track_b_00241,1,2,0,0,0,0
amh_test_track_b_00242,0,2,0,0,0,0
amh_test_track_b_00243,0,0,0,0,0,0
amh_test_track_b_00244,0,0,1,0,0,0
amh_test_track_b_00245,0,0,0,0,0,0
amh_test_track_b_00246,1,2,0,0,0,0
amh_test_track_b_00247,1,1,0,0,0,0
amh_test_track_b_00248,0,0,0,0,3,0
amh_test_track_b_00249,0,0,0,0,0,0
amh_test_track_b_00250,1,2,0,0,0,0
amh_test_track_b_00251,1,0,0,0,0,0
amh_test_track_b_00252,1,0,0,0,0,0
amh_test_track_b_00253,0,0,0,1,0,0
amh_test_track_b_00254,0,0,0,0,0,1
amh_test_track_b_00255,1,2,0,0,0,0
amh_test_track_b_00256,1,1,0,0,0,0
amh_test_track_b_00257,1,0,0,0,1,0
amh_test_track_b_00258,0,0,0,0,3,0
amh_test_track_b_00259,1,2,0,0,0,0
amh_test_track_b_00260,0,0,0,0,0,0
amh_test_track_b_00261,0,0,0,0,0,0
amh_test_track_b_00262,0,0,0,1,0,0
amh_test_track_b_00263,1,1,0,0,0,0
amh_test_track_b_00264,0,2,0,0,0,0
amh_test_track_b_00265,0,1,0,0,0,0
amh_test_track_b_00266,0,0,0,0,0,0
amh_test_track_b_00267,0,0,0,0,2,0
amh_test_track_b_00268,0,0,0,0,0,0
amh_test_track_b_00269,1,2,0,0,0,0
amh_test_track_b_00270,1,0,0,0,0,0
amh_test_track_b_00271,0,0,0,1,0,0
amh_test_track_b_00272,1,1,0,0,0,0
amh_test_track_b_00273,0,0,0,1,0,1
amh_test_track_b_00274,0,0,0,0,0,0
amh_test_track_b_00275,0,2,0,0,0,0
amh_test_track_b_00276,1,2,0,0,0,0
amh_test_track_b_00277,0,0,0,1,0,0
amh_test_track_b_00278,0,0,0,0,2,0
amh_test_track_b_00279,1,1,0,0,0,0
amh_test_track_b_00280,0,0,0,0,2,0
amh_test_track_b_00281,1,1,0,0,0,0
amh_test_track_b_00282,1,2,0,0,0,0
amh_test_track_b_00283,0,0,0,0,1,0
amh_test_track_b_00284,1,0,0,0,0,0
amh_test_track_b_00285,0,0,0,2,0,0
amh_test_track_b_00286,0,0,0,0,0,1
amh_test_track_b_00287,1,2,0,0,0,0
amh_test_track_b_00288,0,0,0,0,0,0
amh_test_track_b_00289,0,0,0,0,0,0
amh_test_track_b_00290,0,0,0,2,0,0
amh_test_track_b_00291,0,1,0,0,0,1
amh_test_track_b_00292,0,0,0,0,2,0
amh_test_track_b_00293,0,0,0,0,0,0
amh_test_track_b_00294,0,0,0,0,0,0
amh_test_track_b_00295,1,0,0,0,0,0
amh_test_track_b_00296,0,0,0,1,0,0
amh_test_track_b_00297,1,2,0,0,0,0
amh_test_track_b_00298,1,1,0,0,1,0
amh_test_track_b_00299,0,0,0,0,0,0
amh_test_track_b_00300,0,0,0,1,0,0
amh_test_track_b_00301,1,0,0,0,0,0
amh_test_track_b_00302,2,1,0,0,0,0
amh_test_track_b_00303,0,0,0,0,3,0
amh_test_track_b_00304,1,0,0,0,0,0
amh_test_track_b_00305,0,0,0,0,0,0
amh_test_track_b_00306,1,2,0,0,0,0
amh_test_track_b_00307,0,0,0,0,0,1
amh_test_track_b_00308,1,0,0,0,2,0
amh_test_track_b_00309,1,2,0,0,0,0
amh_test_track_b_00310,0,0,0,0,0,0
amh_test_track_b_00311,0,0,0,0,0,1
amh_test_track_b_00312,1,2,0,0,0,0
amh_test_track_b_00313,0,0,0,0,0,0
amh_test_track_b_00314,1,0,0,0,1,0
amh_test_track_b_00315,2,0,0,0,0,0
amh_test_track_b_00316,0,2,0,0,0,0
amh_test_track_b_00317,1,2,0,0,0,0
amh_test_track_b_00318,0,1,0,0,0,0
amh_test_track_b_00319,0,0,0,0,0,0
amh_test_track_b_00320,0,0,0,0,0,0
amh_test_track_b_00321,0,0,0,0,0,0
amh_test_track_b_00322,1,2,0,0,0,0
amh_test_track_b_00323,1,0,0,0,0,0
amh_test_track_b_00324,0,0,0,0,0,0
amh_test_track_b_00325,0,0,0,0,2,0
amh_test_track_b_00326,0,2,0,0,0,0
amh_test_track_b_00327,0,0,0,0,0,0
amh_test_track_b_00328,1,2,0,0,0,0
amh_test_track_b_00329,0,0,0,0,0,0
amh_test_track_b_00330,0,0,0,0,0,0
amh_test_track_b_00331,0,0,0,2,0,0
amh_test_track_b_00332,1,0,0,0,0,0
amh_test_track_b_00333,0,0,0,0,0,0
amh_test_track_b_00334,0,0,0,0,0,0
amh_test_track_b_00335,0,0,0,0,0,0
amh_test_track_b_00336,1,0,0,0,0,0
amh_test_track_b_00337,0,0,0,0,0,0
amh_test_track_b_00338,0,1,0,0,0,0
amh_test_track_b_00339,0,0,0,1,0,0
amh_test_track_b_00340,1,1,0,0,0,0
amh_test_track_b_00341,0,0,0,1,0,0
amh_test_track_b_00342,0,0,2,0,0,0
amh_test_track_b_00343,1,0,0,0,0,0
amh_test_track_b_00344,0,0,0,1,0,0
amh_test_track_b_00345,0,0,0,0,2,0
amh_test_track_b_00346,0,0,0,0,1,0
amh_test_track_b_00347,1,2,0,0,0,0
amh_test_track_b_00348,1,0,0,0,1,0
amh_test_track_b_00349,1,1,0,0,0,0
amh_test_track_b_00350,1,0,0,0,1,0
amh_test_track_b_00351,1,1,0,0,0,0
amh_test_track_b_00352,1,0,0,0,0,0
amh_test_track_b_00353,1,1,0,0,0,0
amh_test_track_b_00354,0,0,0,1,0,0
amh_test_track_b_00355,0,0,0,0,0,0
amh_test_track_b_00356,1,2,0,0,0,0
amh_test_track_b_00357,0,0,0,0,0,0
amh_test_track_b_00358,0,2,0,0,0,0
amh_test_track_b_00359,0,0,0,0,0,0
amh_test_track_b_00360,0,0,0,0,2,0
amh_test_track_b_00361,0,0,0,0,0,0
amh_test_track_b_00362,1,2,0,0,0,0
amh_test_track_b_00363,1,0,0,0,0,0
amh_test_track_b_00364,0,2,0,0,0,0
amh_test_track_b_00365,0,0,0,0,0,0
amh_test_track_b_00366,1,0,0,0,0,0
amh_test_track_b_00367,1,2,0,0,0,0
amh_test_track_b_00368,0,0,0,2,0,0
amh_test_track_b_00369,1,2,0,0,0,0
amh_test_track_b_00370,0,0,0,0,3,0
amh_test_track_b_00371,1,1,0,0,0,0
amh_test_track_b_00372,1,2,0,0,0,0
amh_test_track_b_00373,1,1,0,0,0,0
amh_test_track_b_00374,0,0,0,0,0,0
amh_test_track_b_00375,1,2,0,0,0,0
amh_test_track_b_00376,0,2,0,0,0,0
amh_test_track_b_00377,1,2,0,0,0,0
amh_test_track_b_00378,2,1,0,0,0,0
amh_test_track_b_00379,0,0,0,0,3,0
amh_test_track_b_00380,0,3,0,0,0,0
amh_test_track_b_00381,1,0,0,0,0,0
amh_test_track_b_00382,1,1,0,0,0,0
amh_test_track_b_00383,0,0,0,0,0,1
amh_test_track_b_00384,0,0,0,0,0,0
amh_test_track_b_00385,1,0,0,0,0,0
amh_test_track_b_00386,0,1,0,0,0,0
amh_test_track_b_00387,0,0,0,0,0,0
amh_test_track_b_00388,1,1,0,0,0,0
amh_test_track_b_00389,1,1,0,0,0,0
amh_test_track_b_00390,1,0,0,0,0,0
amh_test_track_b_00391,0,0,0,0,0,0
amh_test_track_b_00392,1,1,0,0,0,0
amh_test_track_b_00393,0,0,0,0,1,0
amh_test_track_b_00394,0,0,0,2,0,0
amh_test_track_b_00395,1,1,0,0,0,0
amh_test_track_b_00396,1,0,0,0,0,0
amh_test_track_b_00397,0,0,0,0,0,0
amh_test_track_b_00398,0,0,0,0,2,0
amh_test_track_b_00399,0,0,0,1,0,1
amh_test_track_b_00400,1,2,0,0,0,0
amh_test_track_b_00401,0,0,0,0,0,0
amh_test_track_b_00402,1,2,0,0,1,0
amh_test_track_b_00403,0,1,0,0,2,0
amh_test_track_b_00404,0,0,0,0,0,0
amh_test_track_b_00405,0,0,0,0,3,0
amh_test_track_b_00406,0,0,0,2,0,0
amh_test_track_b_00407,1,0,0,0,1,1
amh_test_track_b_00408,0,0,0,2,0,0
amh_test_track_b_00409,1,3,0,0,0,0
amh_test_track_b_00410,0,1,0,0,0,0
amh_test_track_b_00411,0,0,0,2,0,0
amh_test_track_b_00412,1,0,0,0,0,0
amh_test_track_b_00413,1,2,0,0,0,0
amh_test_track_b_00414,0,0,0,1,0,0
amh_test_track_b_00415,1,0,0,0,1,0
amh_test_track_b_00416,0,0,0,0,0,0
amh_test_track_b_00417,0,0,0,2,0,0
amh_test_track_b_00418,0,0,0,0,0,0
amh_test_track_b_00419,1,2,0,0,0,0
amh_test_track_b_00420,0,0,0,0,1,0
amh_test_track_b_00421,0,0,0,2,0,1
amh_test_track_b_00422,1,1,0,0,0,0
amh_test_track_b_00423,0,0,0,0,0,0
amh_test_track_b_00424,0,1,0,0,0,0
amh_test_track_b_00425,0,0,0,0,0,0
amh_test_track_b_00426,0,2,0,0,0,0
amh_test_track_b_00427,0,1,0,0,0,0
amh_test_track_b_00428,1,0,0,0,0,0
amh_test_track_b_00429,1,1,0,0,0,0
amh_test_track_b_00430,1,0,0,0,0,0
amh_test_track_b_00431,0,0,0,0,0,0
amh_test_track_b_00432,0,0,0,0,2,0
amh_test_track_b_00433,1,1,0,0,0,0
amh_test_track_b_00434,1,0,0,0,0,0
amh_test_track_b_00435,0,0,0,2,0,0
amh_test_track_b_00436,1,2,0,0,0,0
amh_test_track_b_00437,0,0,0,0,0,0
amh_test_track_b_00438,0,0,0,2,0,1
amh_test_track_b_00439,0,0,0,2,0,0
amh_test_track_b_00440,0,2,0,0,0,0
amh_test_track_b_00441,1,1,0,0,0,0
amh_test_track_b_00442,0,0,0,0,0,0
amh_test_track_b_00443,1,2,0,0,0,0
amh_test_track_b_00444,0,0,0,2,0,0
amh_test_track_b_00445,0,2,0,0,0,0
amh_test_track_b_00446,1,1,0,0,0,0
amh_test_track_b_00447,0,0,0,0,2,0
amh_test_track_b_00448,0,0,0,2,0,1
amh_test_track_b_00449,1,2,0,0,0,0
amh_test_track_b_00450,1,1,0,0,0,0
amh_test_track_b_00451,0,0,0,0,0,0
amh_test_track_b_00452,0,2,0,0,0,0
amh_test_track_b_00453,0,0,0,0,0,0
amh_test_track_b_00454,0,0,1,0,0,1
amh_test_track_b_00455,0,0,0,0,1,0
amh_test_track_b_00456,0,0,0,0,0,0
amh_test_track_b_00457,0,0,0,0,0,0
amh_test_track_b_00458,0,0,0,2,0,0
amh_test_track_b_00459,1,1,0,0,0,0
amh_test_track_b_00460,0,2,0,0,0,0
amh_test_track_b_00461,0,0,0,2,0,0
amh_test_track_b_00462,0,0,0,0,0,0
amh_test_track_b_00463,0,0,0,0,2,0
amh_test_track_b_00464,0,0,0,0,0,0
amh_test_track_b_00465,1,0,0,0,2,0
amh_test_track_b_00466,0,0,0,3,0,0
amh_test_track_b_00467,1,1,0,0,0,0
amh_test_track_b_00468,1,2,0,0,0,0
amh_test_track_b_00469,0,0,0,1,0,0
amh_test_track_b_00470,0,0,0,0,2,0
amh_test_track_b_00471,1,0,0,0,0,0
amh_test_track_b_00472,1,1,0,0,0,0
amh_test_track_b_00473,1,0,0,0,0,0
amh_test_track_b_00474,0,0,0,1,0,0
amh_test_track_b_00475,0,0,0,0,0,0
amh_test_track_b_00476,2,0,0,0,2,0
amh_test_track_b_00477,1,2,0,0,0,0
amh_test_track_b_00478,1,0,0,0,1,0
amh_test_track_b_00479,0,0,0,0,0,0
amh_test_track_b_00480,0,2,0,0,0,0
amh_test_track_b_00481,0,0,0,0,3,0
amh_test_track_b_00482,0,1,0,0,0,0
amh_test_track_b_00483,0,0,0,0,0,1
amh_test_track_b_00484,0,0,0,0,0,0
amh_test_track_b_00485,1,0,0,0,2,0
amh_test_track_b_00486,1,1,0,0,0,0
amh_test_track_b_00487,0,0,0,0,2,0
amh_test_track_b_00488,0,0,0,0,0,1
amh_test_track_b_00489,2,0,0,0,0,0
amh_test_track_b_00490,0,0,0,0,0,0
amh_test_track_b_00491,1,0,0,0,0,0
amh_test_track_b_00492,0,0,0,0,0,0
amh_test_track_b_00493,1,1,0,0,0,0
amh_test_track_b_00494,0,0,0,2,0,0
amh_test_track_b_00495,0,0,0,0,0,0
amh_test_track_b_00496,1,0,0,0,1,0
amh_test_track_b_00497,1,1,0,0,0,0
amh_test_track_b_00498,0,0,0,0,0,0
amh_test_track_b_00499,0,0,0,2,0,0
amh_test_track_b_00500,1,2,0,0,0,0
amh_test_track_b_00501,0,0,0,0,2,0
amh_test_track_b_00502,0,0,1,0,0,0
amh_test_track_b_00503,1,0,0,0,0,0
amh_test_track_b_00504,0,0,0,0,3,0
amh_test_track_b_00505,0,0,0,0,0,0
amh_test_track_b_00506,0,0,0,0,3,0
amh_test_track_b_00507,0,0,0,1,0,0
amh_test_track_b_00508,0,0,0,2,0,0
amh_test_track_b_00509,1,1,0,0,0,0
amh_test_track_b_00510,0,0,0,0,0,0
amh_test_track_b_00511,1,2,0,0,0,0
amh_test_track_b_00512,2,2,0,0,0,0
amh_test_track_b_00513,1,1,0,0,0,0
amh_test_track_b_00514,1,2,0,0,0,0
amh_test_track_b_00515,0,0,0,0,0,0
amh_test_track_b_00516,0,0,0,0,2,0
amh_test_track_b_00517,1,1,0,0,0,1
amh_test_track_b_00518,0,0,0,0,2,0
amh_test_track_b_00519,0,0,0,0,1,0
amh_test_track_b_00520,0,0,0,0,0,0
amh_test_track_b_00521,0,0,0,0,0,1
amh_test_track_b_00522,2,1,0,0,0,0
amh_test_track_b_00523,0,0,0,2,0,0
amh_test_track_b_00524,0,0,0,0,0,1
amh_test_track_b_00525,0,0,0,0,0,1
amh_test_track_b_00526,0,0,0,0,0,0
amh_test_track_b_00527,1,1,0,0,0,0
amh_test_track_b_00528,1,0,0,0,0,0
amh_test_track_b_00529,0,0,0,0,0,0
amh_test_track_b_00530,0,1,0,0,0,0
amh_test_track_b_00531,0,2,0,0,0,0
amh_test_track_b_00532,0,0,0,0,1,0
amh_test_track_b_00533,0,0,0,0,0,0
amh_test_track_b_00534,0,0,0,0,0,0
amh_test_track_b_00535,1,0,0,0,0,0
amh_test_track_b_00536,1,1,0,0,0,0
amh_test_track_b_00537,0,0,0,0,0,0
amh_test_track_b_00538,0,0,0,2,0,0
amh_test_track_b_00539,1,2,0,0,0,0
amh_test_track_b_00540,0,0,0,0,0,0
amh_test_track_b_00541,0,0,0,0,1,0
amh_test_track_b_00542,0,0,0,0,0,0
amh_test_track_b_00543,1,0,0,0,0,0
amh_test_track_b_00544,1,2,0,0,0,0
amh_test_track_b_00545,0,0,0,2,0,0
amh_test_track_b_00546,0,0,0,0,0,0
amh_test_track_b_00547,0,0,0,2,0,0
amh_test_track_b_00548,1,2,0,0,0,0
amh_test_track_b_00549,0,1,0,0,0,0
amh_test_track_b_00550,0,0,0,0,0,0
amh_test_track_b_00551,0,0,0,0,0,0
amh_test_track_b_00552,0,0,0,0,3,0
amh_test_track_b_00553,0,0,0,2,0,0
amh_test_track_b_00554,0,0,0,0,0,0
amh_test_track_b_00555,0,0,0,1,0,0
amh_test_track_b_00556,1,2,0,0,0,0
amh_test_track_b_00557,0,0,0,0,0,1
amh_test_track_b_00558,0,0,0,0,0,0
amh_test_track_b_00559,1,1,0,0,0,0
amh_test_track_b_00560,0,0,0,1,0,0
amh_test_track_b_00561,0,0,0,2,0,0
amh_test_track_b_00562,1,2,0,0,0,0
amh_test_track_b_00563,0,0,0,0,0,0
amh_test_track_b_00564,0,2,0,0,0,0
amh_test_track_b_00565,0,0,0,0,0,0
amh_test_track_b_00566,0,0,0,2,0,0
amh_test_track_b_00567,0,0,0,0,0,0
amh_test_track_b_00568,0,0,0,0,0,0
amh_test_track_b_00569,1,0,0,0,0,0
amh_test_track_b_00570,1,1,0,0,0,0
amh_test_track_b_00571,0,0,0,0,0,0
amh_test_track_b_00572,0,0,0,1,0,0
amh_test_track_b_00573,0,0,0,0,2,0
amh_test_track_b_00574,0,0,0,0,0,0
amh_test_track_b_00575,0,0,2,0,0,0
amh_test_track_b_00576,1,2,0,0,0,0
amh_test_track_b_00577,0,0,0,0,2,0
amh_test_track_b_00578,0,0,0,1,0,0
amh_test_track_b_00579,0,0,0,0,2,0
amh_test_track_b_00580,1,2,0,0,0,0
amh_test_track_b_00581,0,0,0,2,0,0
amh_test_track_b_00582,1,0,0,0,2,0
amh_test_track_b_00583,1,0,0,0,0,0
amh_test_track_b_00584,0,0,0,0,0,0
amh_test_track_b_00585,0,0,0,0,0,0
amh_test_track_b_00586,1,2,0,0,0,0
amh_test_track_b_00587,1,2,0,0,0,0
amh_test_track_b_00588,1,2,0,0,0,0
amh_test_track_b_00589,0,0,0,2,0,0
amh_test_track_b_00590,0,2,0,0,0,0
amh_test_track_b_00591,0,0,0,2,0,0
amh_test_track_b_00592,0,0,0,0,0,0
amh_test_track_b_00593,0,0,0,0,0,0
amh_test_track_b_00594,1,0,0,0,0,0
amh_test_track_b_00595,0,0,0,0,0,0
amh_test_track_b_00596,0,0,0,0,0,0
amh_test_track_b_00597,0,0,0,0,2,0
amh_test_track_b_00598,0,0,0,2,0,0
amh_test_track_b_00599,0,0,0,0,0,0
amh_test_track_b_00600,0,2,0,0,0,0
amh_test_track_b_00601,0,0,0,1,0,0
amh_test_track_b_00602,1,2,0,0,0,0
amh_test_track_b_00603,0,0,1,0,0,0
amh_test_track_b_00604,0,0,0,1,0,0
amh_test_track_b_00605,1,1,0,0,0,0
amh_test_track_b_00606,1,1,0,0,0,0
amh_test_track_b_00607,0,0,0,0,0,0
amh_test_track_b_00608,0,0,0,0,0,0
amh_test_track_b_00609,0,0,0,2,0,0
amh_test_track_b_00610,0,0,0,0,1,0
amh_test_track_b_00611,2,1,0,0,0,0
amh_test_track_b_00612,0,0,1,0,0,0
amh_test_track_b_00613,1,0,0,2,0,0
amh_test_track_b_00614,0,0,0,0,0,0
amh_test_track_b_00615,1,1,0,0,0,0
amh_test_track_b_00616,1,0,0,0,0,1
amh_test_track_b_00617,0,1,0,0,0,0
amh_test_track_b_00618,1,0,0,0,1,0
amh_test_track_b_00619,0,0,0,0,0,0
amh_test_track_b_00620,0,0,0,0,0,0
amh_test_track_b_00621,0,0,0,0,0,0
amh_test_track_b_00622,0,0,0,0,0,0
amh_test_track_b_00623,1,1,0,0,0,0
amh_test_track_b_00624,0,0,0,2,0,0
amh_test_track_b_00625,1,2,0,0,0,0
amh_test_track_b_00626,0,0,0,0,0,0
amh_test_track_b_00627,0,0,2,0,0,0
amh_test_track_b_00628,1,2,0,0,0,0
amh_test_track_b_00629,0,0,0,2,0,0
amh_test_track_b_00630,0,0,0,0,0,1
amh_test_track_b_00631,0,0,0,2,0,0
amh_test_track_b_00632,1,1,0,0,0,0
amh_test_track_b_00633,0,0,0,0,1,0
amh_test_track_b_00634,0,0,0,0,3,0
amh_test_track_b_00635,0,0,0,0,0,0
amh_test_track_b_00636,2,2,0,0,0,0
amh_test_track_b_00637,1,1,0,0,0,0
amh_test_track_b_00638,0,2,0,0,0,0
amh_test_track_b_00639,1,0,0,0,1,0
amh_test_track_b_00640,1,0,0,0,0,0
amh_test_track_b_00641,0,0,1,0,0,0
amh_test_track_b_00642,0,0,0,0,2,0
amh_test_track_b_00643,0,0,0,2,0,0
amh_test_track_b_00644,0,0,0,0,0,0
amh_test_track_b_00645,0,0,0,0,2,0
amh_test_track_b_00646,0,0,0,0,2,0
amh_test_track_b_00647,1,2,0,0,0,0
amh_test_track_b_00648,0,1,0,0,0,0
amh_test_track_b_00649,0,0,0,0,0,0
amh_test_track_b_00650,0,0,0,0,0,0
amh_test_track_b_00651,1,0,0,0,0,0
amh_test_track_b_00652,0,0,0,2,0,0
amh_test_track_b_00653,1,2,0,0,0,0
amh_test_track_b_00654,0,0,0,0,0,0
amh_test_track_b_00655,0,0,0,0,0,0
amh_test_track_b_00656,0,0,0,0,1,0
amh_test_track_b_00657,0,1,0,0,0,0
amh_test_track_b_00658,0,0,0,0,0,0
amh_test_track_b_00659,0,0,0,0,2,0
amh_test_track_b_00660,0,0,0,2,0,0
amh_test_track_b_00661,0,0,0,0,0,0
amh_test_track_b_00662,0,0,0,2,0,0
amh_test_track_b_00663,0,0,0,1,0,0
amh_test_track_b_00664,1,0,0,0,0,0
amh_test_track_b_00665,0,0,0,2,0,1
amh_test_track_b_00666,0,0,0,0,0,0
amh_test_track_b_00667,0,0,0,0,0,0
amh_test_track_b_00668,0,0,0,1,1,0
amh_test_track_b_00669,0,0,0,0,0,0
amh_test_track_b_00670,0,0,0,0,3,0
amh_test_track_b_00671,0,0,0,0,0,0
amh_test_track_b_00672,0,0,0,0,0,0
amh_test_track_b_00673,1,1,0,0,0,0
amh_test_track_b_00674,0,0,0,2,0,0
amh_test_track_b_00675,0,0,0,2,0,0
amh_test_track_b_00676,0,0,0,0,2,0
amh_test_track_b_00677,1,2,0,0,0,0
amh_test_track_b_00678,0,0,0,0,0,0
amh_test_track_b_00679,1,0,0,0,0,0
amh_test_track_b_00680,0,0,0,0,1,0
amh_test_track_b_00681,0,0,0,0,1,0
amh_test_track_b_00682,0,0,0,0,0,0
amh_test_track_b_00683,0,0,0,0,0,0
amh_test_track_b_00684,0,0,0,0,1,0
amh_test_track_b_00685,1,2,0,0,0,0
amh_test_track_b_00686,0,1,0,0,0,0
amh_test_track_b_00687,0,0,0,0,1,0
amh_test_track_b_00688,0,0,0,2,0,1
amh_test_track_b_00689,1,0,0,0,0,0
amh_test_track_b_00690,1,1,0,0,0,0
amh_test_track_b_00691,1,2,0,0,0,0
amh_test_track_b_00692,1,2,0,0,0,0
amh_test_track_b_00693,0,0,0,2,0,0
amh_test_track_b_00694,2,0,0,0,0,0
amh_test_track_b_00695,1,2,0,0,0,0
amh_test_track_b_00696,1,1,0,0,0,0
amh_test_track_b_00697,1,2,0,0,0,0
amh_test_track_b_00698,0,0,0,2,0,0
amh_test_track_b_00699,1,2,0,0,0,0
amh_test_track_b_00700,1,2,0,0,0,0
amh_test_track_b_00701,0,0,0,0,0,0
amh_test_track_b_00702,0,1,0,0,0,0
amh_test_track_b_00703,1,0,0,0,1,0
amh_test_track_b_00704,0,0,0,0,0,0
amh_test_track_b_00705,0,0,0,0,0,0
amh_test_track_b_00706,2,1,0,0,0,0
amh_test_track_b_00707,0,0,0,0,1,0
amh_test_track_b_00708,0,0,0,2,0,0
amh_test_track_b_00709,0,0,0,2,0,0
amh_test_track_b_00710,0,0,0,0,3,0
amh_test_track_b_00711,0,0,0,0,0,0
amh_test_track_b_00712,0,0,0,0,1,0
amh_test_track_b_00713,0,0,0,0,0,0
amh_test_track_b_00714,0,0,0,0,1,0
amh_test_track_b_00715,1,1,0,0,0,0
amh_test_track_b_00716,1,0,0,0,0,1
amh_test_track_b_00717,0,0,0,0,0,0
amh_test_track_b_00718,0,0,0,2,0,0
amh_test_track_b_00719,1,2,0,0,0,0
amh_test_track_b_00720,0,1,0,0,0,0
amh_test_track_b_00721,0,0,0,2,0,0
amh_test_track_b_00722,0,0,0,2,0,0
amh_test_track_b_00723,0,0,0,2,0,0
amh_test_track_b_00724,1,1,0,0,0,0
amh_test_track_b_00725,0,0,0,0,0,0
amh_test_track_b_00726,0,0,0,0,3,0
amh_test_track_b_00727,1,0,0,0,0,0
amh_test_track_b_00728,1,0,0,0,1,0
amh_test_track_b_00729,1,1,0,0,0,0
amh_test_track_b_00730,0,0,0,0,1,0
amh_test_track_b_00731,0,0,0,0,0,0
amh_test_track_b_00732,0,0,0,0,0,0
amh_test_track_b_00733,0,2,0,0,0,0
amh_test_track_b_00734,0,2,0,0,0,0
amh_test_track_b_00735,0,0,0,0,2,0
amh_test_track_b_00736,0,0,0,2,0,0
amh_test_track_b_00737,0,0,0,1,0,0
amh_test_track_b_00738,1,1,0,0,0,0
amh_test_track_b_00739,0,0,0,0,0,0
amh_test_track_b_00740,0,0,0,0,0,0
amh_test_track_b_00741,0,0,0,0,0,0
amh_test_track_b_00742,0,0,0,0,0,0
amh_test_track_b_00743,0,2,0,0,0,0
amh_test_track_b_00744,2,0,0,0,1,0
amh_test_track_b_00745,0,0,0,1,0,0
amh_test_track_b_00746,0,0,0,0,1,0
amh_test_track_b_00747,1,0,0,0,1,0
amh_test_track_b_00748,0,0,0,1,0,0
amh_test_track_b_00749,0,1,0,0,0,0
amh_test_track_b_00750,0,0,0,0,2,0
amh_test_track_b_00751,0,1,0,0,0,0
amh_test_track_b_00752,0,2,0,0,0,0
amh_test_track_b_00753,1,2,0,0,0,0
amh_test_track_b_00754,0,1,0,0,0,0
amh_test_track_b_00755,1,2,0,0,0,0
amh_test_track_b_00756,1,0,0,0,0,1
amh_test_track_b_00757,0,0,0,0,1,0
amh_test_track_b_00758,0,0,0,1,0,0
amh_test_track_b_00759,0,0,0,3,0,0
amh_test_track_b_00760,1,0,0,0,0,0
amh_test_track_b_00761,1,1,0,0,0,0
amh_test_track_b_00762,0,0,0,0,0,0
amh_test_track_b_00763,1,0,0,0,0,0
amh_test_track_b_00764,1,2,0,0,0,0
amh_test_track_b_00765,1,1,0,0,0,0
amh_test_track_b_00766,0,0,0,2,0,0
amh_test_track_b_00767,1,1,0,0,0,1
amh_test_track_b_00768,0,2,0,0,0,0
amh_test_track_b_00769,1,2,0,0,0,0
amh_test_track_b_00770,0,0,0,0,0,0
amh_test_track_b_00771,0,2,0,0,0,0
amh_test_track_b_00772,1,0,0,0,0,0
amh_test_track_b_00773,0,0,0,0,0,0
amh_test_track_b_00774,0,0,0,0,2,0
amh_test_track_b_00775,0,0,1,0,0,0
amh_test_track_b_00776,0,0,0,0,1,0
amh_test_track_b_00777,1,0,0,0,0,0
amh_test_track_b_00778,1,0,0,0,0,1
amh_test_track_b_00779,1,2,0,0,0,0
amh_test_track_b_00780,1,1,0,0,0,0
amh_test_track_b_00781,0,2,0,0,0,0
amh_test_track_b_00782,1,1,0,0,0,0
amh_test_track_b_00783,0,0,0,0,0,0
amh_test_track_b_00784,0,0,0,0,3,0
amh_test_track_b_00785,2,1,0,0,0,0
amh_test_track_b_00786,0,0,0,0,2,0
amh_test_track_b_00787,0,0,0,0,0,0
amh_test_track_b_00788,0,0,0,0,0,0
amh_test_track_b_00789,0,0,0,0,1,0
amh_test_track_b_00790,1,0,0,0,0,0
amh_test_track_b_00791,1,1,0,0,0,0
amh_test_track_b_00792,1,1,0,0,0,0
amh_test_track_b_00793,0,0,0,2,0,0
amh_test_track_b_00794,0,0,0,0,0,0
amh_test_track_b_00795,0,2,0,0,0,0
amh_test_track_b_00796,0,0,0,0,0,0
amh_test_track_b_00797,0,0,0,0,0,0
amh_test_track_b_00798,1,0,0,0,0,0
amh_test_track_b_00799,0,0,0,0,2,0
amh_test_track_b_00800,0,0,0,2,0,0
amh_test_track_b_00801,0,0,0,3,0,0
amh_test_track_b_00802,0,0,0,2,0,0
amh_test_track_b_00803,0,0,0,2,0,0
amh_test_track_b_00804,0,0,0,3,0,0
amh_test_track_b_00805,0,0,0,0,0,0
amh_test_track_b_00806,1,1,0,0,0,0
amh_test_track_b_00807,0,0,0,1,0,0
amh_test_track_b_00808,0,0,0,0,0,0
amh_test_track_b_00809,1,1,0,0,0,0
amh_test_track_b_00810,0,0,0,0,0,0
amh_test_track_b_00811,0,0,0,0,0,0
amh_test_track_b_00812,0,0,0,0,0,0
amh_test_track_b_00813,0,0,0,0,0,0
amh_test_track_b_00814,0,0,0,0,2,0
amh_test_track_b_00815,2,2,0,0,0,0
amh_test_track_b_00816,1,1,0,0,0,0
amh_test_track_b_00817,0,0,0,2,0,0
amh_test_track_b_00818,1,0,0,0,2,0
amh_test_track_b_00819,0,0,0,0,2,0
amh_test_track_b_00820,0,0,0,0,0,1
amh_test_track_b_00821,1,2,0,0,0,0
amh_test_track_b_00822,1,2,0,0,0,0
amh_test_track_b_00823,0,0,0,0,0,0
amh_test_track_b_00824,0,0,0,2,0,0
amh_test_track_b_00825,0,0,0,0,0,0
amh_test_track_b_00826,0,0,0,0,0,0
amh_test_track_b_00827,1,2,0,0,0,0
amh_test_track_b_00828,0,0,0,0,0,0
amh_test_track_b_00829,1,0,0,0,0,0
amh_test_track_b_00830,0,0,0,1,0,0
amh_test_track_b_00831,0,0,0,0,0,1
amh_test_track_b_00832,1,2,0,0,0,0
amh_test_track_b_00833,0,0,0,0,0,0
amh_test_track_b_00834,0,0,0,0,0,0
amh_test_track_b_00835,1,0,0,0,0,0
amh_test_track_b_00836,1,0,0,0,0,0
amh_test_track_b_00837,1,2,0,0,0,0
amh_test_track_b_00838,0,0,0,0,2,0
amh_test_track_b_00839,2,1,0,0,0,0
amh_test_track_b_00840,0,0,1,0,0,0
amh_test_track_b_00841,0,0,0,0,0,0
amh_test_track_b_00842,0,0,0,0,0,1
amh_test_track_b_00843,0,0,0,0,2,0
amh_test_track_b_00844,0,2,0,0,0,0
amh_test_track_b_00845,0,0,0,0,0,0
amh_test_track_b_00846,0,0,0,0,0,0
amh_test_track_b_00847,0,0,0,2,0,0
amh_test_track_b_00848,0,0,0,0,2,0
amh_test_track_b_00849,1,0,0,0,1,0
amh_test_track_b_00850,1,2,0,0,0,0
amh_test_track_b_00851,0,0,1,0,0,0
amh_test_track_b_00852,0,1,0,0,0,0
amh_test_track_b_00853,0,2,0,0,0,0
amh_test_track_b_00854,1,0,0,0,0,0
amh_test_track_b_00855,0,0,0,0,0,0
amh_test_track_b_00856,1,2,0,0,0,0
amh_test_track_b_00857,1,2,0,0,0,0
amh_test_track_b_00858,1,1,0,0,0,0
amh_test_track_b_00859,0,0,0,0,1,0
amh_test_track_b_00860,1,1,0,0,0,0
amh_test_track_b_00861,1,1,0,0,0,0
amh_test_track_b_00862,0,0,0,0,2,0
amh_test_track_b_00863,1,1,0,0,0,0
amh_test_track_b_00864,1,0,0,0,0,0
amh_test_track_b_00865,0,0,0,0,0,0
amh_test_track_b_00866,0,0,0,1,0,0
amh_test_track_b_00867,1,1,0,0,0,0
amh_test_track_b_00868,1,0,0,0,1,0
amh_test_track_b_00869,0,0,0,2,0,1
amh_test_track_b_00870,0,0,0,0,0,1
amh_test_track_b_00871,0,0,0,0,0,0
amh_test_track_b_00872,0,0,0,0,1,0
amh_test_track_b_00873,0,1,0,0,0,0
amh_test_track_b_00874,0,0,0,2,0,0
amh_test_track_b_00875,0,0,0,0,0,0
amh_test_track_b_00876,1,1,0,0,0,0
amh_test_track_b_00877,1,0,0,0,0,0
amh_test_track_b_00878,1,0,0,0,0,0
amh_test_track_b_00879,0,0,0,0,0,0
amh_test_track_b_00880,0,0,0,2,0,0
amh_test_track_b_00881,0,0,0,0,0,0
amh_test_track_b_00882,0,1,0,0,0,0
amh_test_track_b_00883,1,2,0,0,0,0
amh_test_track_b_00884,1,2,0,0,0,0
amh_test_track_b_00885,0,0,2,0,2,0
amh_test_track_b_00886,1,0,0,0,0,0
amh_test_track_b_00887,0,1,0,0,0,0
amh_test_track_b_00888,1,1,0,0,0,0
amh_test_track_b_00889,2,2,0,0,0,0
amh_test_track_b_00890,0,0,0,0,0,0
amh_test_track_b_00891,0,0,0,0,2,0
amh_test_track_b_00892,0,0,0,0,1,0
amh_test_track_b_00893,0,0,0,0,3,0
amh_test_track_b_00894,1,2,0,0,0,0
amh_test_track_b_00895,0,2,0,0,0,0
amh_test_track_b_00896,1,2,0,0,0,0
amh_test_track_b_00897,0,0,0,0,0,0
amh_test_track_b_00898,1,1,0,0,0,0
amh_test_track_b_00899,1,1,0,0,0,0
amh_test_track_b_00900,0,0,0,0,0,0
amh_test_track_b_00901,0,0,0,0,0,0
amh_test_track_b_00902,0,2,0,0,0,0
amh_test_track_b_00903,1,2,0,0,0,0
amh_test_track_b_00904,0,0,0,0,1,0
amh_test_track_b_00905,0,0,0,2,0,0
amh_test_track_b_00906,0,0,0,0,2,0
amh_test_track_b_00907,0,0,0,0,0,0
amh_test_track_b_00908,0,0,0,0,2,0
amh_test_track_b_00909,0,0,0,0,0,0
amh_test_track_b_00910,0,0,0,0,2,0
amh_test_track_b_00911,0,0,0,2,0,0
amh_test_track_b_00912,0,0,0,2,0,0
amh_test_track_b_00913,0,2,0,0,0,0
amh_test_track_b_00914,0,2,0,0,0,0
amh_test_track_b_00915,0,2,0,0,0,0
amh_test_track_b_00916,0,0,0,0,0,0
amh_test_track_b_00917,0,0,0,0,0,0
amh_test_track_b_00918,0,0,0,0,2,0
amh_test_track_b_00919,1,1,0,0,0,0
amh_test_track_b_00920,0,0,0,0,3,0
amh_test_track_b_00921,0,0,0,0,0,0
amh_test_track_b_00922,0,2,0,0,0,0
amh_test_track_b_00923,0,0,0,0,0,0
amh_test_track_b_00924,0,0,0,0,2,0
amh_test_track_b_00925,2,0,0,0,0,0
amh_test_track_b_00926,1,1,0,0,0,0
amh_test_track_b_00927,0,0,0,1,0,0
amh_test_track_b_00928,1,0,0,0,0,0
amh_test_track_b_00929,1,0,0,0,0,0
amh_test_track_b_00930,0,0,0,2,0,0
amh_test_track_b_00931,0,0,0,0,0,0
amh_test_track_b_00932,1,0,0,0,1,0
amh_test_track_b_00933,1,1,0,0,0,0
amh_test_track_b_00934,0,0,0,0,0,0
amh_test_track_b_00935,1,2,0,0,0,0
amh_test_track_b_00936,1,2,0,0,0,0
amh_test_track_b_00937,1,1,0,0,0,0
amh_test_track_b_00938,0,0,0,0,0,0
amh_test_track_b_00939,1,2,0,0,0,0
amh_test_track_b_00940,0,2,0,0,0,0
amh_test_track_b_00941,1,0,0,0,0,0
amh_test_track_b_00942,0,0,0,0,3,0
amh_test_track_b_00943,0,0,0,0,0,0
amh_test_track_b_00944,0,2,0,0,0,0
amh_test_track_b_00945,0,0,0,0,0,0
amh_test_track_b_00946,0,0,0,1,0,0
amh_test_track_b_00947,0,0,0,0,0,0
amh_test_track_b_00948,1,1,0,0,0,0
amh_test_track_b_00949,0,1,0,0,0,0
amh_test_track_b_00950,0,0,0,0,1,0
amh_test_track_b_00951,0,0,0,1,0,0
amh_test_track_b_00952,0,0,1,0,0,0
amh_test_track_b_00953,0,0,0,0,0,0
amh_test_track_b_00954,0,0,0,1,0,0
amh_test_track_b_00955,0,0,0,0,1,0
amh_test_track_b_00956,0,0,0,0,0,0
amh_test_track_b_00957,0,0,0,0,0,0
amh_test_track_b_00958,0,0,0,0,0,0
amh_test_track_b_00959,0,0,0,0,0,0
amh_test_track_b_00960,1,1,0,0,0,0
amh_test_track_b_00961,0,0,0,0,0,0
amh_test_track_b_00962,0,0,0,0,2,0
amh_test_track_b_00963,0,0,0,0,0,0
amh_test_track_b_00964,1,2,0,0,0,0
amh_test_track_b_00965,0,0,0,0,0,0
amh_test_track_b_00966,1,0,0,0,0,0
amh_test_track_b_00967,1,1,0,0,0,0
amh_test_track_b_00968,0,1,0,0,0,0
amh_test_track_b_00969,1,1,0,0,0,0
amh_test_track_b_00970,0,0,0,0,0,0
amh_test_track_b_00971,0,0,0,2,0,0
amh_test_track_b_00972,1,2,0,0,0,0
amh_test_track_b_00973,0,0,0,0,0,0
amh_test_track_b_00974,0,0,0,0,0,0
amh_test_track_b_00975,0,0,0,1,0,0
amh_test_track_b_00976,1,2,0,0,0,0
amh_test_track_b_00977,0,2,0,0,0,0
amh_test_track_b_00978,0,0,0,0,0,0
amh_test_track_b_00979,0,0,0,0,0,0
amh_test_track_b_00980,1,0,0,0,0,0
amh_test_track_b_00981,1,1,0,0,0,0
amh_test_track_b_00982,0,0,0,1,1,0
amh_test_track_b_00983,1,0,0,0,0,0
amh_test_track_b_00984,1,1,0,0,1,0
amh_test_track_b_00985,0,0,0,0,0,0
amh_test_track_b_00986,0,0,1,0,1,0
amh_test_track_b_00987,1,1,0,0,0,0
amh_test_track_b_00988,1,0,0,0,0,0
amh_test_track_b_00989,0,0,0,0,0,0
amh_test_track_b_00990,1,0,0,0,0,0
amh_test_track_b_00991,0,0,0,0,0,0
amh_test_track_b_00992,0,2,0,0,0,0
amh_test_track_b_00993,0,0,0,0,0,0
amh_test_track_b_00994,0,0,0,0,0,0
amh_test_track_b_00995,1,1,0,0,0,0
amh_test_track_b_00996,0,0,0,0,2,0
amh_test_track_b_00997,0,0,0,2,0,0
amh_test_track_b_00998,0,0,0,0,2,0
amh_test_track_b_00999,0,0,0,0,2,0
amh_test_track_b_01000,1,2,0,0,0,0
amh_test_track_b_01001,0,0,1,0,0,0
amh_test_track_b_01002,0,0,0,0,0,0
amh_test_track_b_01003,0,0,0,0,0,0
amh_test_track_b_01004,0,0,0,0,0,0
amh_test_track_b_01005,1,2,0,0,0,0
amh_test_track_b_01006,0,0,0,0,2,0
amh_test_track_b_01007,0,0,0,0,2,0
amh_test_track_b_01008,0,0,0,0,3,0
amh_test_track_b_01009,0,0,0,0,0,0
amh_test_track_b_01010,0,0,0,0,0,0
amh_test_track_b_01011,0,0,0,2,0,0
amh_test_track_b_01012,0,0,0,2,0,0
amh_test_track_b_01013,0,0,0,0,0,1
amh_test_track_b_01014,1,0,0,0,0,0
amh_test_track_b_01015,0,0,0,2,0,0
amh_test_track_b_01016,0,0,0,0,2,0
amh_test_track_b_01017,0,0,0,0,2,0
amh_test_track_b_01018,0,2,0,0,0,0
amh_test_track_b_01019,1,0,0,0,0,0
amh_test_track_b_01020,1,2,0,0,0,0
amh_test_track_b_01021,1,0,0,0,2,0
amh_test_track_b_01022,0,1,0,0,0,0
amh_test_track_b_01023,0,1,0,0,0,0
amh_test_track_b_01024,0,0,0,0,3,0
amh_test_track_b_01025,0,0,0,0,0,1
amh_test_track_b_01026,0,0,0,0,2,0
amh_test_track_b_01027,1,0,0,0,0,0
amh_test_track_b_01028,1,0,0,0,0,0
amh_test_track_b_01029,0,0,0,0,0,0
amh_test_track_b_01030,0,0,0,0,0,0
amh_test_track_b_01031,1,1,0,0,0,0
amh_test_track_b_01032,0,1,1,0,0,0
amh_test_track_b_01033,0,0,0,0,1,0
amh_test_track_b_01034,0,2,0,0,0,0
amh_test_track_b_01035,1,1,0,0,0,0
amh_test_track_b_01036,0,2,0,0,0,0
amh_test_track_b_01037,2,1,0,0,0,0
amh_test_track_b_01038,0,0,0,0,0,0
amh_test_track_b_01039,0,2,0,0,0,0
amh_test_track_b_01040,1,2,0,0,0,0
amh_test_track_b_01041,0,1,0,0,0,0
amh_test_track_b_01042,0,0,0,2,0,0
amh_test_track_b_01043,0,0,0,0,0,0
amh_test_track_b_01044,0,0,0,1,0,0
amh_test_track_b_01045,1,2,0,0,0,0
amh_test_track_b_01046,0,0,0,0,0,0
amh_test_track_b_01047,1,1,0,0,0,0
amh_test_track_b_01048,0,0,0,0,1,0
amh_test_track_b_01049,0,0,0,0,0,0
amh_test_track_b_01050,1,2,0,0,0,0
amh_test_track_b_01051,0,1,0,0,0,0
amh_test_track_b_01052,0,0,0,0,0,0
amh_test_track_b_01053,0,0,0,0,0,0
amh_test_track_b_01054,1,2,0,0,0,0
amh_test_track_b_01055,0,0,0,0,1,0
amh_test_track_b_01056,0,0,0,0,0,0
amh_test_track_b_01057,1,0,0,0,2,0
amh_test_track_b_01058,0,0,0,0,0,0
amh_test_track_b_01059,0,0,0,1,0,0
amh_test_track_b_01060,0,0,0,0,3,0
amh_test_track_b_01061,0,0,0,0,0,0
amh_test_track_b_01062,0,0,0,0,0,0
amh_test_track_b_01063,0,0,0,0,0,0
amh_test_track_b_01064,0,0,0,0,0,0
amh_test_track_b_01065,0,0,0,0,3,0
amh_test_track_b_01066,0,1,0,0,0,0
amh_test_track_b_01067,1,2,0,0,0,0
amh_test_track_b_01068,0,1,0,0,0,0
amh_test_track_b_01069,0,1,0,0,0,0
amh_test_track_b_01070,0,2,0,0,0,0
amh_test_track_b_01071,0,0,0,0,0,0
amh_test_track_b_01072,0,0,0,1,0,0
amh_test_track_b_01073,0,0,0,0,2,0
amh_test_track_b_01074,0,0,0,0,0,0
amh_test_track_b_01075,1,0,0,0,0,0
amh_test_track_b_01076,0,0,0,2,0,0
amh_test_track_b_01077,0,0,0,0,0,0
amh_test_track_b_01078,0,0,0,0,2,0
amh_test_track_b_01079,0,1,0,0,0,0
amh_test_track_b_01080,1,2,0,0,0,0
amh_test_track_b_01081,1,1,0,0,0,0
amh_test_track_b_01082,0,0,0,0,3,0
amh_test_track_b_01083,0,0,0,0,0,0
amh_test_track_b_01084,0,0,0,0,3,0
amh_test_track_b_01085,1,2,0,0,0,0
amh_test_track_b_01086,0,0,0,0,0,0
amh_test_track_b_01087,1,0,0,0,0,0
amh_test_track_b_01088,0,0,0,0,1,0
amh_test_track_b_01089,1,2,0,0,0,0
amh_test_track_b_01090,1,2,0,0,0,0
amh_test_track_b_01091,0,0,0,0,1,0
amh_test_track_b_01092,0,0,0,2,0,0
amh_test_track_b_01093,1,2,0,0,0,0
amh_test_track_b_01094,0,0,0,0,0,0
amh_test_track_b_01095,0,0,0,0,1,0
amh_test_track_b_01096,0,0,0,1,0,0
amh_test_track_b_01097,0,0,0,0,0,0
amh_test_track_b_01098,0,0,0,0,0,0
amh_test_track_b_01099,1,1,0,0,0,1
amh_test_track_b_01100,1,1,0,0,0,0
amh_test_track_b_01101,2,2,0,0,0,0
amh_test_track_b_01102,0,0,0,0,0,0
amh_test_track_b_01103,0,0,0,2,0,0
amh_test_track_b_01104,0,0,0,0,0,0
amh_test_track_b_01105,0,2,0,0,0,0
amh_test_track_b_01106,1,1,0,0,0,0
amh_test_track_b_01107,0,0,0,1,0,0
amh_test_track_b_01108,0,0,0,0,0,0
amh_test_track_b_01109,1,0,0,0,1,0
amh_test_track_b_01110,1,1,0,0,0,0
amh_test_track_b_01111,0,1,0,1,0,0
amh_test_track_b_01112,0,0,0,1,0,0
amh_test_track_b_01113,0,0,0,1,0,0
amh_test_track_b_01114,0,0,0,2,0,0
amh_test_track_b_01115,0,0,0,0,0,0
amh_test_track_b_01116,1,2,0,0,0,0
amh_test_track_b_01117,1,2,0,0,0,0
amh_test_track_b_01118,0,0,0,0,0,0
amh_test_track_b_01119,0,0,0,1,0,1
amh_test_track_b_01120,0,0,0,0,0,0
amh_test_track_b_01121,0,0,0,0,0,1
amh_test_track_b_01122,0,0,0,0,3,0
amh_test_track_b_01123,1,2,0,0,0,0
amh_test_track_b_01124,1,1,0,0,0,0
amh_test_track_b_01125,1,0,0,0,2,0
amh_test_track_b_01126,0,0,0,0,0,0
amh_test_track_b_01127,0,0,0,2,0,0
amh_test_track_b_01128,0,2,0,0,0,0
amh_test_track_b_01129,0,1,0,0,0,0
amh_test_track_b_01130,0,0,0,0,0,0
amh_test_track_b_01131,0,2,0,0,0,1
amh_test_track_b_01132,1,1,0,0,0,0
amh_test_track_b_01133,1,2,0,0,0,0
amh_test_track_b_01134,0,0,0,0,0,0
amh_test_track_b_01135,1,1,0,0,1,0
amh_test_track_b_01136,0,0,0,0,0,0
amh_test_track_b_01137,1,2,0,0,0,0
amh_test_track_b_01138,0,0,0,0,0,0
amh_test_track_b_01139,0,0,0,1,0,0
amh_test_track_b_01140,1,2,0,0,0,0
amh_test_track_b_01141,1,1,0,0,0,0
amh_test_track_b_01142,0,0,0,2,0,0
amh_test_track_b_01143,0,0,0,0,0,0
amh_test_track_b_01144,0,0,0,2,0,0
amh_test_track_b_01145,0,0,0,0,0,0
amh_test_track_b_01146,1,0,0,0,0,0
amh_test_track_b_01147,0,0,0,0,0,0
amh_test_track_b_01148,1,0,0,0,0,0
amh_test_track_b_01149,0,0,0,0,0,0
amh_test_track_b_01150,1,0,0,0,0,0
amh_test_track_b_01151,1,0,0,0,0,0
amh_test_track_b_01152,1,1,0,0,0,0
amh_test_track_b_01153,1,0,0,0,0,0
amh_test_track_b_01154,1,2,0,0,0,0
amh_test_track_b_01155,0,0,0,0,1,0
amh_test_track_b_01156,0,0,0,0,0,1
amh_test_track_b_01157,0,0,0,0,2,0
amh_test_track_b_01158,1,0,0,0,0,0
amh_test_track_b_01159,0,0,0,0,0,0
amh_test_track_b_01160,0,0,0,0,0,0
amh_test_track_b_01161,0,0,0,0,3,0
amh_test_track_b_01162,1,1,0,0,0,0
amh_test_track_b_01163,0,0,0,0,1,0
amh_test_track_b_01164,0,0,0,0,3,0
amh_test_track_b_01165,0,0,0,0,0,0
amh_test_track_b_01166,0,0,0,1,0,0
amh_test_track_b_01167,1,2,0,0,0,0
amh_test_track_b_01168,0,0,0,2,0,0
amh_test_track_b_01169,0,0,0,0,2,0
amh_test_track_b_01170,1,0,0,0,0,0
amh_test_track_b_01171,0,0,0,0,1,0
amh_test_track_b_01172,1,2,0,0,0,0
amh_test_track_b_01173,0,0,0,0,0,0
amh_test_track_b_01174,1,1,0,0,0,0
amh_test_track_b_01175,0,0,0,0,0,0
amh_test_track_b_01176,1,0,0,0,2,0
amh_test_track_b_01177,0,2,0,0,2,0
amh_test_track_b_01178,0,0,1,0,0,0
amh_test_track_b_01179,1,1,0,0,0,0
amh_test_track_b_01180,0,0,0,0,0,0
amh_test_track_b_01181,0,1,0,0,0,0
amh_test_track_b_01182,0,0,0,0,0,0
amh_test_track_b_01183,0,2,0,0,0,0
amh_test_track_b_01184,0,0,0,2,0,0
amh_test_track_b_01185,0,0,0,0,0,0
amh_test_track_b_01186,0,0,0,0,2,0
amh_test_track_b_01187,1,0,0,0,2,0
amh_test_track_b_01188,1,0,0,0,0,0
amh_test_track_b_01189,0,0,0,0,0,0
amh_test_track_b_01190,0,0,0,0,3,0
amh_test_track_b_01191,0,0,0,0,0,0
amh_test_track_b_01192,0,0,0,0,0,0
amh_test_track_b_01193,0,2,0,0,0,0
amh_test_track_b_01194,1,2,0,0,0,1
amh_test_track_b_01195,0,1,0,0,0,0
amh_test_track_b_01196,0,0,0,1,0,0
amh_test_track_b_01197,1,2,0,0,0,0
amh_test_track_b_01198,0,0,0,1,0,0
amh_test_track_b_01199,0,0,0,0,2,0
amh_test_track_b_01200,1,1,0,0,0,0
amh_test_track_b_01201,0,0,0,0,2,0
amh_test_track_b_01202,1,0,0,0,0,0
amh_test_track_b_01203,0,0,0,0,0,0
amh_test_track_b_01204,0,0,0,0,2,0
amh_test_track_b_01205,0,0,0,0,0,0
amh_test_track_b_01206,0,0,0,0,0,0
amh_test_track_b_01207,1,2,0,0,0,0
amh_test_track_b_01208,1,1,0,0,0,0
amh_test_track_b_01209,0,0,0,1,0,1
amh_test_track_b_01210,0,0,0,0,2,0
amh_test_track_b_01211,0,0,0,2,0,0
amh_test_track_b_01212,0,0,0,0,2,0
amh_test_track_b_01213,1,0,0,0,1,0
amh_test_track_b_01214,0,0,0,2,0,0
amh_test_track_b_01215,0,0,0,0,1,0
amh_test_track_b_01216,0,0,0,0,3,0
amh_test_track_b_01217,0,0,0,0,0,0
amh_test_track_b_01218,0,0,0,0,1,0
amh_test_track_b_01219,0,0,0,0,0,0
amh_test_track_b_01220,0,0,0,1,0,0
amh_test_track_b_01221,1,1,0,0,0,0
amh_test_track_b_01222,1,2,0,0,0,0
amh_test_track_b_01223,0,0,0,2,0,0
amh_test_track_b_01224,0,2,0,0,0,0
amh_test_track_b_01225,0,0,0,0,0,0
amh_test_track_b_01226,0,0,0,0,2,0
amh_test_track_b_01227,0,0,0,1,0,0
amh_test_track_b_01228,0,0,0,0,0,0
amh_test_track_b_01229,1,1,0,0,1,0
amh_test_track_b_01230,0,0,0,0,0,0
amh_test_track_b_01231,1,1,0,0,0,0
amh_test_track_b_01232,1,0,0,0,0,0
amh_test_track_b_01233,1,1,0,0,0,0
amh_test_track_b_01234,0,2,0,0,0,0
amh_test_track_b_01235,0,0,0,0,0,0
amh_test_track_b_01236,0,0,0,0,0,0
amh_test_track_b_01237,0,0,0,0,3,0
amh_test_track_b_01238,1,0,0,0,0,0
amh_test_track_b_01239,0,0,0,2,0,0
amh_test_track_b_01240,0,0,0,0,0,0
amh_test_track_b_01241,1,0,0,0,0,0
amh_test_track_b_01242,0,1,0,0,1,0
amh_test_track_b_01243,0,0,0,0,0,0
amh_test_track_b_01244,0,0,0,0,1,0
amh_test_track_b_01245,1,0,0,0,0,0
amh_test_track_b_01246,0,2,0,0,0,0
amh_test_track_b_01247,0,0,0,1,0,0
amh_test_track_b_01248,1,2,0,0,0,0
amh_test_track_b_01249,1,0,0,0,1,0
amh_test_track_b_01250,0,0,0,0,0,0
amh_test_track_b_01251,1,1,0,0,0,0
amh_test_track_b_01252,0,0,0,0,3,0
amh_test_track_b_01253,1,1,0,0,0,0
amh_test_track_b_01254,0,0,0,1,0,0
amh_test_track_b_01255,0,1,0,0,1,0
amh_test_track_b_01256,1,0,0,0,0,0
amh_test_track_b_01257,0,0,0,0,0,0
amh_test_track_b_01258,0,0,0,0,2,0
amh_test_track_b_01259,0,0,0,0,1,1
amh_test_track_b_01260,1,2,0,0,0,0
amh_test_track_b_01261,0,0,0,0,0,0
amh_test_track_b_01262,0,0,0,0,0,0
amh_test_track_b_01263,0,0,0,0,0,0
amh_test_track_b_01264,0,0,0,0,0,0
amh_test_track_b_01265,0,0,0,1,0,0
amh_test_track_b_01266,1,2,0,0,0,0
amh_test_track_b_01267,0,0,0,0,0,0
amh_test_track_b_01268,0,0,0,3,0,0
amh_test_track_b_01269,0,0,0,2,0,0
amh_test_track_b_01270,0,0,0,0,3,0
amh_test_track_b_01271,0,0,0,0,0,0
amh_test_track_b_01272,1,2,0,0,0,0
amh_test_track_b_01273,0,0,0,0,1,0
amh_test_track_b_01274,1,1,0,0,0,0
amh_test_track_b_01275,0,0,0,3,0,0
amh_test_track_b_01276,2,0,0,0,1,0
amh_test_track_b_01277,0,0,0,1,0,0
amh_test_track_b_01278,0,0,0,0,3,0
amh_test_track_b_01279,0,0,0,0,0,0
amh_test_track_b_01280,0,0,0,0,0,0
amh_test_track_b_01281,1,1,0,0,0,0
amh_test_track_b_01282,1,1,0,0,0,0
amh_test_track_b_01283,1,1,0,0,1,0
amh_test_track_b_01284,0,0,0,0,0,0
amh_test_track_b_01285,1,0,0,0,0,0
amh_test_track_b_01286,1,0,0,0,1,0
amh_test_track_b_01287,0,0,0,0,0,0
amh_test_track_b_01288,0,0,0,0,0,0
amh_test_track_b_01289,0,0,0,0,0,0
amh_test_track_b_01290,1,2,0,0,0,0
amh_test_track_b_01291,1,1,0,0,0,0
amh_test_track_b_01292,1,2,0,0,0,0
amh_test_track_b_01293,0,1,0,0,0,0
amh_test_track_b_01294,0,0,0,0,0,0
amh_test_track_b_01295,0,1,0,0,0,0
amh_test_track_b_01296,0,0,0,1,0,0
amh_test_track_b_01297,1,0,0,0,1,0
amh_test_track_b_01298,0,0,0,0,0,0
amh_test_track_b_01299,1,1,0,0,0,0
amh_test_track_b_01300,1,0,0,0,0,0
amh_test_track_b_01301,0,0,0,0,0,0
amh_test_track_b_01302,1,2,0,0,0,0
amh_test_track_b_01303,0,0,0,0,0,0
amh_test_track_b_01304,0,1,0,0,0,0
amh_test_track_b_01305,0,0,0,0,0,0
amh_test_track_b_01306,0,0,0,0,1,0
amh_test_track_b_01307,1,1,0,0,0,1
amh_test_track_b_01308,0,2,0,0,0,0
amh_test_track_b_01309,0,0,0,0,0,0
amh_test_track_b_01310,0,0,0,0,0,0
amh_test_track_b_01311,1,1,0,0,0,0
amh_test_track_b_01312,1,2,0,0,0,0
amh_test_track_b_01313,0,0,0,0,0,0
amh_test_track_b_01314,1,2,0,0,0,0
amh_test_track_b_01315,1,2,0,0,1,0
amh_test_track_b_01316,0,0,0,0,0,0
amh_test_track_b_01317,1,2,0,0,0,0
amh_test_track_b_01318,0,0,0,0,0,0
amh_test_track_b_01319,0,0,0,0,2,0
amh_test_track_b_01320,0,0,0,0,0,1
amh_test_track_b_01321,1,1,0,0,0,0
amh_test_track_b_01322,0,0,0,0,0,0
amh_test_track_b_01323,0,0,0,0,1,0
amh_test_track_b_01324,1,2,0,0,0,0
amh_test_track_b_01325,1,0,0,0,0,0
amh_test_track_b_01326,0,0,0,1,0,0
amh_test_track_b_01327,1,0,0,0,0,0
amh_test_track_b_01328,0,0,0,0,3,0
amh_test_track_b_01329,1,1,0,0,0,0
amh_test_track_b_01330,0,0,0,0,3,0
amh_test_track_b_01331,1,0,0,0,0,0
amh_test_track_b_01332,0,0,0,0,0,0
amh_test_track_b_01333,0,0,0,0,0,0
amh_test_track_b_01334,0,0,0,0,2,0
amh_test_track_b_01335,2,2,0,0,0,0
amh_test_track_b_01336,1,0,0,0,1,0
amh_test_track_b_01337,0,0,0,1,0,0
amh_test_track_b_01338,0,0,0,0,1,0
amh_test_track_b_01339,0,0,0,0,0,0
amh_test_track_b_01340,0,0,0,0,2,0
amh_test_track_b_01341,0,1,0,0,0,0
amh_test_track_b_01342,1,1,0,0,0,0
amh_test_track_b_01343,0,0,0,1,0,0
amh_test_track_b_01344,1,0,0,0,0,0
amh_test_track_b_01345,0,0,0,2,0,0
amh_test_track_b_01346,0,0,0,0,0,0
amh_test_track_b_01347,0,0,0,0,2,0
amh_test_track_b_01348,0,0,0,0,2,0
amh_test_track_b_01349,0,0,0,0,0,0
amh_test_track_b_01350,1,2,0,0,0,0
amh_test_track_b_01351,0,0,0,1,0,0
amh_test_track_b_01352,0,0,0,2,0,0
amh_test_track_b_01353,0,0,0,0,0,0
amh_test_track_b_01354,0,0,0,1,0,0
amh_test_track_b_01355,1,0,0,0,0,0
amh_test_track_b_01356,0,0,0,0,0,0
amh_test_track_b_01357,1,2,0,0,0,0
amh_test_track_b_01358,0,0,0,0,0,0
amh_test_track_b_01359,1,1,0,0,0,0
amh_test_track_b_01360,1,0,0,0,0,0
amh_test_track_b_01361,0,1,0,0,0,1
amh_test_track_b_01362,0,0,0,0,2,0
amh_test_track_b_01363,1,0,0,0,0,0
amh_test_track_b_01364,0,0,0,1,0,0
amh_test_track_b_01365,1,0,0,0,1,0
amh_test_track_b_01366,0,0,0,0,2,0
amh_test_track_b_01367,1,1,0,0,0,0
amh_test_track_b_01368,1,2,0,0,0,0
amh_test_track_b_01369,0,0,0,2,0,0
amh_test_track_b_01370,0,0,0,0,0,1
amh_test_track_b_01371,1,2,0,0,0,0
amh_test_track_b_01372,0,0,0,0,3,0
amh_test_track_b_01373,0,0,0,1,1,1
amh_test_track_b_01374,0,0,0,0,0,0
amh_test_track_b_01375,0,0,0,0,0,0
amh_test_track_b_01376,1,2,0,0,0,0
amh_test_track_b_01377,1,0,0,0,0,0
amh_test_track_b_01378,0,1,0,0,0,0
amh_test_track_b_01379,0,0,0,0,0,0
amh_test_track_b_01380,1,1,0,0,0,0
amh_test_track_b_01381,0,0,0,2,0,0
amh_test_track_b_01382,0,0,0,2,0,0
amh_test_track_b_01383,0,0,0,0,0,0
amh_test_track_b_01384,0,0,0,1,0,0
amh_test_track_b_01385,0,0,1,0,0,0
amh_test_track_b_01386,0,0,0,0,2,0
amh_test_track_b_01387,1,0,0,0,0,0
amh_test_track_b_01388,0,0,0,0,2,0
amh_test_track_b_01389,0,0,0,0,1,0
amh_test_track_b_01390,0,0,0,0,0,0
amh_test_track_b_01391,0,0,0,0,0,0
amh_test_track_b_01392,0,0,0,0,2,0
amh_test_track_b_01393,0,0,0,0,0,0
amh_test_track_b_01394,0,0,0,0,0,0
amh_test_track_b_01395,0,0,0,1,0,0
amh_test_track_b_01396,1,1,0,0,0,0
amh_test_track_b_01397,0,1,0,0,0,0
amh_test_track_b_01398,0,0,0,2,0,0
amh_test_track_b_01399,0,2,0,0,0,0
amh_test_track_b_01400,0,0,0,1,0,0
amh_test_track_b_01401,0,0,0,0,2,0
amh_test_track_b_01402,1,0,0,0,0,0
amh_test_track_b_01403,0,0,0,0,2,0
amh_test_track_b_01404,0,0,0,0,1,0
amh_test_track_b_01405,1,2,0,0,0,0
amh_test_track_b_01406,0,0,0,0,3,0
amh_test_track_b_01407,1,0,0,0,0,0
amh_test_track_b_01408,0,0,0,1,0,0
amh_test_track_b_01409,1,0,0,0,0,0
amh_test_track_b_01410,1,1,0,0,0,0
amh_test_track_b_01411,0,0,0,0,0,0
amh_test_track_b_01412,0,0,0,1,0,0
amh_test_track_b_01413,1,0,0,0,2,0
amh_test_track_b_01414,0,0,0,0,0,0
amh_test_track_b_01415,0,0,0,0,0,0
amh_test_track_b_01416,0,0,0,2,0,0
amh_test_track_b_01417,1,1,0,0,0,0
amh_test_track_b_01418,2,0,0,0,0,0
amh_test_track_b_01419,0,0,0,0,0,0
amh_test_track_b_01420,1,0,0,0,0,0
amh_test_track_b_01421,1,1,0,0,1,0
amh_test_track_b_01422,0,2,0,0,0,0
amh_test_track_b_01423,1,1,0,0,0,0
amh_test_track_b_01424,0,0,0,0,0,0
amh_test_track_b_01425,0,1,0,0,0,0
amh_test_track_b_01426,2,0,0,0,0,0
amh_test_track_b_01427,0,0,0,1,0,0
amh_test_track_b_01428,1,0,0,0,2,0
amh_test_track_b_01429,1,2,0,0,0,0
amh_test_track_b_01430,0,0,0,0,0,0
amh_test_track_b_01431,0,0,0,0,2,0
amh_test_track_b_01432,0,0,0,0,2,0
amh_test_track_b_01433,1,2,0,0,0,0
amh_test_track_b_01434,1,2,0,0,0,0
amh_test_track_b_01435,0,0,0,0,0,0
amh_test_track_b_01436,0,0,0,0,0,0
amh_test_track_b_01437,1,0,0,0,0,1
amh_test_track_b_01438,1,1,0,0,0,0
amh_test_track_b_01439,0,0,0,0,1,0
amh_test_track_b_01440,0,0,0,0,0,0
amh_test_track_b_01441,0,0,0,0,0,1
amh_test_track_b_01442,1,1,0,0,0,0
amh_test_track_b_01443,0,0,0,0,0,0
amh_test_track_b_01444,0,0,0,1,0,1
amh_test_track_b_01445,0,0,0,1,0,0
amh_test_track_b_01446,0,0,0,0,0,0
amh_test_track_b_01447,0,0,0,0,2,0
amh_test_track_b_01448,2,0,0,0,0,0
amh_test_track_b_01449,1,2,0,0,0,0
amh_test_track_b_01450,0,0,0,1,0,1
amh_test_track_b_01451,0,2,0,0,0,0
amh_test_track_b_01452,1,2,0,0,0,0
amh_test_track_b_01453,0,2,0,0,0,0
amh_test_track_b_01454,0,1,0,0,0,0
amh_test_track_b_01455,0,0,0,0,0,0
amh_test_track_b_01456,1,2,0,0,0,0
amh_test_track_b_01457,1,0,0,0,0,0
amh_test_track_b_01458,1,1,0,0,0,0
amh_test_track_b_01459,0,0,0,0,0,0
amh_test_track_b_01460,0,0,0,0,1,0
amh_test_track_b_01461,1,2,0,0,0,0
amh_test_track_b_01462,0,0,0,0,2,0
amh_test_track_b_01463,0,0,0,0,0,0
amh_test_track_b_01464,0,2,0,0,0,0
amh_test_track_b_01465,1,1,0,0,0,0
amh_test_track_b_01466,1,0,0,0,0,0
amh_test_track_b_01467,1,0,0,0,0,0
amh_test_track_b_01468,1,2,0,0,0,0
amh_test_track_b_01469,1,1,0,0,0,0
amh_test_track_b_01470,1,1,0,0,1,0
amh_test_track_b_01471,0,3,0,0,0,0
amh_test_track_b_01472,0,0,0,2,0,0
amh_test_track_b_01473,2,2,0,0,0,0
amh_test_track_b_01474,1,0,0,0,1,0
amh_test_track_b_01475,0,1,0,0,0,0
amh_test_track_b_01476,0,0,0,0,0,0
amh_test_track_b_01477,0,0,0,0,0,0
amh_test_track_b_01478,0,0,0,0,0,0
amh_test_track_b_01479,1,2,0,0,0,0
amh_test_track_b_01480,0,0,0,0,0,0
amh_test_track_b_01481,1,2,0,0,0,0
amh_test_track_b_01482,1,0,0,0,0,0
amh_test_track_b_01483,0,0,0,0,0,0
amh_test_track_b_01484,0,0,0,0,3,0
amh_test_track_b_01485,0,0,0,0,0,0
amh_test_track_b_01486,0,0,0,0,0,0
amh_test_track_b_01487,0,0,0,0,0,1
amh_test_track_b_01488,0,0,0,0,0,0
amh_test_track_b_01489,0,1,0,0,0,0
amh_test_track_b_01490,1,0,0,0,0,0
amh_test_track_b_01491,0,0,0,0,3,0
amh_test_track_b_01492,1,1,0,0,0,0
amh_test_track_b_01493,1,0,0,0,0,0
amh_test_track_b_01494,2,0,0,0,1,0
amh_test_track_b_01495,0,0,0,3,3,0
amh_test_track_b_01496,0,2,0,0,0,0
amh_test_track_b_01497,1,0,0,0,0,0
amh_test_track_b_01498,0,0,0,2,0,0
amh_test_track_b_01499,1,0,0,0,2,0
amh_test_track_b_01500,0,0,0,3,0,0
amh_test_track_b_01501,0,0,0,0,0,0
amh_test_track_b_01502,0,0,0,0,0,1
amh_test_track_b_01503,0,0,0,0,0,0
amh_test_track_b_01504,1,0,0,0,2,0
amh_test_track_b_01505,0,0,0,0,1,0
amh_test_track_b_01506,0,1,0,0,0,0
amh_test_track_b_01507,1,0,0,0,0,0
amh_test_track_b_01508,0,0,0,0,0,0
amh_test_track_b_01509,0,1,0,0,0,0
amh_test_track_b_01510,1,1,0,0,0,0
amh_test_track_b_01511,0,0,0,1,0,0
amh_test_track_b_01512,0,0,0,0,0,0
amh_test_track_b_01513,0,0,0,1,0,0
amh_test_track_b_01514,1,2,0,0,0,0
amh_test_track_b_01515,1,0,0,0,0,0
amh_test_track_b_01516,1,0,0,0,1,0
amh_test_track_b_01517,2,2,0,0,0,0
amh_test_track_b_01518,0,0,0,0,3,0
amh_test_track_b_01519,0,0,0,0,1,0
amh_test_track_b_01520,0,0,0,0,1,0
amh_test_track_b_01521,1,2,0,0,0,0
amh_test_track_b_01522,0,0,0,0,0,0
amh_test_track_b_01523,0,0,0,0,0,0
amh_test_track_b_01524,0,0,0,0,0,0
amh_test_track_b_01525,0,0,0,0,0,0
amh_test_track_b_01526,0,0,0,0,0,0
amh_test_track_b_01527,0,0,1,0,0,0
amh_test_track_b_01528,0,0,0,0,0,0
amh_test_track_b_01529,0,0,0,0,1,0
amh_test_track_b_01530,0,0,0,2,0,0
amh_test_track_b_01531,0,0,0,0,3,0
amh_test_track_b_01532,0,0,0,2,0,0
amh_test_track_b_01533,1,0,0,0,0,0
amh_test_track_b_01534,0,0,0,0,0,0
amh_test_track_b_01535,1,1,0,0,0,0
amh_test_track_b_01536,0,0,0,0,2,0
amh_test_track_b_01537,0,0,0,1,0,0
amh_test_track_b_01538,0,0,0,1,0,0
amh_test_track_b_01539,0,0,0,0,2,0
amh_test_track_b_01540,2,2,0,0,0,0
amh_test_track_b_01541,0,0,0,2,0,0
amh_test_track_b_01542,1,1,0,0,0,0
amh_test_track_b_01543,0,0,0,0,0,0
amh_test_track_b_01544,0,0,1,0,0,0
amh_test_track_b_01545,0,0,0,0,3,0
amh_test_track_b_01546,0,0,0,0,2,0
amh_test_track_b_01547,0,0,0,0,2,0
amh_test_track_b_01548,0,0,0,0,0,0
amh_test_track_b_01549,0,0,0,0,0,0
amh_test_track_b_01550,0,0,0,1,0,0
amh_test_track_b_01551,1,0,0,0,0,0
amh_test_track_b_01552,2,2,0,0,0,0
amh_test_track_b_01553,0,0,0,2,0,0
amh_test_track_b_01554,0,0,0,0,0,0
amh_test_track_b_01555,0,0,0,0,0,0
amh_test_track_b_01556,0,0,0,2,0,0
amh_test_track_b_01557,1,1,0,0,0,0
amh_test_track_b_01558,0,1,0,0,0,1
amh_test_track_b_01559,0,0,0,0,0,0
amh_test_track_b_01560,0,0,0,0,0,0
amh_test_track_b_01561,0,0,0,0,0,1
amh_test_track_b_01562,0,0,0,2,0,0
amh_test_track_b_01563,1,0,0,0,1,0
amh_test_track_b_01564,0,0,0,2,0,0
amh_test_track_b_01565,0,0,0,0,0,0
amh_test_track_b_01566,0,0,0,0,0,0
amh_test_track_b_01567,0,0,1,0,0,0
amh_test_track_b_01568,0,0,0,0,0,0
amh_test_track_b_01569,0,0,0,0,0,0
amh_test_track_b_01570,1,0,0,0,1,0
amh_test_track_b_01571,1,0,0,0,0,0
amh_test_track_b_01572,1,2,0,0,0,0
amh_test_track_b_01573,1,0,0,0,0,0
amh_test_track_b_01574,0,2,0,0,0,1
amh_test_track_b_01575,0,0,0,0,2,0
amh_test_track_b_01576,0,0,0,0,0,0
amh_test_track_b_01577,0,0,0,0,0,0
amh_test_track_b_01578,1,1,0,0,0,0
amh_test_track_b_01579,0,0,0,0,2,0
amh_test_track_b_01580,2,0,0,0,0,0
amh_test_track_b_01581,0,0,0,0,2,0
amh_test_track_b_01582,2,1,0,0,0,0
amh_test_track_b_01583,1,2,0,0,0,0
amh_test_track_b_01584,1,0,0,0,0,0
amh_test_track_b_01585,1,2,0,0,0,0
amh_test_track_b_01586,0,0,0,2,0,0
amh_test_track_b_01587,0,0,0,0,0,0
amh_test_track_b_01588,1,0,0,0,0,0
amh_test_track_b_01589,0,2,0,0,0,0
amh_test_track_b_01590,0,2,0,0,0,0
amh_test_track_b_01591,0,0,0,1,0,0
amh_test_track_b_01592,0,0,0,0,1,0
amh_test_track_b_01593,0,0,0,0,0,0
amh_test_track_b_01594,1,2,0,0,0,0
amh_test_track_b_01595,0,0,0,0,0,0
amh_test_track_b_01596,0,0,0,0,0,1
amh_test_track_b_01597,0,0,0,1,0,0
amh_test_track_b_01598,0,0,0,2,0,0
amh_test_track_b_01599,0,0,0,2,0,0
amh_test_track_b_01600,1,2,0,0,0,0
amh_test_track_b_01601,1,1,0,0,0,0
amh_test_track_b_01602,1,0,0,0,0,0
amh_test_track_b_01603,0,1,0,0,0,0
amh_test_track_b_01604,1,1,0,0,0,0
amh_test_track_b_01605,1,1,0,0,0,0
amh_test_track_b_01606,1,1,0,0,0,0
amh_test_track_b_01607,1,0,0,0,0,0
amh_test_track_b_01608,0,0,0,0,1,0
amh_test_track_b_01609,1,1,0,0,0,0
amh_test_track_b_01610,1,0,0,0,0,0
amh_test_track_b_01611,0,0,0,2,0,0
amh_test_track_b_01612,1,2,0,0,0,0
amh_test_track_b_01613,1,1,0,0,0,0
amh_test_track_b_01614,2,1,0,0,0,0
amh_test_track_b_01615,1,0,0,0,0,0
amh_test_track_b_01616,0,0,0,0,0,0
amh_test_track_b_01617,1,2,0,0,0,0
amh_test_track_b_01618,1,1,0,0,0,0
amh_test_track_b_01619,0,2,0,0,0,0
amh_test_track_b_01620,1,2,0,0,0,0
amh_test_track_b_01621,2,1,0,0,0,0
amh_test_track_b_01622,0,0,0,0,3,0
amh_test_track_b_01623,0,1,0,0,0,0
amh_test_track_b_01624,0,0,0,0,0,0
amh_test_track_b_01625,1,2,0,0,0,0
amh_test_track_b_01626,0,0,0,0,1,0
amh_test_track_b_01627,0,0,0,0,0,0
amh_test_track_b_01628,1,2,0,0,0,0
amh_test_track_b_01629,0,0,0,0,0,0
amh_test_track_b_01630,0,0,0,0,2,0
amh_test_track_b_01631,0,0,0,0,2,0
amh_test_track_b_01632,0,0,0,0,0,0
amh_test_track_b_01633,0,0,0,0,3,0
amh_test_track_b_01634,0,0,0,2,0,0
amh_test_track_b_01635,1,2,0,0,0,0
amh_test_track_b_01636,1,2,0,0,0,0
amh_test_track_b_01637,0,0,0,0,0,0
amh_test_track_b_01638,0,0,0,2,0,0
amh_test_track_b_01639,1,2,0,0,0,0
amh_test_track_b_01640,0,0,0,0,0,0
amh_test_track_b_01641,0,0,0,1,0,0
amh_test_track_b_01642,0,0,0,0,0,0
amh_test_track_b_01643,0,0,0,0,2,0
amh_test_track_b_01644,1,2,0,0,0,0
amh_test_track_b_01645,0,1,0,0,0,0
amh_test_track_b_01646,0,0,0,0,0,0
amh_test_track_b_01647,0,0,0,2,0,0
amh_test_track_b_01648,1,2,0,0,0,0
amh_test_track_b_01649,0,0,0,0,0,0
amh_test_track_b_01650,1,1,0,0,0,0
amh_test_track_b_01651,0,0,0,2,0,0
amh_test_track_b_01652,0,0,0,1,0,0
amh_test_track_b_01653,0,0,0,0,0,0
amh_test_track_b_01654,0,2,0,0,0,0
amh_test_track_b_01655,0,3,0,0,0,0
amh_test_track_b_01656,0,0,0,0,0,1
amh_test_track_b_01657,0,0,0,0,0,0
amh_test_track_b_01658,1,2,0,0,0,0
amh_test_track_b_01659,1,0,0,0,0,0
amh_test_track_b_01660,1,2,0,0,0,0
amh_test_track_b_01661,0,0,0,0,0,0
amh_test_track_b_01662,0,0,0,3,0,0
amh_test_track_b_01663,2,1,0,0,0,0
amh_test_track_b_01664,0,2,0,0,1,0
amh_test_track_b_01665,1,0,0,0,1,0
amh_test_track_b_01666,1,0,0,0,0,0
amh_test_track_b_01667,0,0,0,2,0,0
amh_test_track_b_01668,0,0,0,0,0,0
amh_test_track_b_01669,0,0,0,0,3,0
amh_test_track_b_01670,0,0,0,0,0,0
amh_test_track_b_01671,0,0,0,0,0,0
amh_test_track_b_01672,1,2,0,0,0,0
amh_test_track_b_01673,1,2,0,0,0,0
amh_test_track_b_01674,0,0,0,0,2,0
amh_test_track_b_01675,0,0,0,0,0,0
amh_test_track_b_01676,0,0,0,1,0,0
amh_test_track_b_01677,1,2,0,0,0,0
amh_test_track_b_01678,0,0,0,0,0,0
amh_test_track_b_01679,1,2,0,0,0,0
amh_test_track_b_01680,1,0,0,0,0,0
amh_test_track_b_01681,1,0,0,0,1,0
amh_test_track_b_01682,0,0,0,0,0,0
amh_test_track_b_01683,1,0,0,0,0,0
amh_test_track_b_01684,0,0,0,0,0,0
amh_test_track_b_01685,0,0,0,0,0,0
amh_test_track_b_01686,1,2,0,0,1,0
amh_test_track_b_01687,1,1,0,0,0,0
amh_test_track_b_01688,0,0,0,0,0,0
amh_test_track_b_01689,0,0,0,0,3,0
amh_test_track_b_01690,1,0,0,0,0,0
amh_test_track_b_01691,0,0,0,0,0,1
amh_test_track_b_01692,0,0,0,0,0,0
amh_test_track_b_01693,0,0,0,0,3,0
amh_test_track_b_01694,0,0,0,0,3,0
amh_test_track_b_01695,0,2,0,0,0,0
amh_test_track_b_01696,0,0,0,0,2,0
amh_test_track_b_01697,0,1,0,0,0,0
amh_test_track_b_01698,0,0,0,2,0,0
amh_test_track_b_01699,1,0,0,0,1,0
amh_test_track_b_01700,1,1,0,0,0,0
amh_test_track_b_01701,0,0,0,0,0,0
amh_test_track_b_01702,0,0,0,1,0,0
amh_test_track_b_01703,0,0,0,0,0,0
amh_test_track_b_01704,0,0,0,0,0,0
amh_test_track_b_01705,1,0,0,0,1,0
amh_test_track_b_01706,2,2,0,0,0,0
amh_test_track_b_01707,0,0,0,0,3,0
amh_test_track_b_01708,0,0,0,0,0,0
amh_test_track_b_01709,0,0,0,0,1,0
amh_test_track_b_01710,0,1,0,0,0,0
amh_test_track_b_01711,0,0,0,2,0,0
amh_test_track_b_01712,1,0,0,0,0,0
amh_test_track_b_01713,1,0,0,0,0,0
amh_test_track_b_01714,0,0,0,2,0,0
amh_test_track_b_01715,1,0,0,0,2,0
amh_test_track_b_01716,0,0,0,1,0,0
amh_test_track_b_01717,0,0,0,0,1,0
amh_test_track_b_01718,0,0,0,0,2,0
amh_test_track_b_01719,1,2,0,0,0,0
amh_test_track_b_01720,0,0,0,0,0,0
amh_test_track_b_01721,0,0,0,2,0,0
amh_test_track_b_01722,1,2,0,0,0,0
amh_test_track_b_01723,1,2,0,0,0,0
amh_test_track_b_01724,0,0,0,0,0,0
amh_test_track_b_01725,1,0,0,0,2,0
amh_test_track_b_01726,0,0,0,0,0,0
amh_test_track_b_01727,0,0,0,0,2,0
amh_test_track_b_01728,1,2,0,0,0,0
amh_test_track_b_01729,0,0,0,0,0,0
amh_test_track_b_01730,1,1,0,0,0,0
amh_test_track_b_01731,1,0,0,0,0,0
amh_test_track_b_01732,0,0,2,0,0,0
amh_test_track_b_01733,2,0,0,0,0,0
amh_test_track_b_01734,0,0,0,0,0,0
amh_test_track_b_01735,0,1,0,0,0,0
amh_test_track_b_01736,0,0,0,0,1,0
amh_test_track_b_01737,0,2,0,0,0,0
amh_test_track_b_01738,0,0,0,0,0,0
amh_test_track_b_01739,1,1,0,0,0,0
amh_test_track_b_01740,1,2,0,0,0,0
amh_test_track_b_01741,1,1,0,0,0,0
amh_test_track_b_01742,0,0,0,1,0,0
amh_test_track_b_01743,0,0,0,0,0,0
amh_test_track_b_01744,1,2,0,0,0,0
amh_test_track_b_01745,1,0,0,0,1,0
amh_test_track_b_01746,1,0,0,0,1,0
amh_test_track_b_01747,0,0,0,0,0,0
amh_test_track_b_01748,1,2,0,0,0,0
amh_test_track_b_01749,1,0,0,0,1,0
amh_test_track_b_01750,0,0,0,0,0,0
amh_test_track_b_01751,0,1,0,0,0,0
amh_test_track_b_01752,0,0,0,2,0,0
amh_test_track_b_01753,0,0,0,0,2,0
amh_test_track_b_01754,0,0,0,0,2,0
amh_test_track_b_01755,1,1,0,0,0,0
amh_test_track_b_01756,0,0,0,0,1,0
amh_test_track_b_01757,0,2,0,0,0,0
amh_test_track_b_01758,0,0,0,2,0,0
amh_test_track_b_01759,0,0,0,0,3,0
amh_test_track_b_01760,1,2,0,0,0,0
amh_test_track_b_01761,0,0,1,0,0,0
amh_test_track_b_01762,0,0,0,0,0,0
amh_test_track_b_01763,0,0,0,0,0,0
amh_test_track_b_01764,0,0,1,0,1,0
amh_test_track_b_01765,1,1,0,0,0,0
amh_test_track_b_01766,1,1,0,0,0,0
amh_test_track_b_01767,0,0,0,0,0,0
amh_test_track_b_01768,1,1,0,0,0,0
amh_test_track_b_01769,0,2,0,0,0,0
amh_test_track_b_01770,0,0,0,0,3,0
amh_test_track_b_01771,0,0,0,0,0,0
amh_test_track_b_01772,1,2,0,0,0,0
amh_test_track_b_01773,0,0,0,0,2,0
amh_test_track_b_01774,0,0,0,0,0,0
